Using pre-set license
Built from '2022.3/staging' branch; Version is '2022.3.43f1 (85497d293fa1) revision 8735101'; Using compiler version '192829333'; Build Type 'Release'
OS: 'Windows 10  (10.0.19045) 64bit Core' Language: 'en' Physical Memory: 64683 MB
BatchMode: 1, IsHumanControllingUs: 0, StartBugReporterOnCrash: 0, Is64bit: 1, IsPro: 1

COMMAND LINE ARGUMENTS:
C:\Program Files\Unity\Hub\Editor\2022.3.43f1\Editor\Unity.exe
-adb2
-batchMode
-noUpm
-name
AssetImportWorker4
-projectPath
C:/Users/Jatin/Documents/GitHub/119-personal-repo/03c+Final Project/Burn in Hell
-logFile
Logs/AssetImportWorker4.log
-srvPort
53815
Successfully changed project path to: C:/Users/Jatin/Documents/GitHub/119-personal-repo/03c+Final Project/Burn in Hell
C:/Users/Jatin/Documents/GitHub/119-personal-repo/03c+Final Project/Burn in Hell
[UnityMemory] Configuration Parameters - Can be set up in boot.config
    "memorysetup-bucket-allocator-granularity=16"
    "memorysetup-bucket-allocator-bucket-count=8"
    "memorysetup-bucket-allocator-block-size=33554432"
    "memorysetup-bucket-allocator-block-count=8"
    "memorysetup-main-allocator-block-size=16777216"
    "memorysetup-thread-allocator-block-size=16777216"
    "memorysetup-gfx-main-allocator-block-size=16777216"
    "memorysetup-gfx-thread-allocator-block-size=16777216"
    "memorysetup-cache-allocator-block-size=4194304"
    "memorysetup-typetree-allocator-block-size=2097152"
    "memorysetup-profiler-bucket-allocator-granularity=16"
    "memorysetup-profiler-bucket-allocator-bucket-count=8"
    "memorysetup-profiler-bucket-allocator-block-size=33554432"
    "memorysetup-profiler-bucket-allocator-block-count=8"
    "memorysetup-profiler-allocator-block-size=16777216"
    "memorysetup-profiler-editor-allocator-block-size=1048576"
    "memorysetup-temp-allocator-size-main=16777216"
    "memorysetup-job-temp-allocator-block-size=2097152"
    "memorysetup-job-temp-allocator-block-size-background=1048576"
    "memorysetup-job-temp-allocator-reduction-small-platforms=262144"
    "memorysetup-allocator-temp-initial-block-size-main=262144"
    "memorysetup-allocator-temp-initial-block-size-worker=262144"
    "memorysetup-temp-allocator-size-background-worker=32768"
    "memorysetup-temp-allocator-size-job-worker=262144"
    "memorysetup-temp-allocator-size-preload-manager=33554432"
    "memorysetup-temp-allocator-size-nav-mesh-worker=65536"
    "memorysetup-temp-allocator-size-audio-worker=65536"
    "memorysetup-temp-allocator-size-cloud-worker=32768"
    "memorysetup-temp-allocator-size-gi-baking-worker=262144"
    "memorysetup-temp-allocator-size-gfx=262144"
Player connection [55136]  Target information:

Player connection [55136]  * "[IP] 192.168.86.37 [Port] 0 [Flags] 2 [Guid] 979492820 [EditorId] 979492820 [Version] 1048832 [Id] WindowsEditor(7,DESKTOP-L5QIT3H) [Debug] 1 [PackageName] WindowsEditor [ProjectName] Editor" 

Player connection [55136] Host joined multi-casting on [225.0.0.222:54997]...
Player connection [55136] Host joined alternative multi-casting on [225.0.0.222:34997]...
[PhysX] Initialized MultithreadedTaskDispatcher with 12 workers.
Refreshing native plugins compatible for Editor in 167.18 ms, found 4 plugins.
Preloading 0 native plugins for Editor in 0.00 ms.
Initialize engine version: 2022.3.43f1 (85497d293fa1)
[Subsystems] Discovering subsystems at path C:/Program Files/Unity/Hub/Editor/2022.3.43f1/Editor/Data/Resources/UnitySubsystems
[Subsystems] Discovering subsystems at path C:/Users/Jatin/Documents/GitHub/119-personal-repo/03c+Final Project/Burn in Hell/Assets
GfxDevice: creating device client; threaded=0; jobified=0
Direct3D:
    Version:  Direct3D 11.0 [level 11.1]
    Renderer: NVIDIA GeForce RTX 4070 Ti SUPER (ID=0x2705)
    Vendor:   NVIDIA
    VRAM:     16063 MB
    Driver:   32.0.15.7628
Initialize mono
Mono path[0] = 'C:/Program Files/Unity/Hub/Editor/2022.3.43f1/Editor/Data/Managed'
Mono path[1] = 'C:/Program Files/Unity/Hub/Editor/2022.3.43f1/Editor/Data/MonoBleedingEdge/lib/mono/unityjit-win32'
Mono config path = 'C:/Program Files/Unity/Hub/Editor/2022.3.43f1/Editor/Data/MonoBleedingEdge/etc'
Using monoOptions --debugger-agent=transport=dt_socket,embedding=1,server=y,suspend=n,address=127.0.0.1:56544
Begin MonoManager ReloadAssembly
Registering precompiled unity dll's ...
Register platform support module: C:/Program Files/Unity/Hub/Editor/2022.3.43f1/Editor/Data/PlaybackEngines/WindowsStandaloneSupport/UnityEditor.WindowsStandalone.Extensions.dll
Registered in 0.008059 seconds.
- Loaded All Assemblies, in  0.618 seconds
Native extension for WindowsStandalone target not found
Mono: successfully reloaded assembly
- Finished resetting the current domain, in  0.174 seconds
Domain Reload Profiling: 790ms
	BeginReloadAssembly (75ms)
		ExecutionOrderSort (0ms)
		DisableScriptedObjects (0ms)
		BackupInstance (0ms)
		ReleaseScriptingObjects (0ms)
		CreateAndSetChildDomain (1ms)
	RebuildCommonClasses (122ms)
	RebuildNativeTypeToScriptingClass (8ms)
	initialDomainReloadingComplete (44ms)
	LoadAllAssembliesAndSetupDomain (366ms)
		LoadAssemblies (73ms)
		RebuildTransferFunctionScriptingTraits (0ms)
		AnalyzeDomain (365ms)
			TypeCache.Refresh (364ms)
				TypeCache.ScanAssembly (355ms)
			ScanForSourceGeneratedMonoScriptInfo (0ms)
			ResolveRequiredComponents (0ms)
	FinalizeReload (174ms)
		ReleaseScriptCaches (0ms)
		RebuildScriptCaches (0ms)
		SetupLoadedEditorAssemblies (146ms)
			LogAssemblyErrors (0ms)
			InitializePlatformSupportModulesInManaged (8ms)
			SetLoadedEditorAssemblies (5ms)
			RefreshPlugins (0ms)
			BeforeProcessingInitializeOnLoad (1ms)
			ProcessInitializeOnLoadAttributes (94ms)
			ProcessInitializeOnLoadMethodAttributes (37ms)
			AfterProcessingInitializeOnLoad (0ms)
			EditorAssembliesLoaded (0ms)
		ExecutionOrderSort2 (0ms)
		AwakeInstancesAfterBackupRestoration (0ms)
========================================================================
Worker process is ready to serve import requests
Caller must complete domain reload
Begin MonoManager ReloadAssembly
- Loaded All Assemblies, in  0.602 seconds
Native extension for WindowsStandalone target not found
Mono: successfully reloaded assembly
- Finished resetting the current domain, in  0.510 seconds
Domain Reload Profiling: 1108ms
	BeginReloadAssembly (108ms)
		ExecutionOrderSort (0ms)
		DisableScriptedObjects (4ms)
		BackupInstance (0ms)
		ReleaseScriptingObjects (0ms)
		CreateAndSetChildDomain (18ms)
	RebuildCommonClasses (25ms)
	RebuildNativeTypeToScriptingClass (7ms)
	initialDomainReloadingComplete (32ms)
	LoadAllAssembliesAndSetupDomain (425ms)
		LoadAssemblies (252ms)
		RebuildTransferFunctionScriptingTraits (0ms)
		AnalyzeDomain (233ms)
			TypeCache.Refresh (204ms)
				TypeCache.ScanAssembly (141ms)
			ScanForSourceGeneratedMonoScriptInfo (21ms)
			ResolveRequiredComponents (7ms)
	FinalizeReload (510ms)
		ReleaseScriptCaches (0ms)
		RebuildScriptCaches (0ms)
		SetupLoadedEditorAssemblies (398ms)
			LogAssemblyErrors (0ms)
			InitializePlatformSupportModulesInManaged (5ms)
			SetLoadedEditorAssemblies (2ms)
			RefreshPlugins (0ms)
			BeforeProcessingInitializeOnLoad (69ms)
			ProcessInitializeOnLoadAttributes (255ms)
			ProcessInitializeOnLoadMethodAttributes (58ms)
			AfterProcessingInitializeOnLoad (7ms)
			EditorAssembliesLoaded (0ms)
		ExecutionOrderSort2 (0ms)
		AwakeInstancesAfterBackupRestoration (5ms)
Launched and connected shader compiler UnityShaderCompiler.exe after 0.12 seconds
Refreshing native plugins compatible for Editor in 7.16 ms, found 4 plugins.
Preloading 0 native plugins for Editor in 0.00 ms.
Unloading 6244 Unused Serialized files (Serialized files now loaded: 0)
Unloading 97 unused Assets / (3.8 MB). Loaded Objects now: 6661.
Memory consumption went from 228.5 MB to 224.7 MB.
Total: 4.479000 ms (FindLiveObjects: 0.558700 ms CreateObjectMapping: 0.150000 ms MarkObjects: 2.250900 ms  DeleteObjects: 1.518800 ms)

AssetImportParameters requested are different than current active one (requested -> active):
  custom:container-demuxer-ogg: 62fdf1f143b41e24485cea50d1cbac27 -> 
  custom:video-decoder-ogg-theora: a1e56fd34408186e4bbccfd4996cb3dc -> 
  custom:framework-win-MediaFoundation: 216162199b28c13a410421893ffa2e32 -> 
  custom:CustomObjectIndexerAttribute: 72b91833f83ae208fae7752999fa3104 -> 
  custom:container-demuxer-webm: 4f35f7cbe854078d1ac9338744f61a02 -> 
  custom:container-muxer-webm: aa71ff27fc2769a1b78a27578f13a17b -> 
  custom:video-decoder-webm-vp8: 9c59270c3fd7afecdb556c50c9e8de78 -> 
  custom:SearchIndexIgnoredProperties: e643bd26f0fe6173181afceb89e7c659 -> 
  custom:AudioImporter_EditorPlatform: d09bf68614088b80899f8185d706f6e7 -> 
  custom:scripting/monoscript/fileName/StartButtonPress.cs: 171652a4042feb5894da6f28cd16f8b1 -> 
  custom:video-encoder-webm-vp8: eb34c28f22e8b96e1ab97ce403110664 -> 
  custom:audio-decoder-ogg-vorbis: bf7c407c2cedff20999df2af8eb42d56 -> 
  custom:audio-encoder-webm-vorbis: bf7c407c2cedff20999df2af8eb42d56 -> 
========================================================================
Received Prepare
Caller must complete domain reload
Begin MonoManager ReloadAssembly
- Loaded All Assemblies, in  0.966 seconds
Native extension for WindowsStandalone target not found
Mono: successfully reloaded assembly
- Finished resetting the current domain, in  0.552 seconds
Domain Reload Profiling: 1515ms
	BeginReloadAssembly (705ms)
		ExecutionOrderSort (0ms)
		DisableScriptedObjects (578ms)
		BackupInstance (0ms)
		ReleaseScriptingObjects (0ms)
		CreateAndSetChildDomain (38ms)
	RebuildCommonClasses (23ms)
	RebuildNativeTypeToScriptingClass (9ms)
	initialDomainReloadingComplete (24ms)
	LoadAllAssembliesAndSetupDomain (202ms)
		LoadAssemblies (244ms)
		RebuildTransferFunctionScriptingTraits (0ms)
		AnalyzeDomain (15ms)
			TypeCache.Refresh (4ms)
				TypeCache.ScanAssembly (0ms)
			ScanForSourceGeneratedMonoScriptInfo (0ms)
			ResolveRequiredComponents (10ms)
	FinalizeReload (552ms)
		ReleaseScriptCaches (0ms)
		RebuildScriptCaches (0ms)
		SetupLoadedEditorAssemblies (397ms)
			LogAssemblyErrors (0ms)
			InitializePlatformSupportModulesInManaged (6ms)
			SetLoadedEditorAssemblies (2ms)
			RefreshPlugins (0ms)
			BeforeProcessingInitializeOnLoad (77ms)
			ProcessInitializeOnLoadAttributes (247ms)
			ProcessInitializeOnLoadMethodAttributes (56ms)
			AfterProcessingInitializeOnLoad (8ms)
			EditorAssembliesLoaded (0ms)
		ExecutionOrderSort2 (0ms)
		AwakeInstancesAfterBackupRestoration (11ms)
Refreshing native plugins compatible for Editor in 9.03 ms, found 4 plugins.
Preloading 0 native plugins for Editor in 0.00 ms.
Unloading 6130 Unused Serialized files (Serialized files now loaded: 0)
Unloading 72 unused Assets / (3.7 MB). Loaded Objects now: 6679.
Memory consumption went from 211.3 MB to 207.6 MB.
Total: 7.393600 ms (FindLiveObjects: 0.706900 ms CreateObjectMapping: 0.177500 ms MarkObjects: 4.582800 ms  DeleteObjects: 1.925100 ms)

Prepare: number of updated asset objects reloaded= 0
AssetImportParameters requested are different than current active one (requested -> active):
  custom:container-demuxer-ogg: 62fdf1f143b41e24485cea50d1cbac27 -> 
  custom:video-decoder-ogg-theora: a1e56fd34408186e4bbccfd4996cb3dc -> 
  custom:framework-win-MediaFoundation: 216162199b28c13a410421893ffa2e32 -> 
  custom:CustomObjectIndexerAttribute: 72b91833f83ae208fae7752999fa3104 -> 
  custom:container-demuxer-webm: 4f35f7cbe854078d1ac9338744f61a02 -> 
  custom:container-muxer-webm: aa71ff27fc2769a1b78a27578f13a17b -> 
  custom:video-decoder-webm-vp8: 9c59270c3fd7afecdb556c50c9e8de78 -> 
  custom:SearchIndexIgnoredProperties: e643bd26f0fe6173181afceb89e7c659 -> 
  custom:AudioImporter_EditorPlatform: d09bf68614088b80899f8185d706f6e7 -> 
  custom:scripting/monoscript/fileName/StartButtonPress.cs: 171652a4042feb5894da6f28cd16f8b1 -> 
  custom:video-encoder-webm-vp8: eb34c28f22e8b96e1ab97ce403110664 -> 
  custom:audio-decoder-ogg-vorbis: bf7c407c2cedff20999df2af8eb42d56 -> 
  custom:audio-encoder-webm-vorbis: bf7c407c2cedff20999df2af8eb42d56 -> 
========================================================================
Received Import Request.
  Time since last request: 93981.402345 seconds.
  path: Assets/Scripts/UI/ButtonPressFunctions.cs
  artifactKey: Guid(37e09cf371a0bc144a0f5fbb572c9d2f) Importer(815301076,1909f56bfc062723c751e8b465ee728b)
Start importing Assets/Scripts/UI/ButtonPressFunctions.cs using Guid(37e09cf371a0bc144a0f5fbb572c9d2f) Importer(815301076,1909f56bfc062723c751e8b465ee728b) [PhysX] Initialized MultithreadedTaskDispatcher with 12 workers.
 -> (artifact id: 'fd8d62f5b31722aef0424fba3e0dce9c') in 0.001597 seconds
Number of updated asset objects reloaded before import = 0
Number of asset objects unloaded after import = 0
========================================================================
Received Import Request.
  Time since last request: 14.549801 seconds.
  path: Assets/Scripts/UI/ButtonPressFunctions.cs
  artifactKey: Guid(37e09cf371a0bc144a0f5fbb572c9d2f) Importer(815301076,1909f56bfc062723c751e8b465ee728b)
Start importing Assets/Scripts/UI/ButtonPressFunctions.cs using Guid(37e09cf371a0bc144a0f5fbb572c9d2f) Importer(815301076,1909f56bfc062723c751e8b465ee728b) [PhysX] Initialized MultithreadedTaskDispatcher with 12 workers.
 -> (artifact id: '2503be4053483f3628d5269add79431b') in 0.000504 seconds
Number of updated asset objects reloaded before import = 0
Number of asset objects unloaded after import = 0
========================================================================
Received Prepare
Caller must complete domain reload
Begin MonoManager ReloadAssembly
- Loaded All Assemblies, in  0.393 seconds
Native extension for WindowsStandalone target not found
Mono: successfully reloaded assembly
- Finished resetting the current domain, in  1.102 seconds
Domain Reload Profiling: 1490ms
	BeginReloadAssembly (123ms)
		ExecutionOrderSort (0ms)
		DisableScriptedObjects (7ms)
		BackupInstance (0ms)
		ReleaseScriptingObjects (0ms)
		CreateAndSetChildDomain (31ms)
	RebuildCommonClasses (24ms)
	RebuildNativeTypeToScriptingClass (8ms)
	initialDomainReloadingComplete (25ms)
	LoadAllAssembliesAndSetupDomain (208ms)
		LoadAssemblies (231ms)
		RebuildTransferFunctionScriptingTraits (0ms)
		AnalyzeDomain (34ms)
			TypeCache.Refresh (9ms)
				TypeCache.ScanAssembly (1ms)
			ScanForSourceGeneratedMonoScriptInfo (16ms)
			ResolveRequiredComponents (8ms)
	FinalizeReload (1103ms)
		ReleaseScriptCaches (0ms)
		RebuildScriptCaches (0ms)
		SetupLoadedEditorAssemblies (391ms)
			LogAssemblyErrors (0ms)
			InitializePlatformSupportModulesInManaged (5ms)
			SetLoadedEditorAssemblies (2ms)
			RefreshPlugins (0ms)
			BeforeProcessingInitializeOnLoad (81ms)
			ProcessInitializeOnLoadAttributes (240ms)
			ProcessInitializeOnLoadMethodAttributes (54ms)
			AfterProcessingInitializeOnLoad (8ms)
			EditorAssembliesLoaded (0ms)
		ExecutionOrderSort2 (0ms)
		AwakeInstancesAfterBackupRestoration (11ms)
Refreshing native plugins compatible for Editor in 9.24 ms, found 4 plugins.
Preloading 0 native plugins for Editor in 0.00 ms.
Unloading 6130 Unused Serialized files (Serialized files now loaded: 0)
Unloading 72 unused Assets / (3.8 MB). Loaded Objects now: 6696.
Memory consumption went from 211.4 MB to 207.6 MB.
Total: 5.542000 ms (FindLiveObjects: 0.520200 ms CreateObjectMapping: 0.149300 ms MarkObjects: 2.990600 ms  DeleteObjects: 1.880600 ms)

Prepare: number of updated asset objects reloaded= 0
AssetImportParameters requested are different than current active one (requested -> active):
  custom:container-demuxer-ogg: 62fdf1f143b41e24485cea50d1cbac27 -> 
  custom:video-decoder-ogg-theora: a1e56fd34408186e4bbccfd4996cb3dc -> 
  custom:framework-win-MediaFoundation: 216162199b28c13a410421893ffa2e32 -> 
  custom:CustomObjectIndexerAttribute: 72b91833f83ae208fae7752999fa3104 -> 
  custom:container-demuxer-webm: 4f35f7cbe854078d1ac9338744f61a02 -> 
  custom:container-muxer-webm: aa71ff27fc2769a1b78a27578f13a17b -> 
  custom:video-decoder-webm-vp8: 9c59270c3fd7afecdb556c50c9e8de78 -> 
  custom:SearchIndexIgnoredProperties: e643bd26f0fe6173181afceb89e7c659 -> 
  custom:AudioImporter_EditorPlatform: d09bf68614088b80899f8185d706f6e7 -> 
  custom:scripting/monoscript/fileName/StartButtonPress.cs: 171652a4042feb5894da6f28cd16f8b1 -> 
  custom:video-encoder-webm-vp8: eb34c28f22e8b96e1ab97ce403110664 -> 
  custom:audio-decoder-ogg-vorbis: bf7c407c2cedff20999df2af8eb42d56 -> 
  custom:scripting/monoscript/fileName/ButtonPressFunctions.cs: c69da298dc560d263b739d349aab1bd5 -> 171652a4042feb5894da6f28cd16f8b1
  custom:audio-encoder-webm-vorbis: bf7c407c2cedff20999df2af8eb42d56 -> 
  custom:scripting/precompiled-assembly-types:Assembly-CSharp: da2faec38cfe09edcaae453f2528722b -> 19f9d2651501b7bdb41169eb49716a0a
========================================================================
Received Import Request.
  Time since last request: 15.650544 seconds.
  path: Assets/Prefabs/Button.prefab
  artifactKey: Guid(7177f94ecf0cf1043a4790c439edbad6) Importer(815301076,1909f56bfc062723c751e8b465ee728b)
Start importing Assets/Prefabs/Button.prefab using Guid(7177f94ecf0cf1043a4790c439edbad6) Importer(815301076,1909f56bfc062723c751e8b465ee728b) [PhysX] Initialized MultithreadedTaskDispatcher with 12 workers.
 -> (artifact id: 'a3a2bc918d89998b4206ce0fa6a7a5c0') in 0.001811 seconds
Number of updated asset objects reloaded before import = 0
Number of asset objects unloaded after import = 0
========================================================================
Received Import Request.
  Time since last request: 6.645696 seconds.
  path: Assets/Tutorials/Playtest/1 Playtest.asset
  artifactKey: Guid(51a83f21771aa4bb4b864e90bc79aeab) Importer(815301076,1909f56bfc062723c751e8b465ee728b)
Start importing Assets/Tutorials/Playtest/1 Playtest.asset using Guid(51a83f21771aa4bb4b864e90bc79aeab) Importer(815301076,1909f56bfc062723c751e8b465ee728b) [PhysX] Initialized MultithreadedTaskDispatcher with 12 workers.
 -> (artifact id: '866e974cb3673e30dcd1dbfdf19f3399') in 0.100609 seconds
Number of updated asset objects reloaded before import = 0
Number of asset objects unloaded after import = 136
========================================================================
Received Import Request.
  Time since last request: 0.000012 seconds.
  path: Assets/Tutorials/EditColors/3 EditColors.asset
  artifactKey: Guid(5d0306ad1c1d347ed8eb91190a9e45c2) Importer(815301076,1909f56bfc062723c751e8b465ee728b)
Start importing Assets/Tutorials/EditColors/3 EditColors.asset using Guid(5d0306ad1c1d347ed8eb91190a9e45c2) Importer(815301076,1909f56bfc062723c751e8b465ee728b) [PhysX] Initialized MultithreadedTaskDispatcher with 12 workers.
 -> (artifact id: 'c17ad4a9e6569d5cc49491ec40d61a5e') in 0.065096 seconds
Number of updated asset objects reloaded before import = 0
Number of asset objects unloaded after import = 136
========================================================================
Received Import Request.
  Time since last request: 0.000015 seconds.
  path: Assets/Tutorials/AddAnEnemy/4 AddAnEnemy.asset
  artifactKey: Guid(f1296c995c6fc4bcfac81bd7df3e5b18) Importer(815301076,1909f56bfc062723c751e8b465ee728b)
Start importing Assets/Tutorials/AddAnEnemy/4 AddAnEnemy.asset using Guid(f1296c995c6fc4bcfac81bd7df3e5b18) Importer(815301076,1909f56bfc062723c751e8b465ee728b) [PhysX] Initialized MultithreadedTaskDispatcher with 12 workers.
 -> (artifact id: 'e4676fa3215e087f2a2573173142cba7') in 0.055854 seconds
Number of updated asset objects reloaded before import = 0
Number of asset objects unloaded after import = 136
========================================================================
Received Import Request.
  Time since last request: 3.989303 seconds.
  path: Assets/Mod Assets/Mod Resources/Fonts/PressStart2P-Regular SDF.asset
  artifactKey: Guid(88003508be39e449cb51c48494e680cf) Importer(815301076,1909f56bfc062723c751e8b465ee728b)
Start importing Assets/Mod Assets/Mod Resources/Fonts/PressStart2P-Regular SDF.asset using Guid(88003508be39e449cb51c48494e680cf) Importer(815301076,1909f56bfc062723c751e8b465ee728b) [PhysX] Initialized MultithreadedTaskDispatcher with 12 workers.
[PhysX] Initialized MultithreadedTaskDispatcher with 12 workers.
[PhysX] Initialized MultithreadedTaskDispatcher with 12 workers.
 -> (artifact id: 'efbb4894842537c521fe39b5e74cfccb') in 0.258762 seconds
Number of updated asset objects reloaded before import = 0
Number of asset objects unloaded after import = 25
========================================================================
Received Prepare
Caller must complete domain reload
Begin MonoManager ReloadAssembly
- Loaded All Assemblies, in  0.384 seconds
Native extension for WindowsStandalone target not found
Mono: successfully reloaded assembly
- Finished resetting the current domain, in  1.084 seconds
Domain Reload Profiling: 1463ms
	BeginReloadAssembly (135ms)
		ExecutionOrderSort (0ms)
		DisableScriptedObjects (10ms)
		BackupInstance (0ms)
		ReleaseScriptingObjects (0ms)
		CreateAndSetChildDomain (38ms)
	RebuildCommonClasses (24ms)
	RebuildNativeTypeToScriptingClass (8ms)
	initialDomainReloadingComplete (23ms)
	LoadAllAssembliesAndSetupDomain (190ms)
		LoadAssemblies (232ms)
		RebuildTransferFunctionScriptingTraits (0ms)
		AnalyzeDomain (14ms)
			TypeCache.Refresh (4ms)
				TypeCache.ScanAssembly (0ms)
			ScanForSourceGeneratedMonoScriptInfo (0ms)
			ResolveRequiredComponents (9ms)
	FinalizeReload (1084ms)
		ReleaseScriptCaches (0ms)
		RebuildScriptCaches (0ms)
		SetupLoadedEditorAssemblies (379ms)
			LogAssemblyErrors (0ms)
			InitializePlatformSupportModulesInManaged (5ms)
			SetLoadedEditorAssemblies (2ms)
			RefreshPlugins (0ms)
			BeforeProcessingInitializeOnLoad (80ms)
			ProcessInitializeOnLoadAttributes (231ms)
			ProcessInitializeOnLoadMethodAttributes (52ms)
			AfterProcessingInitializeOnLoad (8ms)
			EditorAssembliesLoaded (0ms)
		ExecutionOrderSort2 (0ms)
		AwakeInstancesAfterBackupRestoration (15ms)
Refreshing native plugins compatible for Editor in 7.12 ms, found 4 plugins.
Preloading 0 native plugins for Editor in 0.00 ms.
Unloading 6130 Unused Serialized files (Serialized files now loaded: 0)
Unloading 71 unused Assets / (3.7 MB). Loaded Objects now: 6797.
Memory consumption went from 215.6 MB to 211.8 MB.
Total: 6.781000 ms (FindLiveObjects: 0.744900 ms CreateObjectMapping: 0.423600 ms MarkObjects: 3.715100 ms  DeleteObjects: 1.896300 ms)

Prepare: number of updated asset objects reloaded= 0
AssetImportParameters requested are different than current active one (requested -> active):
  custom:container-demuxer-ogg: 62fdf1f143b41e24485cea50d1cbac27 -> 
  custom:video-decoder-ogg-theora: a1e56fd34408186e4bbccfd4996cb3dc -> 
  custom:framework-win-MediaFoundation: 216162199b28c13a410421893ffa2e32 -> 
  custom:CustomObjectIndexerAttribute: 72b91833f83ae208fae7752999fa3104 -> 
  custom:container-demuxer-webm: 4f35f7cbe854078d1ac9338744f61a02 -> 
  custom:container-muxer-webm: aa71ff27fc2769a1b78a27578f13a17b -> 
  custom:video-decoder-webm-vp8: 9c59270c3fd7afecdb556c50c9e8de78 -> 
  custom:SearchIndexIgnoredProperties: e643bd26f0fe6173181afceb89e7c659 -> 
  custom:AudioImporter_EditorPlatform: d09bf68614088b80899f8185d706f6e7 -> 
  custom:scripting/monoscript/fileName/StartButtonPress.cs: 171652a4042feb5894da6f28cd16f8b1 -> 
  custom:video-encoder-webm-vp8: eb34c28f22e8b96e1ab97ce403110664 -> 
  custom:audio-decoder-ogg-vorbis: bf7c407c2cedff20999df2af8eb42d56 -> 
  custom:scripting/monoscript/fileName/ButtonPressFunctions.cs: c69da298dc560d263b739d349aab1bd5 -> 171652a4042feb5894da6f28cd16f8b1
  custom:audio-encoder-webm-vorbis: bf7c407c2cedff20999df2af8eb42d56 -> 
  custom:scripting/precompiled-assembly-types:Assembly-CSharp: da2faec38cfe09edcaae453f2528722b -> 19f9d2651501b7bdb41169eb49716a0a
========================================================================
Received Prepare
Caller must complete domain reload
Begin MonoManager ReloadAssembly
- Loaded All Assemblies, in  0.374 seconds
Native extension for WindowsStandalone target not found
Mono: successfully reloaded assembly
- Finished resetting the current domain, in  1.086 seconds
Domain Reload Profiling: 1455ms
	BeginReloadAssembly (126ms)
		ExecutionOrderSort (0ms)
		DisableScriptedObjects (8ms)
		BackupInstance (0ms)
		ReleaseScriptingObjects (0ms)
		CreateAndSetChildDomain (33ms)
	RebuildCommonClasses (23ms)
	RebuildNativeTypeToScriptingClass (8ms)
	initialDomainReloadingComplete (24ms)
	LoadAllAssembliesAndSetupDomain (188ms)
		LoadAssemblies (230ms)
		RebuildTransferFunctionScriptingTraits (0ms)
		AnalyzeDomain (14ms)
			TypeCache.Refresh (4ms)
				TypeCache.ScanAssembly (0ms)
			ScanForSourceGeneratedMonoScriptInfo (0ms)
			ResolveRequiredComponents (8ms)
	FinalizeReload (1086ms)
		ReleaseScriptCaches (0ms)
		RebuildScriptCaches (0ms)
		SetupLoadedEditorAssemblies (362ms)
			LogAssemblyErrors (0ms)
			InitializePlatformSupportModulesInManaged (6ms)
			SetLoadedEditorAssemblies (2ms)
			RefreshPlugins (0ms)
			BeforeProcessingInitializeOnLoad (71ms)
			ProcessInitializeOnLoadAttributes (229ms)
			ProcessInitializeOnLoadMethodAttributes (47ms)
			AfterProcessingInitializeOnLoad (7ms)
			EditorAssembliesLoaded (0ms)
		ExecutionOrderSort2 (0ms)
		AwakeInstancesAfterBackupRestoration (12ms)
Refreshing native plugins compatible for Editor in 7.43 ms, found 4 plugins.
Preloading 0 native plugins for Editor in 0.00 ms.
Unloading 6129 Unused Serialized files (Serialized files now loaded: 0)
Unloading 71 unused Assets / (3.7 MB). Loaded Objects now: 6814.
Memory consumption went from 215.3 MB to 211.6 MB.
Total: 10.048000 ms (FindLiveObjects: 3.763600 ms CreateObjectMapping: 0.425600 ms MarkObjects: 3.913600 ms  DeleteObjects: 1.944100 ms)

Prepare: number of updated asset objects reloaded= 0
AssetImportParameters requested are different than current active one (requested -> active):
  custom:container-demuxer-ogg: 62fdf1f143b41e24485cea50d1cbac27 -> 
  custom:video-decoder-ogg-theora: a1e56fd34408186e4bbccfd4996cb3dc -> 
  custom:framework-win-MediaFoundation: 216162199b28c13a410421893ffa2e32 -> 
  custom:CustomObjectIndexerAttribute: 72b91833f83ae208fae7752999fa3104 -> 
  custom:container-demuxer-webm: 4f35f7cbe854078d1ac9338744f61a02 -> 
  custom:container-muxer-webm: aa71ff27fc2769a1b78a27578f13a17b -> 
  custom:video-decoder-webm-vp8: 9c59270c3fd7afecdb556c50c9e8de78 -> 
  custom:SearchIndexIgnoredProperties: e643bd26f0fe6173181afceb89e7c659 -> 
  custom:AudioImporter_EditorPlatform: d09bf68614088b80899f8185d706f6e7 -> 
  custom:scripting/monoscript/fileName/StartButtonPress.cs: 171652a4042feb5894da6f28cd16f8b1 -> 
  custom:video-encoder-webm-vp8: eb34c28f22e8b96e1ab97ce403110664 -> 
  custom:audio-decoder-ogg-vorbis: bf7c407c2cedff20999df2af8eb42d56 -> 
  custom:scripting/monoscript/fileName/ButtonPressFunctions.cs: c69da298dc560d263b739d349aab1bd5 -> 171652a4042feb5894da6f28cd16f8b1
  custom:audio-encoder-webm-vorbis: bf7c407c2cedff20999df2af8eb42d56 -> 
  custom:scripting/precompiled-assembly-types:Assembly-CSharp: da2faec38cfe09edcaae453f2528722b -> 19f9d2651501b7bdb41169eb49716a0a
========================================================================
Received Prepare
Caller must complete domain reload
Begin MonoManager ReloadAssembly
- Loaded All Assemblies, in  0.392 seconds
Native extension for WindowsStandalone target not found
Mono: successfully reloaded assembly
- Finished resetting the current domain, in  1.102 seconds
Domain Reload Profiling: 1490ms
	BeginReloadAssembly (127ms)
		ExecutionOrderSort (0ms)
		DisableScriptedObjects (7ms)
		BackupInstance (0ms)
		ReleaseScriptingObjects (0ms)
		CreateAndSetChildDomain (33ms)
	RebuildCommonClasses (22ms)
	RebuildNativeTypeToScriptingClass (8ms)
	initialDomainReloadingComplete (24ms)
	LoadAllAssembliesAndSetupDomain (207ms)
		LoadAssemblies (231ms)
		RebuildTransferFunctionScriptingTraits (0ms)
		AnalyzeDomain (34ms)
			TypeCache.Refresh (8ms)
				TypeCache.ScanAssembly (1ms)
			ScanForSourceGeneratedMonoScriptInfo (16ms)
			ResolveRequiredComponents (8ms)
	FinalizeReload (1103ms)
		ReleaseScriptCaches (0ms)
		RebuildScriptCaches (0ms)
		SetupLoadedEditorAssemblies (384ms)
			LogAssemblyErrors (0ms)
			InitializePlatformSupportModulesInManaged (6ms)
			SetLoadedEditorAssemblies (2ms)
			RefreshPlugins (0ms)
			BeforeProcessingInitializeOnLoad (70ms)
			ProcessInitializeOnLoadAttributes (245ms)
			ProcessInitializeOnLoadMethodAttributes (52ms)
			AfterProcessingInitializeOnLoad (9ms)
			EditorAssembliesLoaded (0ms)
		ExecutionOrderSort2 (0ms)
		AwakeInstancesAfterBackupRestoration (13ms)
Refreshing native plugins compatible for Editor in 7.51 ms, found 4 plugins.
Preloading 0 native plugins for Editor in 0.00 ms.
Unloading 6129 Unused Serialized files (Serialized files now loaded: 0)
Unloading 71 unused Assets / (3.7 MB). Loaded Objects now: 6831.
Memory consumption went from 215.3 MB to 211.6 MB.
Total: 11.288000 ms (FindLiveObjects: 1.378500 ms CreateObjectMapping: 0.908700 ms MarkObjects: 4.986900 ms  DeleteObjects: 4.012400 ms)

Prepare: number of updated asset objects reloaded= 0
AssetImportParameters requested are different than current active one (requested -> active):
  custom:container-demuxer-ogg: 62fdf1f143b41e24485cea50d1cbac27 -> 
  custom:video-decoder-ogg-theora: a1e56fd34408186e4bbccfd4996cb3dc -> 
  custom:framework-win-MediaFoundation: 216162199b28c13a410421893ffa2e32 -> 
  custom:CustomObjectIndexerAttribute: 72b91833f83ae208fae7752999fa3104 -> 
  custom:container-demuxer-webm: 4f35f7cbe854078d1ac9338744f61a02 -> 
  custom:container-muxer-webm: aa71ff27fc2769a1b78a27578f13a17b -> 
  custom:video-decoder-webm-vp8: 9c59270c3fd7afecdb556c50c9e8de78 -> 
  custom:SearchIndexIgnoredProperties: e643bd26f0fe6173181afceb89e7c659 -> 
  custom:AudioImporter_EditorPlatform: d09bf68614088b80899f8185d706f6e7 -> 
  custom:scripting/monoscript/fileName/StartButtonPress.cs: 171652a4042feb5894da6f28cd16f8b1 -> 
  custom:video-encoder-webm-vp8: eb34c28f22e8b96e1ab97ce403110664 -> 
  custom:audio-decoder-ogg-vorbis: bf7c407c2cedff20999df2af8eb42d56 -> 
  custom:scripting/monoscript/fileName/ButtonPressFunctions.cs: c69da298dc560d263b739d349aab1bd5 -> 171652a4042feb5894da6f28cd16f8b1
  custom:audio-encoder-webm-vorbis: bf7c407c2cedff20999df2af8eb42d56 -> 
  custom:scripting/precompiled-assembly-types:Assembly-CSharp: da2faec38cfe09edcaae453f2528722b -> 19f9d2651501b7bdb41169eb49716a0a
========================================================================
Received Prepare
Caller must complete domain reload
Begin MonoManager ReloadAssembly
- Loaded All Assemblies, in  0.386 seconds
Native extension for WindowsStandalone target not found
Mono: successfully reloaded assembly
- Finished resetting the current domain, in  1.118 seconds
Domain Reload Profiling: 1499ms
	BeginReloadAssembly (125ms)
		ExecutionOrderSort (0ms)
		DisableScriptedObjects (6ms)
		BackupInstance (0ms)
		ReleaseScriptingObjects (0ms)
		CreateAndSetChildDomain (33ms)
	RebuildCommonClasses (20ms)
	RebuildNativeTypeToScriptingClass (7ms)
	initialDomainReloadingComplete (24ms)
	LoadAllAssembliesAndSetupDomain (203ms)
		LoadAssemblies (229ms)
		RebuildTransferFunctionScriptingTraits (0ms)
		AnalyzeDomain (32ms)
			TypeCache.Refresh (7ms)
				TypeCache.ScanAssembly (0ms)
			ScanForSourceGeneratedMonoScriptInfo (15ms)
			ResolveRequiredComponents (8ms)
	FinalizeReload (1119ms)
		ReleaseScriptCaches (0ms)
		RebuildScriptCaches (0ms)
		SetupLoadedEditorAssemblies (380ms)
			LogAssemblyErrors (0ms)
			InitializePlatformSupportModulesInManaged (5ms)
			SetLoadedEditorAssemblies (2ms)
			RefreshPlugins (0ms)
			BeforeProcessingInitializeOnLoad (72ms)
			ProcessInitializeOnLoadAttributes (242ms)
			ProcessInitializeOnLoadMethodAttributes (53ms)
			AfterProcessingInitializeOnLoad (7ms)
			EditorAssembliesLoaded (0ms)
		ExecutionOrderSort2 (0ms)
		AwakeInstancesAfterBackupRestoration (13ms)
Refreshing native plugins compatible for Editor in 12.34 ms, found 4 plugins.
Preloading 0 native plugins for Editor in 0.00 ms.
Unloading 6129 Unused Serialized files (Serialized files now loaded: 0)
Unloading 71 unused Assets / (3.7 MB). Loaded Objects now: 6848.
Memory consumption went from 215.3 MB to 211.6 MB.
Total: 9.101400 ms (FindLiveObjects: 1.090400 ms CreateObjectMapping: 0.491400 ms MarkObjects: 5.519600 ms  DeleteObjects: 1.998600 ms)

Prepare: number of updated asset objects reloaded= 0
AssetImportParameters requested are different than current active one (requested -> active):
  custom:container-demuxer-ogg: 62fdf1f143b41e24485cea50d1cbac27 -> 
  custom:video-decoder-ogg-theora: a1e56fd34408186e4bbccfd4996cb3dc -> 
  custom:framework-win-MediaFoundation: 216162199b28c13a410421893ffa2e32 -> 
  custom:CustomObjectIndexerAttribute: 72b91833f83ae208fae7752999fa3104 -> 
  custom:container-demuxer-webm: 4f35f7cbe854078d1ac9338744f61a02 -> 
  custom:container-muxer-webm: aa71ff27fc2769a1b78a27578f13a17b -> 
  custom:video-decoder-webm-vp8: 9c59270c3fd7afecdb556c50c9e8de78 -> 
  custom:SearchIndexIgnoredProperties: e643bd26f0fe6173181afceb89e7c659 -> 
  custom:AudioImporter_EditorPlatform: d09bf68614088b80899f8185d706f6e7 -> 
  custom:scripting/monoscript/fileName/StartButtonPress.cs: 171652a4042feb5894da6f28cd16f8b1 -> 
  custom:video-encoder-webm-vp8: eb34c28f22e8b96e1ab97ce403110664 -> 
  custom:audio-decoder-ogg-vorbis: bf7c407c2cedff20999df2af8eb42d56 -> 
  custom:scripting/monoscript/fileName/ButtonPressFunctions.cs: c69da298dc560d263b739d349aab1bd5 -> 171652a4042feb5894da6f28cd16f8b1
  custom:audio-encoder-webm-vorbis: bf7c407c2cedff20999df2af8eb42d56 -> 
  custom:scripting/precompiled-assembly-types:Assembly-CSharp: da2faec38cfe09edcaae453f2528722b -> 19f9d2651501b7bdb41169eb49716a0a
========================================================================
Received Prepare
Caller must complete domain reload
Begin MonoManager ReloadAssembly
- Loaded All Assemblies, in  0.421 seconds
Native extension for WindowsStandalone target not found
Mono: successfully reloaded assembly
- Finished resetting the current domain, in  1.097 seconds
Domain Reload Profiling: 1513ms
	BeginReloadAssembly (152ms)
		ExecutionOrderSort (0ms)
		DisableScriptedObjects (8ms)
		BackupInstance (0ms)
		ReleaseScriptingObjects (0ms)
		CreateAndSetChildDomain (38ms)
	RebuildCommonClasses (21ms)
	RebuildNativeTypeToScriptingClass (8ms)
	initialDomainReloadingComplete (24ms)
	LoadAllAssembliesAndSetupDomain (211ms)
		LoadAssemblies (238ms)
		RebuildTransferFunctionScriptingTraits (0ms)
		AnalyzeDomain (32ms)
			TypeCache.Refresh (8ms)
				TypeCache.ScanAssembly (1ms)
			ScanForSourceGeneratedMonoScriptInfo (15ms)
			ResolveRequiredComponents (7ms)
	FinalizeReload (1097ms)
		ReleaseScriptCaches (0ms)
		RebuildScriptCaches (0ms)
		SetupLoadedEditorAssemblies (368ms)
			LogAssemblyErrors (0ms)
			InitializePlatformSupportModulesInManaged (5ms)
			SetLoadedEditorAssemblies (3ms)
			RefreshPlugins (0ms)
			BeforeProcessingInitializeOnLoad (71ms)
			ProcessInitializeOnLoadAttributes (229ms)
			ProcessInitializeOnLoadMethodAttributes (52ms)
			AfterProcessingInitializeOnLoad (8ms)
			EditorAssembliesLoaded (0ms)
		ExecutionOrderSort2 (0ms)
		AwakeInstancesAfterBackupRestoration (14ms)
Refreshing native plugins compatible for Editor in 7.19 ms, found 4 plugins.
Preloading 0 native plugins for Editor in 0.00 ms.
Unloading 6129 Unused Serialized files (Serialized files now loaded: 0)
Unloading 71 unused Assets / (3.7 MB). Loaded Objects now: 6865.
Memory consumption went from 215.3 MB to 211.6 MB.
Total: 4.198900 ms (FindLiveObjects: 0.455000 ms CreateObjectMapping: 0.165900 ms MarkObjects: 2.253700 ms  DeleteObjects: 1.323800 ms)

Prepare: number of updated asset objects reloaded= 0
AssetImportParameters requested are different than current active one (requested -> active):
  custom:container-demuxer-ogg: 62fdf1f143b41e24485cea50d1cbac27 -> 
  custom:video-decoder-ogg-theora: a1e56fd34408186e4bbccfd4996cb3dc -> 
  custom:framework-win-MediaFoundation: 216162199b28c13a410421893ffa2e32 -> 
  custom:CustomObjectIndexerAttribute: 72b91833f83ae208fae7752999fa3104 -> 
  custom:container-demuxer-webm: 4f35f7cbe854078d1ac9338744f61a02 -> 
  custom:container-muxer-webm: aa71ff27fc2769a1b78a27578f13a17b -> 
  custom:video-decoder-webm-vp8: 9c59270c3fd7afecdb556c50c9e8de78 -> 
  custom:SearchIndexIgnoredProperties: e643bd26f0fe6173181afceb89e7c659 -> 
  custom:AudioImporter_EditorPlatform: d09bf68614088b80899f8185d706f6e7 -> 
  custom:scripting/monoscript/fileName/StartButtonPress.cs: 171652a4042feb5894da6f28cd16f8b1 -> 
  custom:video-encoder-webm-vp8: eb34c28f22e8b96e1ab97ce403110664 -> 
  custom:audio-decoder-ogg-vorbis: bf7c407c2cedff20999df2af8eb42d56 -> 
  custom:scripting/monoscript/fileName/ButtonPressFunctions.cs: c69da298dc560d263b739d349aab1bd5 -> 171652a4042feb5894da6f28cd16f8b1
  custom:audio-encoder-webm-vorbis: bf7c407c2cedff20999df2af8eb42d56 -> 
  custom:scripting/precompiled-assembly-types:Assembly-CSharp: da2faec38cfe09edcaae453f2528722b -> 19f9d2651501b7bdb41169eb49716a0a
========================================================================
Received Prepare
Caller must complete domain reload
Begin MonoManager ReloadAssembly
- Loaded All Assemblies, in  0.399 seconds
Native extension for WindowsStandalone target not found
Mono: successfully reloaded assembly
- Finished resetting the current domain, in  1.375 seconds
Domain Reload Profiling: 1770ms
	BeginReloadAssembly (127ms)
		ExecutionOrderSort (0ms)
		DisableScriptedObjects (6ms)
		BackupInstance (0ms)
		ReleaseScriptingObjects (0ms)
		CreateAndSetChildDomain (35ms)
	RebuildCommonClasses (24ms)
	RebuildNativeTypeToScriptingClass (8ms)
	initialDomainReloadingComplete (24ms)
	LoadAllAssembliesAndSetupDomain (211ms)
		LoadAssemblies (233ms)
		RebuildTransferFunctionScriptingTraits (0ms)
		AnalyzeDomain (35ms)
			TypeCache.Refresh (8ms)
				TypeCache.ScanAssembly (1ms)
			ScanForSourceGeneratedMonoScriptInfo (18ms)
			ResolveRequiredComponents (8ms)
	FinalizeReload (1376ms)
		ReleaseScriptCaches (0ms)
		RebuildScriptCaches (0ms)
		SetupLoadedEditorAssemblies (415ms)
			LogAssemblyErrors (0ms)
			InitializePlatformSupportModulesInManaged (6ms)
			SetLoadedEditorAssemblies (3ms)
			RefreshPlugins (0ms)
			BeforeProcessingInitializeOnLoad (76ms)
			ProcessInitializeOnLoadAttributes (267ms)
			ProcessInitializeOnLoadMethodAttributes (55ms)
			AfterProcessingInitializeOnLoad (8ms)
			EditorAssembliesLoaded (0ms)
		ExecutionOrderSort2 (0ms)
		AwakeInstancesAfterBackupRestoration (15ms)
Refreshing native plugins compatible for Editor in 18.03 ms, found 4 plugins.
Preloading 0 native plugins for Editor in 0.00 ms.
Unloading 6129 Unused Serialized files (Serialized files now loaded: 0)
Unloading 71 unused Assets / (3.8 MB). Loaded Objects now: 6882.
Memory consumption went from 215.4 MB to 211.6 MB.
Total: 4.253000 ms (FindLiveObjects: 0.453900 ms CreateObjectMapping: 0.170600 ms MarkObjects: 2.200100 ms  DeleteObjects: 1.427800 ms)

Prepare: number of updated asset objects reloaded= 0
AssetImportParameters requested are different than current active one (requested -> active):
  custom:container-demuxer-ogg: 62fdf1f143b41e24485cea50d1cbac27 -> 
  custom:video-decoder-ogg-theora: a1e56fd34408186e4bbccfd4996cb3dc -> 
  custom:framework-win-MediaFoundation: 216162199b28c13a410421893ffa2e32 -> 
  custom:CustomObjectIndexerAttribute: 72b91833f83ae208fae7752999fa3104 -> 
  custom:container-demuxer-webm: 4f35f7cbe854078d1ac9338744f61a02 -> 
  custom:container-muxer-webm: aa71ff27fc2769a1b78a27578f13a17b -> 
  custom:video-decoder-webm-vp8: 9c59270c3fd7afecdb556c50c9e8de78 -> 
  custom:SearchIndexIgnoredProperties: e643bd26f0fe6173181afceb89e7c659 -> 
  custom:AudioImporter_EditorPlatform: d09bf68614088b80899f8185d706f6e7 -> 
  custom:scripting/monoscript/fileName/StartButtonPress.cs: 171652a4042feb5894da6f28cd16f8b1 -> 
  custom:video-encoder-webm-vp8: eb34c28f22e8b96e1ab97ce403110664 -> 
  custom:audio-decoder-ogg-vorbis: bf7c407c2cedff20999df2af8eb42d56 -> 
  custom:scripting/monoscript/fileName/ButtonPressFunctions.cs: c69da298dc560d263b739d349aab1bd5 -> 171652a4042feb5894da6f28cd16f8b1
  custom:audio-encoder-webm-vorbis: bf7c407c2cedff20999df2af8eb42d56 -> 
  custom:scripting/precompiled-assembly-types:Assembly-CSharp: da2faec38cfe09edcaae453f2528722b -> 19f9d2651501b7bdb41169eb49716a0a
========================================================================
Received Import Request.
  Time since last request: 1620.240461 seconds.
  path: Assets/Scenes/Menu.unity
  artifactKey: Guid(4d7802bb5d6158b4ca2fe71be8b56209) Importer(815301076,1909f56bfc062723c751e8b465ee728b)
Start importing Assets/Scenes/Menu.unity using Guid(4d7802bb5d6158b4ca2fe71be8b56209) Importer(815301076,1909f56bfc062723c751e8b465ee728b) [PhysX] Initialized MultithreadedTaskDispatcher with 12 workers.
 -> (artifact id: '732f38b78ae57d13ba712dbc555a99b9') in 0.002316 seconds
Number of updated asset objects reloaded before import = 0
Number of asset objects unloaded after import = 0
========================================================================
Received Prepare
Caller must complete domain reload
Begin MonoManager ReloadAssembly
- Loaded All Assemblies, in  0.398 seconds
Native extension for WindowsStandalone target not found
Mono: successfully reloaded assembly
- Finished resetting the current domain, in  1.073 seconds
Domain Reload Profiling: 1467ms
	BeginReloadAssembly (129ms)
		ExecutionOrderSort (0ms)
		DisableScriptedObjects (7ms)
		BackupInstance (0ms)
		ReleaseScriptingObjects (0ms)
		CreateAndSetChildDomain (33ms)
	RebuildCommonClasses (22ms)
	RebuildNativeTypeToScriptingClass (7ms)
	initialDomainReloadingComplete (24ms)
	LoadAllAssembliesAndSetupDomain (211ms)
		LoadAssemblies (236ms)
		RebuildTransferFunctionScriptingTraits (0ms)
		AnalyzeDomain (33ms)
			TypeCache.Refresh (8ms)
				TypeCache.ScanAssembly (1ms)
			ScanForSourceGeneratedMonoScriptInfo (15ms)
			ResolveRequiredComponents (8ms)
	FinalizeReload (1073ms)
		ReleaseScriptCaches (0ms)
		RebuildScriptCaches (0ms)
		SetupLoadedEditorAssemblies (362ms)
			LogAssemblyErrors (0ms)
			InitializePlatformSupportModulesInManaged (5ms)
			SetLoadedEditorAssemblies (2ms)
			RefreshPlugins (0ms)
			BeforeProcessingInitializeOnLoad (71ms)
			ProcessInitializeOnLoadAttributes (225ms)
			ProcessInitializeOnLoadMethodAttributes (51ms)
			AfterProcessingInitializeOnLoad (7ms)
			EditorAssembliesLoaded (0ms)
		ExecutionOrderSort2 (0ms)
		AwakeInstancesAfterBackupRestoration (12ms)
Refreshing native plugins compatible for Editor in 6.13 ms, found 4 plugins.
Preloading 0 native plugins for Editor in 0.00 ms.
Unloading 6129 Unused Serialized files (Serialized files now loaded: 0)
Unloading 71 unused Assets / (3.6 MB). Loaded Objects now: 6899.
Memory consumption went from 215.3 MB to 211.6 MB.
Total: 4.125200 ms (FindLiveObjects: 0.441300 ms CreateObjectMapping: 0.096200 ms MarkObjects: 2.355800 ms  DeleteObjects: 1.231300 ms)

Prepare: number of updated asset objects reloaded= 0
AssetImportParameters requested are different than current active one (requested -> active):
  custom:container-demuxer-ogg: 62fdf1f143b41e24485cea50d1cbac27 -> 
  custom:video-decoder-ogg-theora: a1e56fd34408186e4bbccfd4996cb3dc -> 
  custom:framework-win-MediaFoundation: 216162199b28c13a410421893ffa2e32 -> 
  custom:CustomObjectIndexerAttribute: 72b91833f83ae208fae7752999fa3104 -> 
  custom:container-demuxer-webm: 4f35f7cbe854078d1ac9338744f61a02 -> 
  custom:container-muxer-webm: aa71ff27fc2769a1b78a27578f13a17b -> 
  custom:video-decoder-webm-vp8: 9c59270c3fd7afecdb556c50c9e8de78 -> 
  custom:SearchIndexIgnoredProperties: e643bd26f0fe6173181afceb89e7c659 -> 
  custom:AudioImporter_EditorPlatform: d09bf68614088b80899f8185d706f6e7 -> 
  custom:scripting/monoscript/fileName/StartButtonPress.cs: 171652a4042feb5894da6f28cd16f8b1 -> 
  custom:video-encoder-webm-vp8: eb34c28f22e8b96e1ab97ce403110664 -> 
  custom:audio-decoder-ogg-vorbis: bf7c407c2cedff20999df2af8eb42d56 -> 
  custom:scripting/monoscript/fileName/ButtonPressFunctions.cs: c69da298dc560d263b739d349aab1bd5 -> 171652a4042feb5894da6f28cd16f8b1
  custom:audio-encoder-webm-vorbis: bf7c407c2cedff20999df2af8eb42d56 -> 
  custom:scripting/precompiled-assembly-types:Assembly-CSharp: da2faec38cfe09edcaae453f2528722b -> 19f9d2651501b7bdb41169eb49716a0a
========================================================================
Received Prepare
Caller must complete domain reload
Begin MonoManager ReloadAssembly
- Loaded All Assemblies, in  0.379 seconds
Native extension for WindowsStandalone target not found
Mono: successfully reloaded assembly
- Finished resetting the current domain, in  1.122 seconds
Domain Reload Profiling: 1496ms
	BeginReloadAssembly (128ms)
		ExecutionOrderSort (0ms)
		DisableScriptedObjects (7ms)
		BackupInstance (0ms)
		ReleaseScriptingObjects (0ms)
		CreateAndSetChildDomain (34ms)
	RebuildCommonClasses (22ms)
	RebuildNativeTypeToScriptingClass (8ms)
	initialDomainReloadingComplete (25ms)
	LoadAllAssembliesAndSetupDomain (191ms)
		LoadAssemblies (235ms)
		RebuildTransferFunctionScriptingTraits (0ms)
		AnalyzeDomain (15ms)
			TypeCache.Refresh (4ms)
				TypeCache.ScanAssembly (0ms)
			ScanForSourceGeneratedMonoScriptInfo (0ms)
			ResolveRequiredComponents (8ms)
	FinalizeReload (1122ms)
		ReleaseScriptCaches (0ms)
		RebuildScriptCaches (0ms)
		SetupLoadedEditorAssemblies (386ms)
			LogAssemblyErrors (0ms)
			InitializePlatformSupportModulesInManaged (6ms)
			SetLoadedEditorAssemblies (3ms)
			RefreshPlugins (0ms)
			BeforeProcessingInitializeOnLoad (73ms)
			ProcessInitializeOnLoadAttributes (243ms)
			ProcessInitializeOnLoadMethodAttributes (52ms)
			AfterProcessingInitializeOnLoad (9ms)
			EditorAssembliesLoaded (0ms)
		ExecutionOrderSort2 (0ms)
		AwakeInstancesAfterBackupRestoration (14ms)
Refreshing native plugins compatible for Editor in 8.63 ms, found 4 plugins.
Preloading 0 native plugins for Editor in 0.00 ms.
Unloading 6129 Unused Serialized files (Serialized files now loaded: 0)
Unloading 71 unused Assets / (3.7 MB). Loaded Objects now: 6916.
Memory consumption went from 215.3 MB to 211.6 MB.
Total: 19.213200 ms (FindLiveObjects: 0.811000 ms CreateObjectMapping: 0.419700 ms MarkObjects: 15.544200 ms  DeleteObjects: 2.436900 ms)

Prepare: number of updated asset objects reloaded= 0
AssetImportParameters requested are different than current active one (requested -> active):
  custom:container-demuxer-ogg: 62fdf1f143b41e24485cea50d1cbac27 -> 
  custom:video-decoder-ogg-theora: a1e56fd34408186e4bbccfd4996cb3dc -> 
  custom:framework-win-MediaFoundation: 216162199b28c13a410421893ffa2e32 -> 
  custom:CustomObjectIndexerAttribute: 72b91833f83ae208fae7752999fa3104 -> 
  custom:container-demuxer-webm: 4f35f7cbe854078d1ac9338744f61a02 -> 
  custom:container-muxer-webm: aa71ff27fc2769a1b78a27578f13a17b -> 
  custom:video-decoder-webm-vp8: 9c59270c3fd7afecdb556c50c9e8de78 -> 
  custom:SearchIndexIgnoredProperties: e643bd26f0fe6173181afceb89e7c659 -> 
  custom:AudioImporter_EditorPlatform: d09bf68614088b80899f8185d706f6e7 -> 
  custom:scripting/monoscript/fileName/StartButtonPress.cs: 171652a4042feb5894da6f28cd16f8b1 -> 
  custom:video-encoder-webm-vp8: eb34c28f22e8b96e1ab97ce403110664 -> 
  custom:audio-decoder-ogg-vorbis: bf7c407c2cedff20999df2af8eb42d56 -> 
  custom:scripting/monoscript/fileName/ButtonPressFunctions.cs: c69da298dc560d263b739d349aab1bd5 -> 171652a4042feb5894da6f28cd16f8b1
  custom:audio-encoder-webm-vorbis: bf7c407c2cedff20999df2af8eb42d56 -> 
  custom:scripting/precompiled-assembly-types:Assembly-CSharp: da2faec38cfe09edcaae453f2528722b -> 19f9d2651501b7bdb41169eb49716a0a
========================================================================
Received Prepare
Caller must complete domain reload
Begin MonoManager ReloadAssembly
- Loaded All Assemblies, in  0.403 seconds
Native extension for WindowsStandalone target not found
Mono: successfully reloaded assembly
- Finished resetting the current domain, in  1.119 seconds
Domain Reload Profiling: 1518ms
	BeginReloadAssembly (128ms)
		ExecutionOrderSort (0ms)
		DisableScriptedObjects (7ms)
		BackupInstance (0ms)
		ReleaseScriptingObjects (0ms)
		CreateAndSetChildDomain (32ms)
	RebuildCommonClasses (23ms)
	RebuildNativeTypeToScriptingClass (8ms)
	initialDomainReloadingComplete (24ms)
	LoadAllAssembliesAndSetupDomain (216ms)
		LoadAssemblies (239ms)
		RebuildTransferFunctionScriptingTraits (0ms)
		AnalyzeDomain (36ms)
			TypeCache.Refresh (8ms)
				TypeCache.ScanAssembly (0ms)
			ScanForSourceGeneratedMonoScriptInfo (17ms)
			ResolveRequiredComponents (9ms)
	FinalizeReload (1119ms)
		ReleaseScriptCaches (0ms)
		RebuildScriptCaches (0ms)
		SetupLoadedEditorAssemblies (342ms)
			LogAssemblyErrors (0ms)
			InitializePlatformSupportModulesInManaged (5ms)
			SetLoadedEditorAssemblies (2ms)
			RefreshPlugins (0ms)
			BeforeProcessingInitializeOnLoad (65ms)
			ProcessInitializeOnLoadAttributes (214ms)
			ProcessInitializeOnLoadMethodAttributes (47ms)
			AfterProcessingInitializeOnLoad (8ms)
			EditorAssembliesLoaded (0ms)
		ExecutionOrderSort2 (0ms)
		AwakeInstancesAfterBackupRestoration (11ms)
Refreshing native plugins compatible for Editor in 6.53 ms, found 4 plugins.
Preloading 0 native plugins for Editor in 0.00 ms.
Unloading 6129 Unused Serialized files (Serialized files now loaded: 0)
Unloading 71 unused Assets / (3.8 MB). Loaded Objects now: 6933.
Memory consumption went from 215.4 MB to 211.6 MB.
Total: 4.149500 ms (FindLiveObjects: 0.410900 ms CreateObjectMapping: 0.093400 ms MarkObjects: 2.329400 ms  DeleteObjects: 1.314900 ms)

Prepare: number of updated asset objects reloaded= 0
AssetImportParameters requested are different than current active one (requested -> active):
  custom:container-demuxer-ogg: 62fdf1f143b41e24485cea50d1cbac27 -> 
  custom:video-decoder-ogg-theora: a1e56fd34408186e4bbccfd4996cb3dc -> 
  custom:framework-win-MediaFoundation: 216162199b28c13a410421893ffa2e32 -> 
  custom:CustomObjectIndexerAttribute: 72b91833f83ae208fae7752999fa3104 -> 
  custom:container-demuxer-webm: 4f35f7cbe854078d1ac9338744f61a02 -> 
  custom:container-muxer-webm: aa71ff27fc2769a1b78a27578f13a17b -> 
  custom:video-decoder-webm-vp8: 9c59270c3fd7afecdb556c50c9e8de78 -> 
  custom:SearchIndexIgnoredProperties: e643bd26f0fe6173181afceb89e7c659 -> 
  custom:AudioImporter_EditorPlatform: d09bf68614088b80899f8185d706f6e7 -> 
  custom:scripting/monoscript/fileName/StartButtonPress.cs: 171652a4042feb5894da6f28cd16f8b1 -> 
  custom:video-encoder-webm-vp8: eb34c28f22e8b96e1ab97ce403110664 -> 
  custom:audio-decoder-ogg-vorbis: bf7c407c2cedff20999df2af8eb42d56 -> 
  custom:scripting/monoscript/fileName/ButtonPressFunctions.cs: c69da298dc560d263b739d349aab1bd5 -> 171652a4042feb5894da6f28cd16f8b1
  custom:audio-encoder-webm-vorbis: bf7c407c2cedff20999df2af8eb42d56 -> 
  custom:scripting/precompiled-assembly-types:Assembly-CSharp: da2faec38cfe09edcaae453f2528722b -> 19f9d2651501b7bdb41169eb49716a0a
========================================================================
Received Prepare
Caller must complete domain reload
Begin MonoManager ReloadAssembly
- Loaded All Assemblies, in  0.377 seconds
Native extension for WindowsStandalone target not found
Mono: successfully reloaded assembly
- Finished resetting the current domain, in  1.127 seconds
Domain Reload Profiling: 1500ms
	BeginReloadAssembly (126ms)
		ExecutionOrderSort (0ms)
		DisableScriptedObjects (7ms)
		BackupInstance (0ms)
		ReleaseScriptingObjects (0ms)
		CreateAndSetChildDomain (34ms)
	RebuildCommonClasses (24ms)
	RebuildNativeTypeToScriptingClass (9ms)
	initialDomainReloadingComplete (25ms)
	LoadAllAssembliesAndSetupDomain (189ms)
		LoadAssemblies (232ms)
		RebuildTransferFunctionScriptingTraits (0ms)
		AnalyzeDomain (14ms)
			TypeCache.Refresh (5ms)
				TypeCache.ScanAssembly (0ms)
			ScanForSourceGeneratedMonoScriptInfo (0ms)
			ResolveRequiredComponents (8ms)
	FinalizeReload (1127ms)
		ReleaseScriptCaches (0ms)
		RebuildScriptCaches (0ms)
		SetupLoadedEditorAssemblies (381ms)
			LogAssemblyErrors (0ms)
			InitializePlatformSupportModulesInManaged (6ms)
			SetLoadedEditorAssemblies (3ms)
			RefreshPlugins (0ms)
			BeforeProcessingInitializeOnLoad (75ms)
			ProcessInitializeOnLoadAttributes (235ms)
			ProcessInitializeOnLoadMethodAttributes (54ms)
			AfterProcessingInitializeOnLoad (8ms)
			EditorAssembliesLoaded (0ms)
		ExecutionOrderSort2 (0ms)
		AwakeInstancesAfterBackupRestoration (13ms)
Refreshing native plugins compatible for Editor in 13.92 ms, found 4 plugins.
Preloading 0 native plugins for Editor in 0.00 ms.
Unloading 6129 Unused Serialized files (Serialized files now loaded: 0)
Unloading 71 unused Assets / (3.7 MB). Loaded Objects now: 6950.
Memory consumption went from 215.4 MB to 211.7 MB.
Total: 5.883100 ms (FindLiveObjects: 0.780600 ms CreateObjectMapping: 0.678600 ms MarkObjects: 2.636700 ms  DeleteObjects: 1.786300 ms)

Prepare: number of updated asset objects reloaded= 0
AssetImportParameters requested are different than current active one (requested -> active):
  custom:container-demuxer-ogg: 62fdf1f143b41e24485cea50d1cbac27 -> 
  custom:video-decoder-ogg-theora: a1e56fd34408186e4bbccfd4996cb3dc -> 
  custom:framework-win-MediaFoundation: 216162199b28c13a410421893ffa2e32 -> 
  custom:CustomObjectIndexerAttribute: 72b91833f83ae208fae7752999fa3104 -> 
  custom:container-demuxer-webm: 4f35f7cbe854078d1ac9338744f61a02 -> 
  custom:container-muxer-webm: aa71ff27fc2769a1b78a27578f13a17b -> 
  custom:video-decoder-webm-vp8: 9c59270c3fd7afecdb556c50c9e8de78 -> 
  custom:SearchIndexIgnoredProperties: e643bd26f0fe6173181afceb89e7c659 -> 
  custom:AudioImporter_EditorPlatform: d09bf68614088b80899f8185d706f6e7 -> 
  custom:scripting/monoscript/fileName/StartButtonPress.cs: 171652a4042feb5894da6f28cd16f8b1 -> 
  custom:video-encoder-webm-vp8: eb34c28f22e8b96e1ab97ce403110664 -> 
  custom:audio-decoder-ogg-vorbis: bf7c407c2cedff20999df2af8eb42d56 -> 
  custom:scripting/monoscript/fileName/ButtonPressFunctions.cs: c69da298dc560d263b739d349aab1bd5 -> 171652a4042feb5894da6f28cd16f8b1
  custom:audio-encoder-webm-vorbis: bf7c407c2cedff20999df2af8eb42d56 -> 
  custom:scripting/precompiled-assembly-types:Assembly-CSharp: da2faec38cfe09edcaae453f2528722b -> 19f9d2651501b7bdb41169eb49716a0a
========================================================================
Received Prepare
Caller must complete domain reload
Begin MonoManager ReloadAssembly
- Loaded All Assemblies, in  0.376 seconds
Native extension for WindowsStandalone target not found
Mono: successfully reloaded assembly
- Finished resetting the current domain, in  1.140 seconds
Domain Reload Profiling: 1511ms
	BeginReloadAssembly (125ms)
		ExecutionOrderSort (0ms)
		DisableScriptedObjects (8ms)
		BackupInstance (0ms)
		ReleaseScriptingObjects (0ms)
		CreateAndSetChildDomain (33ms)
	RebuildCommonClasses (21ms)
	RebuildNativeTypeToScriptingClass (9ms)
	initialDomainReloadingComplete (24ms)
	LoadAllAssembliesAndSetupDomain (191ms)
		LoadAssemblies (232ms)
		RebuildTransferFunctionScriptingTraits (0ms)
		AnalyzeDomain (14ms)
			TypeCache.Refresh (5ms)
				TypeCache.ScanAssembly (0ms)
			ScanForSourceGeneratedMonoScriptInfo (0ms)
			ResolveRequiredComponents (8ms)
	FinalizeReload (1141ms)
		ReleaseScriptCaches (0ms)
		RebuildScriptCaches (0ms)
		SetupLoadedEditorAssemblies (386ms)
			LogAssemblyErrors (0ms)
			InitializePlatformSupportModulesInManaged (5ms)
			SetLoadedEditorAssemblies (2ms)
			RefreshPlugins (0ms)
			BeforeProcessingInitializeOnLoad (71ms)
			ProcessInitializeOnLoadAttributes (244ms)
			ProcessInitializeOnLoadMethodAttributes (56ms)
			AfterProcessingInitializeOnLoad (8ms)
			EditorAssembliesLoaded (0ms)
		ExecutionOrderSort2 (0ms)
		AwakeInstancesAfterBackupRestoration (15ms)
Refreshing native plugins compatible for Editor in 11.98 ms, found 4 plugins.
Preloading 0 native plugins for Editor in 0.00 ms.
Unloading 6129 Unused Serialized files (Serialized files now loaded: 0)
Unloading 71 unused Assets / (3.7 MB). Loaded Objects now: 6967.
Memory consumption went from 215.4 MB to 211.7 MB.
Total: 4.570400 ms (FindLiveObjects: 0.475900 ms CreateObjectMapping: 0.162200 ms MarkObjects: 2.577600 ms  DeleteObjects: 1.354100 ms)

Prepare: number of updated asset objects reloaded= 0
AssetImportParameters requested are different than current active one (requested -> active):
  custom:container-demuxer-ogg: 62fdf1f143b41e24485cea50d1cbac27 -> 
  custom:video-decoder-ogg-theora: a1e56fd34408186e4bbccfd4996cb3dc -> 
  custom:framework-win-MediaFoundation: 216162199b28c13a410421893ffa2e32 -> 
  custom:CustomObjectIndexerAttribute: 72b91833f83ae208fae7752999fa3104 -> 
  custom:container-demuxer-webm: 4f35f7cbe854078d1ac9338744f61a02 -> 
  custom:container-muxer-webm: aa71ff27fc2769a1b78a27578f13a17b -> 
  custom:video-decoder-webm-vp8: 9c59270c3fd7afecdb556c50c9e8de78 -> 
  custom:SearchIndexIgnoredProperties: e643bd26f0fe6173181afceb89e7c659 -> 
  custom:AudioImporter_EditorPlatform: d09bf68614088b80899f8185d706f6e7 -> 
  custom:scripting/monoscript/fileName/StartButtonPress.cs: 171652a4042feb5894da6f28cd16f8b1 -> 
  custom:video-encoder-webm-vp8: eb34c28f22e8b96e1ab97ce403110664 -> 
  custom:audio-decoder-ogg-vorbis: bf7c407c2cedff20999df2af8eb42d56 -> 
  custom:scripting/monoscript/fileName/ButtonPressFunctions.cs: c69da298dc560d263b739d349aab1bd5 -> 171652a4042feb5894da6f28cd16f8b1
  custom:audio-encoder-webm-vorbis: bf7c407c2cedff20999df2af8eb42d56 -> 
  custom:scripting/precompiled-assembly-types:Assembly-CSharp: da2faec38cfe09edcaae453f2528722b -> 19f9d2651501b7bdb41169eb49716a0a
========================================================================
Received Prepare
Caller must complete domain reload
Begin MonoManager ReloadAssembly
- Loaded All Assemblies, in  0.369 seconds
Native extension for WindowsStandalone target not found
Mono: successfully reloaded assembly
- Finished resetting the current domain, in  1.132 seconds
Domain Reload Profiling: 1497ms
	BeginReloadAssembly (125ms)
		ExecutionOrderSort (0ms)
		DisableScriptedObjects (7ms)
		BackupInstance (0ms)
		ReleaseScriptingObjects (0ms)
		CreateAndSetChildDomain (34ms)
	RebuildCommonClasses (21ms)
	RebuildNativeTypeToScriptingClass (8ms)
	initialDomainReloadingComplete (24ms)
	LoadAllAssembliesAndSetupDomain (186ms)
		LoadAssemblies (226ms)
		RebuildTransferFunctionScriptingTraits (0ms)
		AnalyzeDomain (15ms)
			TypeCache.Refresh (5ms)
				TypeCache.ScanAssembly (0ms)
			ScanForSourceGeneratedMonoScriptInfo (0ms)
			ResolveRequiredComponents (9ms)
	FinalizeReload (1132ms)
		ReleaseScriptCaches (0ms)
		RebuildScriptCaches (0ms)
		SetupLoadedEditorAssemblies (384ms)
			LogAssemblyErrors (0ms)
			InitializePlatformSupportModulesInManaged (6ms)
			SetLoadedEditorAssemblies (3ms)
			RefreshPlugins (0ms)
			BeforeProcessingInitializeOnLoad (76ms)
			ProcessInitializeOnLoadAttributes (242ms)
			ProcessInitializeOnLoadMethodAttributes (51ms)
			AfterProcessingInitializeOnLoad (7ms)
			EditorAssembliesLoaded (0ms)
		ExecutionOrderSort2 (0ms)
		AwakeInstancesAfterBackupRestoration (13ms)
Refreshing native plugins compatible for Editor in 13.82 ms, found 4 plugins.
Preloading 0 native plugins for Editor in 0.00 ms.
Unloading 6129 Unused Serialized files (Serialized files now loaded: 0)
Unloading 71 unused Assets / (3.7 MB). Loaded Objects now: 6984.
Memory consumption went from 215.5 MB to 211.7 MB.
Total: 5.502300 ms (FindLiveObjects: 0.455100 ms CreateObjectMapping: 0.259400 ms MarkObjects: 3.114800 ms  DeleteObjects: 1.672300 ms)

Prepare: number of updated asset objects reloaded= 0
AssetImportParameters requested are different than current active one (requested -> active):
  custom:container-demuxer-ogg: 62fdf1f143b41e24485cea50d1cbac27 -> 
  custom:video-decoder-ogg-theora: a1e56fd34408186e4bbccfd4996cb3dc -> 
  custom:framework-win-MediaFoundation: 216162199b28c13a410421893ffa2e32 -> 
  custom:CustomObjectIndexerAttribute: 72b91833f83ae208fae7752999fa3104 -> 
  custom:container-demuxer-webm: 4f35f7cbe854078d1ac9338744f61a02 -> 
  custom:container-muxer-webm: aa71ff27fc2769a1b78a27578f13a17b -> 
  custom:video-decoder-webm-vp8: 9c59270c3fd7afecdb556c50c9e8de78 -> 
  custom:SearchIndexIgnoredProperties: e643bd26f0fe6173181afceb89e7c659 -> 
  custom:AudioImporter_EditorPlatform: d09bf68614088b80899f8185d706f6e7 -> 
  custom:scripting/monoscript/fileName/StartButtonPress.cs: 171652a4042feb5894da6f28cd16f8b1 -> 
  custom:video-encoder-webm-vp8: eb34c28f22e8b96e1ab97ce403110664 -> 
  custom:audio-decoder-ogg-vorbis: bf7c407c2cedff20999df2af8eb42d56 -> 
  custom:scripting/monoscript/fileName/ButtonPressFunctions.cs: c69da298dc560d263b739d349aab1bd5 -> 171652a4042feb5894da6f28cd16f8b1
  custom:audio-encoder-webm-vorbis: bf7c407c2cedff20999df2af8eb42d56 -> 
  custom:scripting/precompiled-assembly-types:Assembly-CSharp: da2faec38cfe09edcaae453f2528722b -> 19f9d2651501b7bdb41169eb49716a0a
========================================================================
Received Prepare
Caller must complete domain reload
Begin MonoManager ReloadAssembly
- Loaded All Assemblies, in  0.461 seconds
Native extension for WindowsStandalone target not found
Mono: successfully reloaded assembly
- Finished resetting the current domain, in  1.137 seconds
Domain Reload Profiling: 1594ms
	BeginReloadAssembly (135ms)
		ExecutionOrderSort (0ms)
		DisableScriptedObjects (8ms)
		BackupInstance (0ms)
		ReleaseScriptingObjects (0ms)
		CreateAndSetChildDomain (33ms)
	RebuildCommonClasses (22ms)
	RebuildNativeTypeToScriptingClass (8ms)
	initialDomainReloadingComplete (25ms)
	LoadAllAssembliesAndSetupDomain (266ms)
		LoadAssemblies (291ms)
		RebuildTransferFunctionScriptingTraits (0ms)
		AnalyzeDomain (40ms)
			TypeCache.Refresh (10ms)
				TypeCache.ScanAssembly (1ms)
			ScanForSourceGeneratedMonoScriptInfo (20ms)
			ResolveRequiredComponents (8ms)
	FinalizeReload (1137ms)
		ReleaseScriptCaches (0ms)
		RebuildScriptCaches (0ms)
		SetupLoadedEditorAssemblies (386ms)
			LogAssemblyErrors (0ms)
			InitializePlatformSupportModulesInManaged (6ms)
			SetLoadedEditorAssemblies (3ms)
			RefreshPlugins (0ms)
			BeforeProcessingInitializeOnLoad (76ms)
			ProcessInitializeOnLoadAttributes (240ms)
			ProcessInitializeOnLoadMethodAttributes (52ms)
			AfterProcessingInitializeOnLoad (8ms)
			EditorAssembliesLoaded (0ms)
		ExecutionOrderSort2 (0ms)
		AwakeInstancesAfterBackupRestoration (13ms)
Refreshing native plugins compatible for Editor in 8.11 ms, found 4 plugins.
Preloading 0 native plugins for Editor in 0.00 ms.
Unloading 6129 Unused Serialized files (Serialized files now loaded: 0)
Unloading 71 unused Assets / (3.7 MB). Loaded Objects now: 7001.
Memory consumption went from 215.5 MB to 211.7 MB.
Total: 18.509400 ms (FindLiveObjects: 12.023200 ms CreateObjectMapping: 0.265900 ms MarkObjects: 4.176000 ms  DeleteObjects: 2.043200 ms)

Prepare: number of updated asset objects reloaded= 0
AssetImportParameters requested are different than current active one (requested -> active):
  custom:container-demuxer-ogg: 62fdf1f143b41e24485cea50d1cbac27 -> 
  custom:video-decoder-ogg-theora: a1e56fd34408186e4bbccfd4996cb3dc -> 
  custom:framework-win-MediaFoundation: 216162199b28c13a410421893ffa2e32 -> 
  custom:CustomObjectIndexerAttribute: 72b91833f83ae208fae7752999fa3104 -> 
  custom:container-demuxer-webm: 4f35f7cbe854078d1ac9338744f61a02 -> 
  custom:container-muxer-webm: aa71ff27fc2769a1b78a27578f13a17b -> 
  custom:video-decoder-webm-vp8: 9c59270c3fd7afecdb556c50c9e8de78 -> 
  custom:SearchIndexIgnoredProperties: e643bd26f0fe6173181afceb89e7c659 -> 
  custom:AudioImporter_EditorPlatform: d09bf68614088b80899f8185d706f6e7 -> 
  custom:scripting/monoscript/fileName/StartButtonPress.cs: 171652a4042feb5894da6f28cd16f8b1 -> 
  custom:video-encoder-webm-vp8: eb34c28f22e8b96e1ab97ce403110664 -> 
  custom:audio-decoder-ogg-vorbis: bf7c407c2cedff20999df2af8eb42d56 -> 
  custom:scripting/monoscript/fileName/ButtonPressFunctions.cs: c69da298dc560d263b739d349aab1bd5 -> 171652a4042feb5894da6f28cd16f8b1
  custom:audio-encoder-webm-vorbis: bf7c407c2cedff20999df2af8eb42d56 -> 
  custom:scripting/precompiled-assembly-types:Assembly-CSharp: da2faec38cfe09edcaae453f2528722b -> 19f9d2651501b7bdb41169eb49716a0a
========================================================================
Received Prepare
Caller must complete domain reload
Begin MonoManager ReloadAssembly
- Loaded All Assemblies, in  0.398 seconds
Native extension for WindowsStandalone target not found
Mono: successfully reloaded assembly
- Finished resetting the current domain, in  1.135 seconds
Domain Reload Profiling: 1526ms
	BeginReloadAssembly (126ms)
		ExecutionOrderSort (0ms)
		DisableScriptedObjects (8ms)
		BackupInstance (0ms)
		ReleaseScriptingObjects (0ms)
		CreateAndSetChildDomain (31ms)
	RebuildCommonClasses (22ms)
	RebuildNativeTypeToScriptingClass (8ms)
	initialDomainReloadingComplete (22ms)
	LoadAllAssembliesAndSetupDomain (211ms)
		LoadAssemblies (254ms)
		RebuildTransferFunctionScriptingTraits (0ms)
		AnalyzeDomain (15ms)
			TypeCache.Refresh (5ms)
				TypeCache.ScanAssembly (0ms)
			ScanForSourceGeneratedMonoScriptInfo (0ms)
			ResolveRequiredComponents (9ms)
	FinalizeReload (1136ms)
		ReleaseScriptCaches (0ms)
		RebuildScriptCaches (0ms)
		SetupLoadedEditorAssemblies (397ms)
			LogAssemblyErrors (0ms)
			InitializePlatformSupportModulesInManaged (6ms)
			SetLoadedEditorAssemblies (3ms)
			RefreshPlugins (0ms)
			BeforeProcessingInitializeOnLoad (76ms)
			ProcessInitializeOnLoadAttributes (250ms)
			ProcessInitializeOnLoadMethodAttributes (54ms)
			AfterProcessingInitializeOnLoad (9ms)
			EditorAssembliesLoaded (0ms)
		ExecutionOrderSort2 (0ms)
		AwakeInstancesAfterBackupRestoration (14ms)
Refreshing native plugins compatible for Editor in 11.73 ms, found 4 plugins.
Preloading 0 native plugins for Editor in 0.00 ms.
Unloading 6129 Unused Serialized files (Serialized files now loaded: 0)
Unloading 71 unused Assets / (3.8 MB). Loaded Objects now: 7018.
Memory consumption went from 215.5 MB to 211.7 MB.
Total: 4.543100 ms (FindLiveObjects: 0.423600 ms CreateObjectMapping: 0.101800 ms MarkObjects: 2.194600 ms  DeleteObjects: 1.822300 ms)

Prepare: number of updated asset objects reloaded= 0
AssetImportParameters requested are different than current active one (requested -> active):
  custom:container-demuxer-ogg: 62fdf1f143b41e24485cea50d1cbac27 -> 
  custom:video-decoder-ogg-theora: a1e56fd34408186e4bbccfd4996cb3dc -> 
  custom:framework-win-MediaFoundation: 216162199b28c13a410421893ffa2e32 -> 
  custom:CustomObjectIndexerAttribute: 72b91833f83ae208fae7752999fa3104 -> 
  custom:container-demuxer-webm: 4f35f7cbe854078d1ac9338744f61a02 -> 
  custom:container-muxer-webm: aa71ff27fc2769a1b78a27578f13a17b -> 
  custom:video-decoder-webm-vp8: 9c59270c3fd7afecdb556c50c9e8de78 -> 
  custom:SearchIndexIgnoredProperties: e643bd26f0fe6173181afceb89e7c659 -> 
  custom:AudioImporter_EditorPlatform: d09bf68614088b80899f8185d706f6e7 -> 
  custom:scripting/monoscript/fileName/StartButtonPress.cs: 171652a4042feb5894da6f28cd16f8b1 -> 
  custom:video-encoder-webm-vp8: eb34c28f22e8b96e1ab97ce403110664 -> 
  custom:audio-decoder-ogg-vorbis: bf7c407c2cedff20999df2af8eb42d56 -> 
  custom:scripting/monoscript/fileName/ButtonPressFunctions.cs: c69da298dc560d263b739d349aab1bd5 -> 171652a4042feb5894da6f28cd16f8b1
  custom:audio-encoder-webm-vorbis: bf7c407c2cedff20999df2af8eb42d56 -> 
  custom:scripting/precompiled-assembly-types:Assembly-CSharp: da2faec38cfe09edcaae453f2528722b -> 19f9d2651501b7bdb41169eb49716a0a
========================================================================
Received Import Request.
  Time since last request: 450.607980 seconds.
  path: Assets/Tutorials/Pop.aiff
  artifactKey: Guid(93fbb109633e844259ea828442bda0cb) Importer(815301076,1909f56bfc062723c751e8b465ee728b)
Start importing Assets/Tutorials/Pop.aiff using Guid(93fbb109633e844259ea828442bda0cb) Importer(815301076,1909f56bfc062723c751e8b465ee728b) [PhysX] Initialized MultithreadedTaskDispatcher with 12 workers.
[PhysX] Initialized MultithreadedTaskDispatcher with 12 workers.
 -> (artifact id: '2dc19397f9af0572f1e1d53c6eeb90e1') in 0.072685 seconds
Number of updated asset objects reloaded before import = 0
Number of asset objects unloaded after import = 2
========================================================================
Received Import Request.
  Time since last request: 0.000018 seconds.
  path: Assets/Tutorials/Tutorials.asset
  artifactKey: Guid(977fb762f450240fd9006b8153a0f534) Importer(815301076,1909f56bfc062723c751e8b465ee728b)
Start importing Assets/Tutorials/Tutorials.asset using Guid(977fb762f450240fd9006b8153a0f534) Importer(815301076,1909f56bfc062723c751e8b465ee728b) [PhysX] Initialized MultithreadedTaskDispatcher with 12 workers.
 -> (artifact id: '35aa66597f56cc888d3d9e7ef18ed096') in 0.093886 seconds
Number of updated asset objects reloaded before import = 0
Number of asset objects unloaded after import = 142
========================================================================
Received Import Request.
  Time since last request: 0.000014 seconds.
  path: Assets/Tutorials/TutorialHeader.png
  artifactKey: Guid(5384282a0273144fa9333beb77183cb4) Importer(815301076,1909f56bfc062723c751e8b465ee728b)
Start importing Assets/Tutorials/TutorialHeader.png using Guid(5384282a0273144fa9333beb77183cb4) Importer(815301076,1909f56bfc062723c751e8b465ee728b) [PhysX] Initialized MultithreadedTaskDispatcher with 12 workers.
[PhysX] Initialized MultithreadedTaskDispatcher with 12 workers.
 -> (artifact id: '00f8298cc6b304793d9735c7e30efbe5') in 0.029318 seconds
Number of updated asset objects reloaded before import = 0
Number of asset objects unloaded after import = 2
========================================================================
Received Import Request.
  Time since last request: 0.000018 seconds.
  path: Assets/Tutorials/Unity.Platformer.Tutorials.asmdef
  artifactKey: Guid(31dfa4f98b707e143912a08d1b696719) Importer(815301076,1909f56bfc062723c751e8b465ee728b)
Start importing Assets/Tutorials/Unity.Platformer.Tutorials.asmdef using Guid(31dfa4f98b707e143912a08d1b696719) Importer(815301076,1909f56bfc062723c751e8b465ee728b) [PhysX] Initialized MultithreadedTaskDispatcher with 12 workers.
 -> (artifact id: 'd7b43e49de022934b21c65fb27fbafe6') in 0.000759 seconds
Number of updated asset objects reloaded before import = 0
Number of asset objects unloaded after import = 0
========================================================================
Received Import Request.
  Time since last request: 0.000019 seconds.
  path: Assets/Tutorials/WelcomeDialogArt.png
  artifactKey: Guid(4c7cbe18ed8044725bafa532fbd5ec8e) Importer(815301076,1909f56bfc062723c751e8b465ee728b)
Start importing Assets/Tutorials/WelcomeDialogArt.png using Guid(4c7cbe18ed8044725bafa532fbd5ec8e) Importer(815301076,1909f56bfc062723c751e8b465ee728b) [PhysX] Initialized MultithreadedTaskDispatcher with 12 workers.
[PhysX] Initialized MultithreadedTaskDispatcher with 12 workers.
 -> (artifact id: '9d8a567a687c5052c2af0dc80af98e72') in 0.013791 seconds
Number of updated asset objects reloaded before import = 0
Number of asset objects unloaded after import = 2
========================================================================
Received Import Request.
  Time since last request: 0.000016 seconds.
  path: Assets/Tutorials/TutorialCallbacks.asset
  artifactKey: Guid(25807e83b802152438a49f8e07814842) Importer(815301076,1909f56bfc062723c751e8b465ee728b)
Start importing Assets/Tutorials/TutorialCallbacks.asset using Guid(25807e83b802152438a49f8e07814842) Importer(815301076,1909f56bfc062723c751e8b465ee728b) [PhysX] Initialized MultithreadedTaskDispatcher with 12 workers.
 -> (artifact id: '8710f1d72c41b110e88ed5e36d660965') in 0.001146 seconds
Number of updated asset objects reloaded before import = 0
Number of asset objects unloaded after import = 1
========================================================================
Received Import Request.
  Time since last request: 14.852699 seconds.
  path: Assets/UI Assets+Sprites/TitleScreen Project.psd
  artifactKey: Guid(762179c944d10734b8406d885ed440e6) Importer(815301076,1909f56bfc062723c751e8b465ee728b)
Start importing Assets/UI Assets+Sprites/TitleScreen Project.psd using Guid(762179c944d10734b8406d885ed440e6) Importer(815301076,1909f56bfc062723c751e8b465ee728b) [PhysX] Initialized MultithreadedTaskDispatcher with 12 workers.
[PhysX] Initialized MultithreadedTaskDispatcher with 12 workers.
 -> (artifact id: '7875ea202cfdeb8e6724a2ea01560e91') in 0.024209 seconds
Number of updated asset objects reloaded before import = 0
Number of asset objects unloaded after import = 3
========================================================================
Received Prepare
Caller must complete domain reload
Begin MonoManager ReloadAssembly
- Loaded All Assemblies, in  0.380 seconds
Native extension for WindowsStandalone target not found
Mono: successfully reloaded assembly
- Finished resetting the current domain, in  1.142 seconds
Domain Reload Profiling: 1517ms
	BeginReloadAssembly (128ms)
		ExecutionOrderSort (0ms)
		DisableScriptedObjects (8ms)
		BackupInstance (0ms)
		ReleaseScriptingObjects (0ms)
		CreateAndSetChildDomain (35ms)
	RebuildCommonClasses (22ms)
	RebuildNativeTypeToScriptingClass (8ms)
	initialDomainReloadingComplete (24ms)
	LoadAllAssembliesAndSetupDomain (192ms)
		LoadAssemblies (234ms)
		RebuildTransferFunctionScriptingTraits (0ms)
		AnalyzeDomain (15ms)
			TypeCache.Refresh (4ms)
				TypeCache.ScanAssembly (0ms)
			ScanForSourceGeneratedMonoScriptInfo (0ms)
			ResolveRequiredComponents (10ms)
	FinalizeReload (1142ms)
		ReleaseScriptCaches (0ms)
		RebuildScriptCaches (0ms)
		SetupLoadedEditorAssemblies (406ms)
			LogAssemblyErrors (0ms)
			InitializePlatformSupportModulesInManaged (6ms)
			SetLoadedEditorAssemblies (3ms)
			RefreshPlugins (0ms)
			BeforeProcessingInitializeOnLoad (77ms)
			ProcessInitializeOnLoadAttributes (252ms)
			ProcessInitializeOnLoadMethodAttributes (58ms)
			AfterProcessingInitializeOnLoad (9ms)
			EditorAssembliesLoaded (0ms)
		ExecutionOrderSort2 (0ms)
		AwakeInstancesAfterBackupRestoration (14ms)
Refreshing native plugins compatible for Editor in 19.74 ms, found 4 plugins.
Preloading 0 native plugins for Editor in 0.00 ms.
Unloading 6129 Unused Serialized files (Serialized files now loaded: 0)
Unloading 71 unused Assets / (3.7 MB). Loaded Objects now: 7042.
Memory consumption went from 215.6 MB to 211.8 MB.
Total: 5.012000 ms (FindLiveObjects: 0.644100 ms CreateObjectMapping: 0.268700 ms MarkObjects: 2.616100 ms  DeleteObjects: 1.482300 ms)

Prepare: number of updated asset objects reloaded= 0
AssetImportParameters requested are different than current active one (requested -> active):
  custom:container-demuxer-ogg: 62fdf1f143b41e24485cea50d1cbac27 -> 
  custom:video-decoder-ogg-theora: a1e56fd34408186e4bbccfd4996cb3dc -> 
  custom:framework-win-MediaFoundation: 216162199b28c13a410421893ffa2e32 -> 
  custom:CustomObjectIndexerAttribute: 72b91833f83ae208fae7752999fa3104 -> 
  custom:container-demuxer-webm: 4f35f7cbe854078d1ac9338744f61a02 -> 
  custom:container-muxer-webm: aa71ff27fc2769a1b78a27578f13a17b -> 
  custom:video-decoder-webm-vp8: 9c59270c3fd7afecdb556c50c9e8de78 -> 
  custom:SearchIndexIgnoredProperties: e643bd26f0fe6173181afceb89e7c659 -> 
  custom:AudioImporter_EditorPlatform: d09bf68614088b80899f8185d706f6e7 -> 
  custom:scripting/monoscript/fileName/StartButtonPress.cs: 171652a4042feb5894da6f28cd16f8b1 -> 
  custom:video-encoder-webm-vp8: eb34c28f22e8b96e1ab97ce403110664 -> 
  custom:audio-decoder-ogg-vorbis: bf7c407c2cedff20999df2af8eb42d56 -> 
  custom:scripting/monoscript/fileName/ButtonPressFunctions.cs: c69da298dc560d263b739d349aab1bd5 -> 171652a4042feb5894da6f28cd16f8b1
  custom:audio-encoder-webm-vorbis: bf7c407c2cedff20999df2af8eb42d56 -> 
  custom:scripting/precompiled-assembly-types:Assembly-CSharp: da2faec38cfe09edcaae453f2528722b -> 19f9d2651501b7bdb41169eb49716a0a
========================================================================
Received Prepare
Caller must complete domain reload
Begin MonoManager ReloadAssembly
- Loaded All Assemblies, in  0.367 seconds
Native extension for WindowsStandalone target not found
Mono: successfully reloaded assembly
- Finished resetting the current domain, in  1.142 seconds
Domain Reload Profiling: 1504ms
	BeginReloadAssembly (125ms)
		ExecutionOrderSort (0ms)
		DisableScriptedObjects (7ms)
		BackupInstance (0ms)
		ReleaseScriptingObjects (0ms)
		CreateAndSetChildDomain (32ms)
	RebuildCommonClasses (22ms)
	RebuildNativeTypeToScriptingClass (8ms)
	initialDomainReloadingComplete (25ms)
	LoadAllAssembliesAndSetupDomain (182ms)
		LoadAssemblies (224ms)
		RebuildTransferFunctionScriptingTraits (0ms)
		AnalyzeDomain (14ms)
			TypeCache.Refresh (4ms)
				TypeCache.ScanAssembly (0ms)
			ScanForSourceGeneratedMonoScriptInfo (0ms)
			ResolveRequiredComponents (8ms)
	FinalizeReload (1142ms)
		ReleaseScriptCaches (0ms)
		RebuildScriptCaches (0ms)
		SetupLoadedEditorAssemblies (406ms)
			LogAssemblyErrors (0ms)
			InitializePlatformSupportModulesInManaged (6ms)
			SetLoadedEditorAssemblies (2ms)
			RefreshPlugins (0ms)
			BeforeProcessingInitializeOnLoad (71ms)
			ProcessInitializeOnLoadAttributes (260ms)
			ProcessInitializeOnLoadMethodAttributes (58ms)
			AfterProcessingInitializeOnLoad (8ms)
			EditorAssembliesLoaded (0ms)
		ExecutionOrderSort2 (0ms)
		AwakeInstancesAfterBackupRestoration (14ms)
Refreshing native plugins compatible for Editor in 19.04 ms, found 4 plugins.
Preloading 0 native plugins for Editor in 0.00 ms.
Unloading 6129 Unused Serialized files (Serialized files now loaded: 0)
Unloading 71 unused Assets / (3.6 MB). Loaded Objects now: 7059.
Memory consumption went from 215.5 MB to 211.8 MB.
Total: 4.572400 ms (FindLiveObjects: 0.569700 ms CreateObjectMapping: 0.101700 ms MarkObjects: 2.565100 ms  DeleteObjects: 1.335100 ms)

Prepare: number of updated asset objects reloaded= 0
AssetImportParameters requested are different than current active one (requested -> active):
  custom:container-demuxer-ogg: 62fdf1f143b41e24485cea50d1cbac27 -> 
  custom:video-decoder-ogg-theora: a1e56fd34408186e4bbccfd4996cb3dc -> 
  custom:framework-win-MediaFoundation: 216162199b28c13a410421893ffa2e32 -> 
  custom:CustomObjectIndexerAttribute: 72b91833f83ae208fae7752999fa3104 -> 
  custom:container-demuxer-webm: 4f35f7cbe854078d1ac9338744f61a02 -> 
  custom:container-muxer-webm: aa71ff27fc2769a1b78a27578f13a17b -> 
  custom:video-decoder-webm-vp8: 9c59270c3fd7afecdb556c50c9e8de78 -> 
  custom:SearchIndexIgnoredProperties: e643bd26f0fe6173181afceb89e7c659 -> 
  custom:AudioImporter_EditorPlatform: d09bf68614088b80899f8185d706f6e7 -> 
  custom:scripting/monoscript/fileName/StartButtonPress.cs: 171652a4042feb5894da6f28cd16f8b1 -> 
  custom:video-encoder-webm-vp8: eb34c28f22e8b96e1ab97ce403110664 -> 
  custom:audio-decoder-ogg-vorbis: bf7c407c2cedff20999df2af8eb42d56 -> 
  custom:scripting/monoscript/fileName/ButtonPressFunctions.cs: c69da298dc560d263b739d349aab1bd5 -> 171652a4042feb5894da6f28cd16f8b1
  custom:audio-encoder-webm-vorbis: bf7c407c2cedff20999df2af8eb42d56 -> 
  custom:scripting/precompiled-assembly-types:Assembly-CSharp: da2faec38cfe09edcaae453f2528722b -> 19f9d2651501b7bdb41169eb49716a0a
========================================================================
Received Prepare
Caller must complete domain reload
Begin MonoManager ReloadAssembly
- Loaded All Assemblies, in  0.365 seconds
Native extension for WindowsStandalone target not found
Mono: successfully reloaded assembly
- Finished resetting the current domain, in  1.152 seconds
Domain Reload Profiling: 1511ms
	BeginReloadAssembly (123ms)
		ExecutionOrderSort (0ms)
		DisableScriptedObjects (6ms)
		BackupInstance (0ms)
		ReleaseScriptingObjects (0ms)
		CreateAndSetChildDomain (31ms)
	RebuildCommonClasses (21ms)
	RebuildNativeTypeToScriptingClass (8ms)
	initialDomainReloadingComplete (25ms)
	LoadAllAssembliesAndSetupDomain (182ms)
		LoadAssemblies (225ms)
		RebuildTransferFunctionScriptingTraits (0ms)
		AnalyzeDomain (15ms)
			TypeCache.Refresh (4ms)
				TypeCache.ScanAssembly (0ms)
			ScanForSourceGeneratedMonoScriptInfo (0ms)
			ResolveRequiredComponents (9ms)
	FinalizeReload (1152ms)
		ReleaseScriptCaches (0ms)
		RebuildScriptCaches (0ms)
		SetupLoadedEditorAssemblies (410ms)
			LogAssemblyErrors (0ms)
			InitializePlatformSupportModulesInManaged (6ms)
			SetLoadedEditorAssemblies (3ms)
			RefreshPlugins (0ms)
			BeforeProcessingInitializeOnLoad (77ms)
			ProcessInitializeOnLoadAttributes (259ms)
			ProcessInitializeOnLoadMethodAttributes (57ms)
			AfterProcessingInitializeOnLoad (8ms)
			EditorAssembliesLoaded (0ms)
		ExecutionOrderSort2 (0ms)
		AwakeInstancesAfterBackupRestoration (15ms)
Refreshing native plugins compatible for Editor in 11.16 ms, found 4 plugins.
Preloading 0 native plugins for Editor in 0.00 ms.
Unloading 6129 Unused Serialized files (Serialized files now loaded: 0)
Unloading 71 unused Assets / (3.8 MB). Loaded Objects now: 7076.
Memory consumption went from 215.6 MB to 211.9 MB.
Total: 4.993300 ms (FindLiveObjects: 0.656100 ms CreateObjectMapping: 0.161800 ms MarkObjects: 2.414100 ms  DeleteObjects: 1.760300 ms)

Prepare: number of updated asset objects reloaded= 0
AssetImportParameters requested are different than current active one (requested -> active):
  custom:container-demuxer-ogg: 62fdf1f143b41e24485cea50d1cbac27 -> 
  custom:video-decoder-ogg-theora: a1e56fd34408186e4bbccfd4996cb3dc -> 
  custom:framework-win-MediaFoundation: 216162199b28c13a410421893ffa2e32 -> 
  custom:CustomObjectIndexerAttribute: 72b91833f83ae208fae7752999fa3104 -> 
  custom:container-demuxer-webm: 4f35f7cbe854078d1ac9338744f61a02 -> 
  custom:container-muxer-webm: aa71ff27fc2769a1b78a27578f13a17b -> 
  custom:video-decoder-webm-vp8: 9c59270c3fd7afecdb556c50c9e8de78 -> 
  custom:SearchIndexIgnoredProperties: e643bd26f0fe6173181afceb89e7c659 -> 
  custom:AudioImporter_EditorPlatform: d09bf68614088b80899f8185d706f6e7 -> 
  custom:scripting/monoscript/fileName/StartButtonPress.cs: 171652a4042feb5894da6f28cd16f8b1 -> 
  custom:video-encoder-webm-vp8: eb34c28f22e8b96e1ab97ce403110664 -> 
  custom:audio-decoder-ogg-vorbis: bf7c407c2cedff20999df2af8eb42d56 -> 
  custom:scripting/monoscript/fileName/ButtonPressFunctions.cs: c69da298dc560d263b739d349aab1bd5 -> 171652a4042feb5894da6f28cd16f8b1
  custom:audio-encoder-webm-vorbis: bf7c407c2cedff20999df2af8eb42d56 -> 
  custom:scripting/precompiled-assembly-types:Assembly-CSharp: da2faec38cfe09edcaae453f2528722b -> 19f9d2651501b7bdb41169eb49716a0a
========================================================================
Received Prepare
Caller must complete domain reload
Begin MonoManager ReloadAssembly
- Loaded All Assemblies, in  0.370 seconds
Native extension for WindowsStandalone target not found
Mono: successfully reloaded assembly
- Finished resetting the current domain, in  1.200 seconds
Domain Reload Profiling: 1565ms
	BeginReloadAssembly (125ms)
		ExecutionOrderSort (0ms)
		DisableScriptedObjects (7ms)
		BackupInstance (0ms)
		ReleaseScriptingObjects (0ms)
		CreateAndSetChildDomain (33ms)
	RebuildCommonClasses (22ms)
	RebuildNativeTypeToScriptingClass (8ms)
	initialDomainReloadingComplete (25ms)
	LoadAllAssembliesAndSetupDomain (186ms)
		LoadAssemblies (225ms)
		RebuildTransferFunctionScriptingTraits (0ms)
		AnalyzeDomain (15ms)
			TypeCache.Refresh (5ms)
				TypeCache.ScanAssembly (0ms)
			ScanForSourceGeneratedMonoScriptInfo (0ms)
			ResolveRequiredComponents (9ms)
	FinalizeReload (1201ms)
		ReleaseScriptCaches (0ms)
		RebuildScriptCaches (0ms)
		SetupLoadedEditorAssemblies (419ms)
			LogAssemblyErrors (0ms)
			InitializePlatformSupportModulesInManaged (6ms)
			SetLoadedEditorAssemblies (3ms)
			RefreshPlugins (0ms)
			BeforeProcessingInitializeOnLoad (79ms)
			ProcessInitializeOnLoadAttributes (262ms)
			ProcessInitializeOnLoadMethodAttributes (59ms)
			AfterProcessingInitializeOnLoad (9ms)
			EditorAssembliesLoaded (0ms)
		ExecutionOrderSort2 (0ms)
		AwakeInstancesAfterBackupRestoration (16ms)
Refreshing native plugins compatible for Editor in 25.10 ms, found 4 plugins.
Preloading 0 native plugins for Editor in 0.00 ms.
Unloading 6129 Unused Serialized files (Serialized files now loaded: 0)
Unloading 71 unused Assets / (3.7 MB). Loaded Objects now: 7093.
Memory consumption went from 215.5 MB to 211.9 MB.
Total: 4.973000 ms (FindLiveObjects: 0.470800 ms CreateObjectMapping: 0.099800 ms MarkObjects: 2.743500 ms  DeleteObjects: 1.657900 ms)

Prepare: number of updated asset objects reloaded= 0
AssetImportParameters requested are different than current active one (requested -> active):
  custom:container-demuxer-ogg: 62fdf1f143b41e24485cea50d1cbac27 -> 
  custom:video-decoder-ogg-theora: a1e56fd34408186e4bbccfd4996cb3dc -> 
  custom:framework-win-MediaFoundation: 216162199b28c13a410421893ffa2e32 -> 
  custom:CustomObjectIndexerAttribute: 72b91833f83ae208fae7752999fa3104 -> 
  custom:container-demuxer-webm: 4f35f7cbe854078d1ac9338744f61a02 -> 
  custom:container-muxer-webm: aa71ff27fc2769a1b78a27578f13a17b -> 
  custom:video-decoder-webm-vp8: 9c59270c3fd7afecdb556c50c9e8de78 -> 
  custom:SearchIndexIgnoredProperties: e643bd26f0fe6173181afceb89e7c659 -> 
  custom:AudioImporter_EditorPlatform: d09bf68614088b80899f8185d706f6e7 -> 
  custom:scripting/monoscript/fileName/StartButtonPress.cs: 171652a4042feb5894da6f28cd16f8b1 -> 
  custom:video-encoder-webm-vp8: eb34c28f22e8b96e1ab97ce403110664 -> 
  custom:audio-decoder-ogg-vorbis: bf7c407c2cedff20999df2af8eb42d56 -> 
  custom:scripting/monoscript/fileName/ButtonPressFunctions.cs: c69da298dc560d263b739d349aab1bd5 -> 171652a4042feb5894da6f28cd16f8b1
  custom:audio-encoder-webm-vorbis: bf7c407c2cedff20999df2af8eb42d56 -> 
  custom:scripting/precompiled-assembly-types:Assembly-CSharp: da2faec38cfe09edcaae453f2528722b -> 19f9d2651501b7bdb41169eb49716a0a
========================================================================
Received Prepare
Caller must complete domain reload
Begin MonoManager ReloadAssembly
- Loaded All Assemblies, in  0.396 seconds
Native extension for WindowsStandalone target not found
Mono: successfully reloaded assembly
- Finished resetting the current domain, in  1.134 seconds
Domain Reload Profiling: 1524ms
	BeginReloadAssembly (130ms)
		ExecutionOrderSort (0ms)
		DisableScriptedObjects (7ms)
		BackupInstance (0ms)
		ReleaseScriptingObjects (0ms)
		CreateAndSetChildDomain (33ms)
	RebuildCommonClasses (22ms)
	RebuildNativeTypeToScriptingClass (8ms)
	initialDomainReloadingComplete (24ms)
	LoadAllAssembliesAndSetupDomain (207ms)
		LoadAssemblies (231ms)
		RebuildTransferFunctionScriptingTraits (0ms)
		AnalyzeDomain (34ms)
			TypeCache.Refresh (8ms)
				TypeCache.ScanAssembly (1ms)
			ScanForSourceGeneratedMonoScriptInfo (16ms)
			ResolveRequiredComponents (8ms)
	FinalizeReload (1134ms)
		ReleaseScriptCaches (0ms)
		RebuildScriptCaches (0ms)
		SetupLoadedEditorAssemblies (347ms)
			LogAssemblyErrors (0ms)
			InitializePlatformSupportModulesInManaged (5ms)
			SetLoadedEditorAssemblies (2ms)
			RefreshPlugins (0ms)
			BeforeProcessingInitializeOnLoad (66ms)
			ProcessInitializeOnLoadAttributes (218ms)
			ProcessInitializeOnLoadMethodAttributes (49ms)
			AfterProcessingInitializeOnLoad (7ms)
			EditorAssembliesLoaded (0ms)
		ExecutionOrderSort2 (0ms)
		AwakeInstancesAfterBackupRestoration (12ms)
Refreshing native plugins compatible for Editor in 9.87 ms, found 4 plugins.
Preloading 0 native plugins for Editor in 0.00 ms.
Unloading 6129 Unused Serialized files (Serialized files now loaded: 0)
Unloading 71 unused Assets / (3.7 MB). Loaded Objects now: 7110.
Memory consumption went from 215.6 MB to 211.9 MB.
Total: 4.882000 ms (FindLiveObjects: 0.452100 ms CreateObjectMapping: 0.103500 ms MarkObjects: 2.800500 ms  DeleteObjects: 1.525100 ms)

Prepare: number of updated asset objects reloaded= 0
AssetImportParameters requested are different than current active one (requested -> active):
  custom:container-demuxer-ogg: 62fdf1f143b41e24485cea50d1cbac27 -> 
  custom:video-decoder-ogg-theora: a1e56fd34408186e4bbccfd4996cb3dc -> 
  custom:framework-win-MediaFoundation: 216162199b28c13a410421893ffa2e32 -> 
  custom:CustomObjectIndexerAttribute: 72b91833f83ae208fae7752999fa3104 -> 
  custom:container-demuxer-webm: 4f35f7cbe854078d1ac9338744f61a02 -> 
  custom:container-muxer-webm: aa71ff27fc2769a1b78a27578f13a17b -> 
  custom:video-decoder-webm-vp8: 9c59270c3fd7afecdb556c50c9e8de78 -> 
  custom:SearchIndexIgnoredProperties: e643bd26f0fe6173181afceb89e7c659 -> 
  custom:AudioImporter_EditorPlatform: d09bf68614088b80899f8185d706f6e7 -> 
  custom:scripting/monoscript/fileName/StartButtonPress.cs: 171652a4042feb5894da6f28cd16f8b1 -> 
  custom:video-encoder-webm-vp8: eb34c28f22e8b96e1ab97ce403110664 -> 
  custom:audio-decoder-ogg-vorbis: bf7c407c2cedff20999df2af8eb42d56 -> 
  custom:scripting/monoscript/fileName/ButtonPressFunctions.cs: c69da298dc560d263b739d349aab1bd5 -> 171652a4042feb5894da6f28cd16f8b1
  custom:audio-encoder-webm-vorbis: bf7c407c2cedff20999df2af8eb42d56 -> 
  custom:scripting/precompiled-assembly-types:Assembly-CSharp: da2faec38cfe09edcaae453f2528722b -> 19f9d2651501b7bdb41169eb49716a0a
========================================================================
Received Prepare
Caller must complete domain reload
Begin MonoManager ReloadAssembly
- Loaded All Assemblies, in  0.369 seconds
Native extension for WindowsStandalone target not found
Mono: successfully reloaded assembly
- Finished resetting the current domain, in  1.201 seconds
Domain Reload Profiling: 1566ms
	BeginReloadAssembly (125ms)
		ExecutionOrderSort (0ms)
		DisableScriptedObjects (7ms)
		BackupInstance (0ms)
		ReleaseScriptingObjects (0ms)
		CreateAndSetChildDomain (32ms)
	RebuildCommonClasses (24ms)
	RebuildNativeTypeToScriptingClass (9ms)
	initialDomainReloadingComplete (23ms)
	LoadAllAssembliesAndSetupDomain (185ms)
		LoadAssemblies (226ms)
		RebuildTransferFunctionScriptingTraits (0ms)
		AnalyzeDomain (15ms)
			TypeCache.Refresh (4ms)
				TypeCache.ScanAssembly (0ms)
			ScanForSourceGeneratedMonoScriptInfo (0ms)
			ResolveRequiredComponents (8ms)
	FinalizeReload (1202ms)
		ReleaseScriptCaches (0ms)
		RebuildScriptCaches (0ms)
		SetupLoadedEditorAssemblies (414ms)
			LogAssemblyErrors (0ms)
			InitializePlatformSupportModulesInManaged (6ms)
			SetLoadedEditorAssemblies (3ms)
			RefreshPlugins (0ms)
			BeforeProcessingInitializeOnLoad (79ms)
			ProcessInitializeOnLoadAttributes (259ms)
			ProcessInitializeOnLoadMethodAttributes (58ms)
			AfterProcessingInitializeOnLoad (9ms)
			EditorAssembliesLoaded (0ms)
		ExecutionOrderSort2 (0ms)
		AwakeInstancesAfterBackupRestoration (15ms)
Refreshing native plugins compatible for Editor in 9.48 ms, found 4 plugins.
Preloading 0 native plugins for Editor in 0.00 ms.
Unloading 6129 Unused Serialized files (Serialized files now loaded: 0)
Unloading 71 unused Assets / (3.7 MB). Loaded Objects now: 7127.
Memory consumption went from 215.6 MB to 211.9 MB.
Total: 4.523000 ms (FindLiveObjects: 0.480200 ms CreateObjectMapping: 0.102200 ms MarkObjects: 2.384800 ms  DeleteObjects: 1.554800 ms)

Prepare: number of updated asset objects reloaded= 0
AssetImportParameters requested are different than current active one (requested -> active):
  custom:container-demuxer-ogg: 62fdf1f143b41e24485cea50d1cbac27 -> 
  custom:video-decoder-ogg-theora: a1e56fd34408186e4bbccfd4996cb3dc -> 
  custom:framework-win-MediaFoundation: 216162199b28c13a410421893ffa2e32 -> 
  custom:CustomObjectIndexerAttribute: 72b91833f83ae208fae7752999fa3104 -> 
  custom:container-demuxer-webm: 4f35f7cbe854078d1ac9338744f61a02 -> 
  custom:container-muxer-webm: aa71ff27fc2769a1b78a27578f13a17b -> 
  custom:video-decoder-webm-vp8: 9c59270c3fd7afecdb556c50c9e8de78 -> 
  custom:SearchIndexIgnoredProperties: e643bd26f0fe6173181afceb89e7c659 -> 
  custom:AudioImporter_EditorPlatform: d09bf68614088b80899f8185d706f6e7 -> 
  custom:scripting/monoscript/fileName/StartButtonPress.cs: 171652a4042feb5894da6f28cd16f8b1 -> 
  custom:video-encoder-webm-vp8: eb34c28f22e8b96e1ab97ce403110664 -> 
  custom:audio-decoder-ogg-vorbis: bf7c407c2cedff20999df2af8eb42d56 -> 
  custom:scripting/monoscript/fileName/ButtonPressFunctions.cs: c69da298dc560d263b739d349aab1bd5 -> 171652a4042feb5894da6f28cd16f8b1
  custom:audio-encoder-webm-vorbis: bf7c407c2cedff20999df2af8eb42d56 -> 
  custom:scripting/precompiled-assembly-types:Assembly-CSharp: da2faec38cfe09edcaae453f2528722b -> 19f9d2651501b7bdb41169eb49716a0a
========================================================================
Received Prepare
Caller must complete domain reload
Begin MonoManager ReloadAssembly
- Loaded All Assemblies, in  0.370 seconds
Native extension for WindowsStandalone target not found
Mono: successfully reloaded assembly
- Finished resetting the current domain, in  1.256 seconds
Domain Reload Profiling: 1621ms
	BeginReloadAssembly (123ms)
		ExecutionOrderSort (0ms)
		DisableScriptedObjects (7ms)
		BackupInstance (0ms)
		ReleaseScriptingObjects (0ms)
		CreateAndSetChildDomain (31ms)
	RebuildCommonClasses (23ms)
	RebuildNativeTypeToScriptingClass (8ms)
	initialDomainReloadingComplete (24ms)
	LoadAllAssembliesAndSetupDomain (187ms)
		LoadAssemblies (229ms)
		RebuildTransferFunctionScriptingTraits (0ms)
		AnalyzeDomain (14ms)
			TypeCache.Refresh (4ms)
				TypeCache.ScanAssembly (0ms)
			ScanForSourceGeneratedMonoScriptInfo (0ms)
			ResolveRequiredComponents (8ms)
	FinalizeReload (1257ms)
		ReleaseScriptCaches (0ms)
		RebuildScriptCaches (0ms)
		SetupLoadedEditorAssemblies (340ms)
			LogAssemblyErrors (0ms)
			InitializePlatformSupportModulesInManaged (5ms)
			SetLoadedEditorAssemblies (2ms)
			RefreshPlugins (0ms)
			BeforeProcessingInitializeOnLoad (68ms)
			ProcessInitializeOnLoadAttributes (212ms)
			ProcessInitializeOnLoadMethodAttributes (46ms)
			AfterProcessingInitializeOnLoad (7ms)
			EditorAssembliesLoaded (0ms)
		ExecutionOrderSort2 (0ms)
		AwakeInstancesAfterBackupRestoration (12ms)
Refreshing native plugins compatible for Editor in 8.99 ms, found 4 plugins.
Preloading 0 native plugins for Editor in 0.00 ms.
Unloading 6129 Unused Serialized files (Serialized files now loaded: 0)
Unloading 71 unused Assets / (3.7 MB). Loaded Objects now: 7144.
Memory consumption went from 215.6 MB to 211.9 MB.
Total: 5.292000 ms (FindLiveObjects: 0.822000 ms CreateObjectMapping: 0.319200 ms MarkObjects: 2.368400 ms  DeleteObjects: 1.781300 ms)

Prepare: number of updated asset objects reloaded= 1
AssetImportParameters requested are different than current active one (requested -> active):
  custom:container-demuxer-ogg: 62fdf1f143b41e24485cea50d1cbac27 -> 
  custom:video-decoder-ogg-theora: a1e56fd34408186e4bbccfd4996cb3dc -> 
  custom:framework-win-MediaFoundation: 216162199b28c13a410421893ffa2e32 -> 
  custom:CustomObjectIndexerAttribute: 72b91833f83ae208fae7752999fa3104 -> 
  custom:container-demuxer-webm: 4f35f7cbe854078d1ac9338744f61a02 -> 
  custom:container-muxer-webm: aa71ff27fc2769a1b78a27578f13a17b -> 
  custom:video-decoder-webm-vp8: 9c59270c3fd7afecdb556c50c9e8de78 -> 
  custom:SearchIndexIgnoredProperties: e643bd26f0fe6173181afceb89e7c659 -> 
  custom:AudioImporter_EditorPlatform: d09bf68614088b80899f8185d706f6e7 -> 
  custom:scripting/monoscript/fileName/StartButtonPress.cs: 171652a4042feb5894da6f28cd16f8b1 -> 
  custom:video-encoder-webm-vp8: eb34c28f22e8b96e1ab97ce403110664 -> 
  custom:audio-decoder-ogg-vorbis: bf7c407c2cedff20999df2af8eb42d56 -> 
  custom:scripting/monoscript/fileName/ButtonPressFunctions.cs: c69da298dc560d263b739d349aab1bd5 -> 171652a4042feb5894da6f28cd16f8b1
  custom:audio-encoder-webm-vorbis: bf7c407c2cedff20999df2af8eb42d56 -> 
  custom:scripting/precompiled-assembly-types:Assembly-CSharp: da2faec38cfe09edcaae453f2528722b -> 19f9d2651501b7bdb41169eb49716a0a
========================================================================
Received Prepare
Caller must complete domain reload
Begin MonoManager ReloadAssembly
- Loaded All Assemblies, in  0.367 seconds
Native extension for WindowsStandalone target not found
Mono: successfully reloaded assembly
- Finished resetting the current domain, in  1.039 seconds
Domain Reload Profiling: 1401ms
	BeginReloadAssembly (124ms)
		ExecutionOrderSort (0ms)
		DisableScriptedObjects (7ms)
		BackupInstance (0ms)
		ReleaseScriptingObjects (0ms)
		CreateAndSetChildDomain (31ms)
	RebuildCommonClasses (22ms)
	RebuildNativeTypeToScriptingClass (7ms)
	initialDomainReloadingComplete (24ms)
	LoadAllAssembliesAndSetupDomain (186ms)
		LoadAssemblies (229ms)
		RebuildTransferFunctionScriptingTraits (0ms)
		AnalyzeDomain (14ms)
			TypeCache.Refresh (5ms)
				TypeCache.ScanAssembly (0ms)
			ScanForSourceGeneratedMonoScriptInfo (0ms)
			ResolveRequiredComponents (8ms)
	FinalizeReload (1039ms)
		ReleaseScriptCaches (0ms)
		RebuildScriptCaches (0ms)
		SetupLoadedEditorAssemblies (340ms)
			LogAssemblyErrors (0ms)
			InitializePlatformSupportModulesInManaged (5ms)
			SetLoadedEditorAssemblies (2ms)
			RefreshPlugins (0ms)
			BeforeProcessingInitializeOnLoad (68ms)
			ProcessInitializeOnLoadAttributes (211ms)
			ProcessInitializeOnLoadMethodAttributes (47ms)
			AfterProcessingInitializeOnLoad (7ms)
			EditorAssembliesLoaded (0ms)
		ExecutionOrderSort2 (0ms)
		AwakeInstancesAfterBackupRestoration (11ms)
Refreshing native plugins compatible for Editor in 6.96 ms, found 4 plugins.
Preloading 0 native plugins for Editor in 0.00 ms.
Unloading 6129 Unused Serialized files (Serialized files now loaded: 0)
Unloading 71 unused Assets / (3.7 MB). Loaded Objects now: 7161.
Memory consumption went from 215.6 MB to 211.9 MB.
Total: 6.125800 ms (FindLiveObjects: 0.806500 ms CreateObjectMapping: 0.165600 ms MarkObjects: 3.576600 ms  DeleteObjects: 1.576100 ms)

Prepare: number of updated asset objects reloaded= 0
AssetImportParameters requested are different than current active one (requested -> active):
  custom:container-demuxer-ogg: 62fdf1f143b41e24485cea50d1cbac27 -> 
  custom:video-decoder-ogg-theora: a1e56fd34408186e4bbccfd4996cb3dc -> 
  custom:framework-win-MediaFoundation: 216162199b28c13a410421893ffa2e32 -> 
  custom:CustomObjectIndexerAttribute: 72b91833f83ae208fae7752999fa3104 -> 
  custom:container-demuxer-webm: 4f35f7cbe854078d1ac9338744f61a02 -> 
  custom:container-muxer-webm: aa71ff27fc2769a1b78a27578f13a17b -> 
  custom:video-decoder-webm-vp8: 9c59270c3fd7afecdb556c50c9e8de78 -> 
  custom:SearchIndexIgnoredProperties: e643bd26f0fe6173181afceb89e7c659 -> 
  custom:AudioImporter_EditorPlatform: d09bf68614088b80899f8185d706f6e7 -> 
  custom:scripting/monoscript/fileName/StartButtonPress.cs: 171652a4042feb5894da6f28cd16f8b1 -> 
  custom:video-encoder-webm-vp8: eb34c28f22e8b96e1ab97ce403110664 -> 
  custom:audio-decoder-ogg-vorbis: bf7c407c2cedff20999df2af8eb42d56 -> 
  custom:scripting/monoscript/fileName/ButtonPressFunctions.cs: c69da298dc560d263b739d349aab1bd5 -> 171652a4042feb5894da6f28cd16f8b1
  custom:audio-encoder-webm-vorbis: bf7c407c2cedff20999df2af8eb42d56 -> 
  custom:scripting/precompiled-assembly-types:Assembly-CSharp: da2faec38cfe09edcaae453f2528722b -> 19f9d2651501b7bdb41169eb49716a0a
========================================================================
Received Prepare
Caller must complete domain reload
Begin MonoManager ReloadAssembly
- Loaded All Assemblies, in  0.379 seconds
Native extension for WindowsStandalone target not found
Mono: successfully reloaded assembly
- Finished resetting the current domain, in  1.134 seconds
Domain Reload Profiling: 1508ms
	BeginReloadAssembly (128ms)
		ExecutionOrderSort (0ms)
		DisableScriptedObjects (6ms)
		BackupInstance (0ms)
		ReleaseScriptingObjects (0ms)
		CreateAndSetChildDomain (36ms)
	RebuildCommonClasses (23ms)
	RebuildNativeTypeToScriptingClass (9ms)
	initialDomainReloadingComplete (24ms)
	LoadAllAssembliesAndSetupDomain (190ms)
		LoadAssemblies (233ms)
		RebuildTransferFunctionScriptingTraits (0ms)
		AnalyzeDomain (14ms)
			TypeCache.Refresh (5ms)
				TypeCache.ScanAssembly (0ms)
			ScanForSourceGeneratedMonoScriptInfo (0ms)
			ResolveRequiredComponents (8ms)
	FinalizeReload (1134ms)
		ReleaseScriptCaches (0ms)
		RebuildScriptCaches (0ms)
		SetupLoadedEditorAssemblies (346ms)
			LogAssemblyErrors (0ms)
			InitializePlatformSupportModulesInManaged (5ms)
			SetLoadedEditorAssemblies (3ms)
			RefreshPlugins (0ms)
			BeforeProcessingInitializeOnLoad (64ms)
			ProcessInitializeOnLoadAttributes (220ms)
			ProcessInitializeOnLoadMethodAttributes (47ms)
			AfterProcessingInitializeOnLoad (7ms)
			EditorAssembliesLoaded (0ms)
		ExecutionOrderSort2 (0ms)
		AwakeInstancesAfterBackupRestoration (13ms)
Refreshing native plugins compatible for Editor in 8.22 ms, found 4 plugins.
Preloading 0 native plugins for Editor in 0.00 ms.
Unloading 6129 Unused Serialized files (Serialized files now loaded: 0)
Unloading 71 unused Assets / (3.7 MB). Loaded Objects now: 7178.
Memory consumption went from 215.6 MB to 211.9 MB.
Total: 3.966400 ms (FindLiveObjects: 0.402300 ms CreateObjectMapping: 0.093400 ms MarkObjects: 2.133300 ms  DeleteObjects: 1.336900 ms)

Prepare: number of updated asset objects reloaded= 0
AssetImportParameters requested are different than current active one (requested -> active):
  custom:container-demuxer-ogg: 62fdf1f143b41e24485cea50d1cbac27 -> 
  custom:video-decoder-ogg-theora: a1e56fd34408186e4bbccfd4996cb3dc -> 
  custom:framework-win-MediaFoundation: 216162199b28c13a410421893ffa2e32 -> 
  custom:CustomObjectIndexerAttribute: 72b91833f83ae208fae7752999fa3104 -> 
  custom:container-demuxer-webm: 4f35f7cbe854078d1ac9338744f61a02 -> 
  custom:container-muxer-webm: aa71ff27fc2769a1b78a27578f13a17b -> 
  custom:video-decoder-webm-vp8: 9c59270c3fd7afecdb556c50c9e8de78 -> 
  custom:SearchIndexIgnoredProperties: e643bd26f0fe6173181afceb89e7c659 -> 
  custom:AudioImporter_EditorPlatform: d09bf68614088b80899f8185d706f6e7 -> 
  custom:scripting/monoscript/fileName/StartButtonPress.cs: 171652a4042feb5894da6f28cd16f8b1 -> 
  custom:video-encoder-webm-vp8: eb34c28f22e8b96e1ab97ce403110664 -> 
  custom:audio-decoder-ogg-vorbis: bf7c407c2cedff20999df2af8eb42d56 -> 
  custom:scripting/monoscript/fileName/ButtonPressFunctions.cs: c69da298dc560d263b739d349aab1bd5 -> 171652a4042feb5894da6f28cd16f8b1
  custom:audio-encoder-webm-vorbis: bf7c407c2cedff20999df2af8eb42d56 -> 
  custom:scripting/precompiled-assembly-types:Assembly-CSharp: da2faec38cfe09edcaae453f2528722b -> 19f9d2651501b7bdb41169eb49716a0a
========================================================================
Received Prepare
Caller must complete domain reload
Begin MonoManager ReloadAssembly
- Loaded All Assemblies, in  0.392 seconds
Native extension for WindowsStandalone target not found
Mono: successfully reloaded assembly
- Finished resetting the current domain, in  1.106 seconds
Domain Reload Profiling: 1493ms
	BeginReloadAssembly (126ms)
		ExecutionOrderSort (0ms)
		DisableScriptedObjects (7ms)
		BackupInstance (0ms)
		ReleaseScriptingObjects (0ms)
		CreateAndSetChildDomain (31ms)
	RebuildCommonClasses (21ms)
	RebuildNativeTypeToScriptingClass (8ms)
	initialDomainReloadingComplete (24ms)
	LoadAllAssembliesAndSetupDomain (206ms)
		LoadAssemblies (230ms)
		RebuildTransferFunctionScriptingTraits (0ms)
		AnalyzeDomain (35ms)
			TypeCache.Refresh (8ms)
				TypeCache.ScanAssembly (1ms)
			ScanForSourceGeneratedMonoScriptInfo (17ms)
			ResolveRequiredComponents (8ms)
	FinalizeReload (1107ms)
		ReleaseScriptCaches (0ms)
		RebuildScriptCaches (0ms)
		SetupLoadedEditorAssemblies (374ms)
			LogAssemblyErrors (0ms)
			InitializePlatformSupportModulesInManaged (6ms)
			SetLoadedEditorAssemblies (3ms)
			RefreshPlugins (0ms)
			BeforeProcessingInitializeOnLoad (71ms)
			ProcessInitializeOnLoadAttributes (233ms)
			ProcessInitializeOnLoadMethodAttributes (54ms)
			AfterProcessingInitializeOnLoad (8ms)
			EditorAssembliesLoaded (0ms)
		ExecutionOrderSort2 (0ms)
		AwakeInstancesAfterBackupRestoration (13ms)
Refreshing native plugins compatible for Editor in 12.62 ms, found 4 plugins.
Preloading 0 native plugins for Editor in 0.00 ms.
Unloading 6129 Unused Serialized files (Serialized files now loaded: 0)
Unloading 71 unused Assets / (3.7 MB). Loaded Objects now: 7195.
Memory consumption went from 215.7 MB to 211.9 MB.
Total: 4.349300 ms (FindLiveObjects: 0.439600 ms CreateObjectMapping: 0.106200 ms MarkObjects: 2.412400 ms  DeleteObjects: 1.390400 ms)

Prepare: number of updated asset objects reloaded= 0
AssetImportParameters requested are different than current active one (requested -> active):
  custom:container-demuxer-ogg: 62fdf1f143b41e24485cea50d1cbac27 -> 
  custom:video-decoder-ogg-theora: a1e56fd34408186e4bbccfd4996cb3dc -> 
  custom:framework-win-MediaFoundation: 216162199b28c13a410421893ffa2e32 -> 
  custom:CustomObjectIndexerAttribute: 72b91833f83ae208fae7752999fa3104 -> 
  custom:container-demuxer-webm: 4f35f7cbe854078d1ac9338744f61a02 -> 
  custom:container-muxer-webm: aa71ff27fc2769a1b78a27578f13a17b -> 
  custom:video-decoder-webm-vp8: 9c59270c3fd7afecdb556c50c9e8de78 -> 
  custom:SearchIndexIgnoredProperties: e643bd26f0fe6173181afceb89e7c659 -> 
  custom:AudioImporter_EditorPlatform: d09bf68614088b80899f8185d706f6e7 -> 
  custom:scripting/monoscript/fileName/StartButtonPress.cs: 171652a4042feb5894da6f28cd16f8b1 -> 
  custom:video-encoder-webm-vp8: eb34c28f22e8b96e1ab97ce403110664 -> 
  custom:audio-decoder-ogg-vorbis: bf7c407c2cedff20999df2af8eb42d56 -> 
  custom:scripting/monoscript/fileName/ButtonPressFunctions.cs: c69da298dc560d263b739d349aab1bd5 -> 171652a4042feb5894da6f28cd16f8b1
  custom:audio-encoder-webm-vorbis: bf7c407c2cedff20999df2af8eb42d56 -> 
  custom:scripting/precompiled-assembly-types:Assembly-CSharp: da2faec38cfe09edcaae453f2528722b -> 19f9d2651501b7bdb41169eb49716a0a
========================================================================
Received Prepare
Caller must complete domain reload
Begin MonoManager ReloadAssembly
- Loaded All Assemblies, in  0.395 seconds
Native extension for WindowsStandalone target not found
Mono: successfully reloaded assembly
- Finished resetting the current domain, in  1.090 seconds
Domain Reload Profiling: 1480ms
	BeginReloadAssembly (126ms)
		ExecutionOrderSort (0ms)
		DisableScriptedObjects (7ms)
		BackupInstance (0ms)
		ReleaseScriptingObjects (0ms)
		CreateAndSetChildDomain (32ms)
	RebuildCommonClasses (25ms)
	RebuildNativeTypeToScriptingClass (7ms)
	initialDomainReloadingComplete (23ms)
	LoadAllAssembliesAndSetupDomain (209ms)
		LoadAssemblies (235ms)
		RebuildTransferFunctionScriptingTraits (0ms)
		AnalyzeDomain (32ms)
			TypeCache.Refresh (8ms)
				TypeCache.ScanAssembly (0ms)
			ScanForSourceGeneratedMonoScriptInfo (15ms)
			ResolveRequiredComponents (8ms)
	FinalizeReload (1090ms)
		ReleaseScriptCaches (0ms)
		RebuildScriptCaches (0ms)
		SetupLoadedEditorAssemblies (363ms)
			LogAssemblyErrors (0ms)
			InitializePlatformSupportModulesInManaged (5ms)
			SetLoadedEditorAssemblies (3ms)
			RefreshPlugins (0ms)
			BeforeProcessingInitializeOnLoad (75ms)
			ProcessInitializeOnLoadAttributes (225ms)
			ProcessInitializeOnLoadMethodAttributes (47ms)
			AfterProcessingInitializeOnLoad (7ms)
			EditorAssembliesLoaded (0ms)
		ExecutionOrderSort2 (0ms)
		AwakeInstancesAfterBackupRestoration (13ms)
Refreshing native plugins compatible for Editor in 6.87 ms, found 4 plugins.
Preloading 0 native plugins for Editor in 0.00 ms.
Unloading 6129 Unused Serialized files (Serialized files now loaded: 0)
Unloading 71 unused Assets / (3.7 MB). Loaded Objects now: 7212.
Memory consumption went from 215.7 MB to 211.9 MB.
Total: 6.523600 ms (FindLiveObjects: 0.819700 ms CreateObjectMapping: 0.377500 ms MarkObjects: 3.093100 ms  DeleteObjects: 2.232400 ms)

Prepare: number of updated asset objects reloaded= 0
AssetImportParameters requested are different than current active one (requested -> active):
  custom:container-demuxer-ogg: 62fdf1f143b41e24485cea50d1cbac27 -> 
  custom:video-decoder-ogg-theora: a1e56fd34408186e4bbccfd4996cb3dc -> 
  custom:framework-win-MediaFoundation: 216162199b28c13a410421893ffa2e32 -> 
  custom:CustomObjectIndexerAttribute: 72b91833f83ae208fae7752999fa3104 -> 
  custom:container-demuxer-webm: 4f35f7cbe854078d1ac9338744f61a02 -> 
  custom:container-muxer-webm: aa71ff27fc2769a1b78a27578f13a17b -> 
  custom:video-decoder-webm-vp8: 9c59270c3fd7afecdb556c50c9e8de78 -> 
  custom:SearchIndexIgnoredProperties: e643bd26f0fe6173181afceb89e7c659 -> 
  custom:AudioImporter_EditorPlatform: d09bf68614088b80899f8185d706f6e7 -> 
  custom:scripting/monoscript/fileName/StartButtonPress.cs: 171652a4042feb5894da6f28cd16f8b1 -> 
  custom:video-encoder-webm-vp8: eb34c28f22e8b96e1ab97ce403110664 -> 
  custom:audio-decoder-ogg-vorbis: bf7c407c2cedff20999df2af8eb42d56 -> 
  custom:scripting/monoscript/fileName/ButtonPressFunctions.cs: c69da298dc560d263b739d349aab1bd5 -> 171652a4042feb5894da6f28cd16f8b1
  custom:audio-encoder-webm-vorbis: bf7c407c2cedff20999df2af8eb42d56 -> 
  custom:scripting/precompiled-assembly-types:Assembly-CSharp: da2faec38cfe09edcaae453f2528722b -> 19f9d2651501b7bdb41169eb49716a0a
========================================================================
Received Prepare
Caller must complete domain reload
Begin MonoManager ReloadAssembly
- Loaded All Assemblies, in  0.368 seconds
Native extension for WindowsStandalone target not found
Mono: successfully reloaded assembly
- Finished resetting the current domain, in  1.119 seconds
Domain Reload Profiling: 1483ms
	BeginReloadAssembly (123ms)
		ExecutionOrderSort (0ms)
		DisableScriptedObjects (7ms)
		BackupInstance (0ms)
		ReleaseScriptingObjects (0ms)
		CreateAndSetChildDomain (33ms)
	RebuildCommonClasses (23ms)
	RebuildNativeTypeToScriptingClass (9ms)
	initialDomainReloadingComplete (24ms)
	LoadAllAssembliesAndSetupDomain (185ms)
		LoadAssemblies (223ms)
		RebuildTransferFunctionScriptingTraits (0ms)
		AnalyzeDomain (15ms)
			TypeCache.Refresh (5ms)
				TypeCache.ScanAssembly (0ms)
			ScanForSourceGeneratedMonoScriptInfo (0ms)
			ResolveRequiredComponents (8ms)
	FinalizeReload (1120ms)
		ReleaseScriptCaches (0ms)
		RebuildScriptCaches (0ms)
		SetupLoadedEditorAssemblies (392ms)
			LogAssemblyErrors (0ms)
			InitializePlatformSupportModulesInManaged (5ms)
			SetLoadedEditorAssemblies (3ms)
			RefreshPlugins (0ms)
			BeforeProcessingInitializeOnLoad (71ms)
			ProcessInitializeOnLoadAttributes (250ms)
			ProcessInitializeOnLoadMethodAttributes (56ms)
			AfterProcessingInitializeOnLoad (7ms)
			EditorAssembliesLoaded (0ms)
		ExecutionOrderSort2 (0ms)
		AwakeInstancesAfterBackupRestoration (16ms)
Refreshing native plugins compatible for Editor in 10.66 ms, found 4 plugins.
Preloading 0 native plugins for Editor in 0.00 ms.
Unloading 6129 Unused Serialized files (Serialized files now loaded: 0)
Unloading 71 unused Assets / (3.6 MB). Loaded Objects now: 7229.
Memory consumption went from 215.6 MB to 212.0 MB.
Total: 4.891300 ms (FindLiveObjects: 0.437900 ms CreateObjectMapping: 0.108900 ms MarkObjects: 2.350500 ms  DeleteObjects: 1.993300 ms)

Prepare: number of updated asset objects reloaded= 0
AssetImportParameters requested are different than current active one (requested -> active):
  custom:container-demuxer-ogg: 62fdf1f143b41e24485cea50d1cbac27 -> 
  custom:video-decoder-ogg-theora: a1e56fd34408186e4bbccfd4996cb3dc -> 
  custom:framework-win-MediaFoundation: 216162199b28c13a410421893ffa2e32 -> 
  custom:CustomObjectIndexerAttribute: 72b91833f83ae208fae7752999fa3104 -> 
  custom:container-demuxer-webm: 4f35f7cbe854078d1ac9338744f61a02 -> 
  custom:container-muxer-webm: aa71ff27fc2769a1b78a27578f13a17b -> 
  custom:video-decoder-webm-vp8: 9c59270c3fd7afecdb556c50c9e8de78 -> 
  custom:SearchIndexIgnoredProperties: e643bd26f0fe6173181afceb89e7c659 -> 
  custom:AudioImporter_EditorPlatform: d09bf68614088b80899f8185d706f6e7 -> 
  custom:scripting/monoscript/fileName/StartButtonPress.cs: 171652a4042feb5894da6f28cd16f8b1 -> 
  custom:video-encoder-webm-vp8: eb34c28f22e8b96e1ab97ce403110664 -> 
  custom:audio-decoder-ogg-vorbis: bf7c407c2cedff20999df2af8eb42d56 -> 
  custom:scripting/monoscript/fileName/ButtonPressFunctions.cs: c69da298dc560d263b739d349aab1bd5 -> 171652a4042feb5894da6f28cd16f8b1
  custom:audio-encoder-webm-vorbis: bf7c407c2cedff20999df2af8eb42d56 -> 
  custom:scripting/precompiled-assembly-types:Assembly-CSharp: da2faec38cfe09edcaae453f2528722b -> 19f9d2651501b7bdb41169eb49716a0a
========================================================================
Received Prepare
Refreshing native plugins compatible for Editor in 6.65 ms, found 4 plugins.
Preloading 0 native plugins for Editor in 0.00 ms.
Unloading 52 Unused Serialized files (Serialized files now loaded: 0)
Unloading 52 unused Assets / (3.7 MB). Loaded Objects now: 7229.
Memory consumption went from 121.6 MB to 117.9 MB.
Total: 6.954400 ms (FindLiveObjects: 0.769400 ms CreateObjectMapping: 0.159000 ms MarkObjects: 3.860500 ms  DeleteObjects: 2.164600 ms)

Prepare: number of updated asset objects reloaded= 0
AssetImportParameters requested are different than current active one (requested -> active):
  custom:container-demuxer-ogg: 62fdf1f143b41e24485cea50d1cbac27 -> 
  custom:video-decoder-ogg-theora: a1e56fd34408186e4bbccfd4996cb3dc -> 
  custom:framework-win-MediaFoundation: 216162199b28c13a410421893ffa2e32 -> 
  custom:CustomObjectIndexerAttribute: 72b91833f83ae208fae7752999fa3104 -> 
  custom:container-demuxer-webm: 4f35f7cbe854078d1ac9338744f61a02 -> 
  custom:container-muxer-webm: aa71ff27fc2769a1b78a27578f13a17b -> 
  custom:video-decoder-webm-vp8: 9c59270c3fd7afecdb556c50c9e8de78 -> 
  custom:SearchIndexIgnoredProperties: e643bd26f0fe6173181afceb89e7c659 -> 
  custom:AudioImporter_EditorPlatform: d09bf68614088b80899f8185d706f6e7 -> 
  custom:scripting/monoscript/fileName/StartButtonPress.cs: 171652a4042feb5894da6f28cd16f8b1 -> 
  custom:video-encoder-webm-vp8: eb34c28f22e8b96e1ab97ce403110664 -> 
  custom:audio-decoder-ogg-vorbis: bf7c407c2cedff20999df2af8eb42d56 -> 
  custom:scripting/monoscript/fileName/ButtonPressFunctions.cs: c69da298dc560d263b739d349aab1bd5 -> 171652a4042feb5894da6f28cd16f8b1
  custom:audio-encoder-webm-vorbis: bf7c407c2cedff20999df2af8eb42d56 -> 
  custom:scripting/precompiled-assembly-types:Assembly-CSharp: da2faec38cfe09edcaae453f2528722b -> 19f9d2651501b7bdb41169eb49716a0a
========================================================================
Received Import Request.
  Time since last request: 885.996601 seconds.
  path: Assets/PlatformerMicrogame_README.txt
  artifactKey: Guid(62588ea054beb9e429d4c76dbf891415) Importer(2089858483,0ecaa5967403d082aa24f35e1b516d23)
Start importing Assets/PlatformerMicrogame_README.txt using Guid(62588ea054beb9e429d4c76dbf891415) Importer(2089858483,0ecaa5967403d082aa24f35e1b516d23) [PhysX] Initialized MultithreadedTaskDispatcher with 12 workers.
 -> (artifact id: 'ea4f061166aad4d80df27c2039edd84d') in 0.123821 seconds
Number of updated asset objects reloaded before import = 0
Number of asset objects unloaded after import = 1
========================================================================
Received Import Request.
  Time since last request: 0.000021 seconds.
  path: Assets/Character/Animations/EnemyRun.anim
  artifactKey: Guid(a16c2646085174726a41a2900d723bdd) Importer(2089858483,0ecaa5967403d082aa24f35e1b516d23)
Start importing Assets/Character/Animations/EnemyRun.anim using Guid(a16c2646085174726a41a2900d723bdd) Importer(2089858483,0ecaa5967403d082aa24f35e1b516d23) [PhysX] Initialized MultithreadedTaskDispatcher with 12 workers.
 -> (artifact id: 'e990836a2707ea467c4ac8b8d203e432') in 0.045018 seconds
Number of updated asset objects reloaded before import = 0
Number of asset objects unloaded after import = 1
========================================================================
Received Import Request.
  Time since last request: 0.000023 seconds.
  path: Assets/Tiles/plant.asset
  artifactKey: Guid(ca038d30e63673a458203d4a31573d95) Importer(2089858483,0ecaa5967403d082aa24f35e1b516d23)
Start importing Assets/Tiles/plant.asset using Guid(ca038d30e63673a458203d4a31573d95) Importer(2089858483,0ecaa5967403d082aa24f35e1b516d23) [PhysX] Initialized MultithreadedTaskDispatcher with 12 workers.
 -> (artifact id: '85bbfa24fbb4c5d66fe8a000487485b5') in 0.038235 seconds
Number of updated asset objects reloaded before import = 0
Number of asset objects unloaded after import = 3
========================================================================
Received Import Request.
  Time since last request: 0.000017 seconds.
  path: Assets/Tutorials/WelcomeDialog.asset
  artifactKey: Guid(c4fddd74b608848c6871b3b0f762ff1d) Importer(2089858483,0ecaa5967403d082aa24f35e1b516d23)
Start importing Assets/Tutorials/WelcomeDialog.asset using Guid(c4fddd74b608848c6871b3b0f762ff1d) Importer(2089858483,0ecaa5967403d082aa24f35e1b516d23) [PhysX] Initialized MultithreadedTaskDispatcher with 12 workers.
 -> (artifact id: 'a53e91a879fd5e874587695df6462c99') in 0.114035 seconds
Number of updated asset objects reloaded before import = 0
Number of asset objects unloaded after import = 138
========================================================================
Received Import Request.
  Time since last request: 0.000019 seconds.
  path: Assets/Settings/High_PipelineAsset.asset
  artifactKey: Guid(3228d3fb962231443adbde03957d4739) Importer(2089858483,0ecaa5967403d082aa24f35e1b516d23)
Start importing Assets/Settings/High_PipelineAsset.asset using Guid(3228d3fb962231443adbde03957d4739) Importer(2089858483,0ecaa5967403d082aa24f35e1b516d23) [PhysX] Initialized MultithreadedTaskDispatcher with 12 workers.
 -> (artifact id: '359ba9714967cbac29725809e0a9de32') in 0.029263 seconds
Number of updated asset objects reloaded before import = 0
Number of asset objects unloaded after import = 2
========================================================================
Received Import Request.
  Time since last request: 0.000017 seconds.
  path: Assets/Scenes/Game.unity
  artifactKey: Guid(a1782549a3947764b818d5f538fa8c9c) Importer(2089858483,0ecaa5967403d082aa24f35e1b516d23)
Start importing Assets/Scenes/Game.unity using Guid(a1782549a3947764b818d5f538fa8c9c) Importer(2089858483,0ecaa5967403d082aa24f35e1b516d23) [PhysX] Initialized MultithreadedTaskDispatcher with 12 workers.
 -> (artifact id: '0e3a596fbf4feaecbacf25f4b670ddb7') in 0.010865 seconds
Number of updated asset objects reloaded before import = 0
Number of asset objects unloaded after import = 1
========================================================================
Received Import Request.
  Time since last request: 0.000018 seconds.
  path: Assets/Tiles/TileFloatingRightEdge.asset
  artifactKey: Guid(ad89c8596ddf81949990df9a40c0168a) Importer(2089858483,0ecaa5967403d082aa24f35e1b516d23)
Start importing Assets/Tiles/TileFloatingRightEdge.asset using Guid(ad89c8596ddf81949990df9a40c0168a) Importer(2089858483,0ecaa5967403d082aa24f35e1b516d23) [PhysX] Initialized MultithreadedTaskDispatcher with 12 workers.
 -> (artifact id: '1023e5ffe237410bd245ee92f5e7b603') in 0.026573 seconds
Number of updated asset objects reloaded before import = 0
Number of asset objects unloaded after import = 3
========================================================================
Received Import Request.
  Time since last request: 0.000027 seconds.
  path: Assets/Character/Animations/PlayerVictory.anim
  artifactKey: Guid(e4a08f6d2d50b4e65b8dc54c2429f307) Importer(2089858483,0ecaa5967403d082aa24f35e1b516d23)
Start importing Assets/Character/Animations/PlayerVictory.anim using Guid(e4a08f6d2d50b4e65b8dc54c2429f307) Importer(2089858483,0ecaa5967403d082aa24f35e1b516d23) [PhysX] Initialized MultithreadedTaskDispatcher with 12 workers.
 -> (artifact id: 'f970e4e4ff0ca540c92709f6e9a25ea7') in 0.019899 seconds
Number of updated asset objects reloaded before import = 0
Number of asset objects unloaded after import = 1
========================================================================
Received Import Request.
  Time since last request: 0.000019 seconds.
  path: Assets/Tutorials/WelcomeDialogArt.png
  artifactKey: Guid(4c7cbe18ed8044725bafa532fbd5ec8e) Importer(2089858483,0ecaa5967403d082aa24f35e1b516d23)
Start importing Assets/Tutorials/WelcomeDialogArt.png using Guid(4c7cbe18ed8044725bafa532fbd5ec8e) Importer(2089858483,0ecaa5967403d082aa24f35e1b516d23) [PhysX] Initialized MultithreadedTaskDispatcher with 12 workers.
 -> (artifact id: 'cb6992e682c1ef743444397591a9e5da') in 0.029478 seconds
Number of updated asset objects reloaded before import = 0
Number of asset objects unloaded after import = 1
========================================================================
Received Import Request.
  Time since last request: 0.000016 seconds.
  path: Assets/Settings/Very Low_PipelineAsset_ForwardRenderer.asset
  artifactKey: Guid(5c3c86761982ad445abac14b548aa239) Importer(2089858483,0ecaa5967403d082aa24f35e1b516d23)
Start importing Assets/Settings/Very Low_PipelineAsset_ForwardRenderer.asset using Guid(5c3c86761982ad445abac14b548aa239) Importer(2089858483,0ecaa5967403d082aa24f35e1b516d23) [PhysX] Initialized MultithreadedTaskDispatcher with 12 workers.
 -> (artifact id: '6eb45c307927873b0db0e57244d1e9b5') in 0.021919 seconds
Number of updated asset objects reloaded before import = 0
Number of asset objects unloaded after import = 1
========================================================================
Received Import Request.
  Time since last request: 0.000018 seconds.
  path: Assets/Character/Sprites/PlayerJump.png
  artifactKey: Guid(f43044f34a0b7424eb5deb0c04ff27c7) Importer(2089858483,0ecaa5967403d082aa24f35e1b516d23)
Start importing Assets/Character/Sprites/PlayerJump.png using Guid(f43044f34a0b7424eb5deb0c04ff27c7) Importer(2089858483,0ecaa5967403d082aa24f35e1b516d23) [PhysX] Initialized MultithreadedTaskDispatcher with 12 workers.
 -> (artifact id: '212436a518b234b6041b224ca7cff759') in 0.077172 seconds
Number of updated asset objects reloaded before import = 0
Number of asset objects unloaded after import = 51
========================================================================
Received Import Request.
  Time since last request: 0.000016 seconds.
  path: Assets/Environment/Sprites/Midground 1.png
  artifactKey: Guid(8732db2bdc418284db58f345d364bbc4) Importer(2089858483,0ecaa5967403d082aa24f35e1b516d23)
Start importing Assets/Environment/Sprites/Midground 1.png using Guid(8732db2bdc418284db58f345d364bbc4) Importer(2089858483,0ecaa5967403d082aa24f35e1b516d23) [PhysX] Initialized MultithreadedTaskDispatcher with 12 workers.
 -> (artifact id: '97a6eb736c0effe43d34ed92172946b8') in 0.031518 seconds
Number of updated asset objects reloaded before import = 0
Number of asset objects unloaded after import = 4
========================================================================
Received Import Request.
  Time since last request: 0.000014 seconds.
  path: Assets/Character/Sprites/PlayerLand.png
  artifactKey: Guid(e0d1e122a29a24ec19a2b23782952411) Importer(2089858483,0ecaa5967403d082aa24f35e1b516d23)
Start importing Assets/Character/Sprites/PlayerLand.png using Guid(e0d1e122a29a24ec19a2b23782952411) Importer(2089858483,0ecaa5967403d082aa24f35e1b516d23) [PhysX] Initialized MultithreadedTaskDispatcher with 12 workers.
 -> (artifact id: '8ee4a85629c235c6b408ee676bfc1955') in 0.020305 seconds
Number of updated asset objects reloaded before import = 0
Number of asset objects unloaded after import = 7
========================================================================
Received Import Request.
  Time since last request: 0.000024 seconds.
  path: Assets/Character/Animations/EnemyIdle.anim
  artifactKey: Guid(6fbd3b4272fc84993b8317d782d39f77) Importer(2089858483,0ecaa5967403d082aa24f35e1b516d23)
Start importing Assets/Character/Animations/EnemyIdle.anim using Guid(6fbd3b4272fc84993b8317d782d39f77) Importer(2089858483,0ecaa5967403d082aa24f35e1b516d23) [PhysX] Initialized MultithreadedTaskDispatcher with 12 workers.
 -> (artifact id: 'c30851b31793baa200aeb50138294b0e') in 0.018253 seconds
Number of updated asset objects reloaded before import = 0
Number of asset objects unloaded after import = 1
========================================================================
Received Import Request.
  Time since last request: 0.000022 seconds.
  path: Assets/Character/Sprites/WalkCycleSheet.png
  artifactKey: Guid(0136ec0738222a9459c442b3e08a17f2) Importer(2089858483,0ecaa5967403d082aa24f35e1b516d23)
Start importing Assets/Character/Sprites/WalkCycleSheet.png using Guid(0136ec0738222a9459c442b3e08a17f2) Importer(2089858483,0ecaa5967403d082aa24f35e1b516d23) [PhysX] Initialized MultithreadedTaskDispatcher with 12 workers.
 -> (artifact id: '8cd59a693af2b7c8e8767634b54cf9ed') in 0.030242 seconds
Number of updated asset objects reloaded before import = 0
Number of asset objects unloaded after import = 10
========================================================================
Received Import Request.
  Time since last request: 0.000018 seconds.
  path: Assets/Tutorials/TutorialLayout.wlt
  artifactKey: Guid(9d6f44592b6054254899886ee83841f8) Importer(2089858483,0ecaa5967403d082aa24f35e1b516d23)
Start importing Assets/Tutorials/TutorialLayout.wlt using Guid(9d6f44592b6054254899886ee83841f8) Importer(2089858483,0ecaa5967403d082aa24f35e1b516d23) [PhysX] Initialized MultithreadedTaskDispatcher with 12 workers.
 -> (artifact id: 'ea05c4eb2e184bb9fcfa6fbe77e0a239') in 0.009558 seconds
Number of updated asset objects reloaded before import = 0
Number of asset objects unloaded after import = 1
========================================================================
Received Import Request.
  Time since last request: 0.000018 seconds.
  path: Assets/Settings/Medium_PipelineAsset_ForwardRenderer.asset
  artifactKey: Guid(7d1b3fac26169754d82cd2e82b117327) Importer(2089858483,0ecaa5967403d082aa24f35e1b516d23)
Start importing Assets/Settings/Medium_PipelineAsset_ForwardRenderer.asset using Guid(7d1b3fac26169754d82cd2e82b117327) Importer(2089858483,0ecaa5967403d082aa24f35e1b516d23) [PhysX] Initialized MultithreadedTaskDispatcher with 12 workers.
 -> (artifact id: 'c583d6980d78713715e2fd7ac9be46ba') in 0.016029 seconds
Number of updated asset objects reloaded before import = 0
Number of asset objects unloaded after import = 1
========================================================================
Received Import Request.
  Time since last request: 0.000018 seconds.
  path: Assets/Prefabs/Button.prefab
  artifactKey: Guid(7177f94ecf0cf1043a4790c439edbad6) Importer(2089858483,0ecaa5967403d082aa24f35e1b516d23)
Start importing Assets/Prefabs/Button.prefab using Guid(7177f94ecf0cf1043a4790c439edbad6) Importer(2089858483,0ecaa5967403d082aa24f35e1b516d23) [PhysX] Initialized MultithreadedTaskDispatcher with 12 workers.
 -> (artifact id: 'a173870910d8908294e3e627ddce2b74') in 0.010488 seconds
Number of updated asset objects reloaded before import = 0
Number of asset objects unloaded after import = 0
========================================================================
Received Import Request.
  Time since last request: 0.000016 seconds.
  path: Assets/Character/Sprites/EnemyWalkCycle.png
  artifactKey: Guid(e6c0e189111d50548b6465bf4ab074b9) Importer(2089858483,0ecaa5967403d082aa24f35e1b516d23)
Start importing Assets/Character/Sprites/EnemyWalkCycle.png using Guid(e6c0e189111d50548b6465bf4ab074b9) Importer(2089858483,0ecaa5967403d082aa24f35e1b516d23) [PhysX] Initialized MultithreadedTaskDispatcher with 12 workers.
 -> (artifact id: '39105dcb97311d33d163fd8e0e3f49f8') in 0.024762 seconds
Number of updated asset objects reloaded before import = 0
Number of asset objects unloaded after import = 4
========================================================================
Received Import Request.
  Time since last request: 0.000016 seconds.
  path: Assets/Character/Sprites/PlayerHurt.png
  artifactKey: Guid(e1c7748eb9afd4e608ce8f923cf861dc) Importer(2089858483,0ecaa5967403d082aa24f35e1b516d23)
Start importing Assets/Character/Sprites/PlayerHurt.png using Guid(e1c7748eb9afd4e608ce8f923cf861dc) Importer(2089858483,0ecaa5967403d082aa24f35e1b516d23) [PhysX] Initialized MultithreadedTaskDispatcher with 12 workers.
 -> (artifact id: '971016a43260285c0d2eafcd96dd91a7') in 0.040326 seconds
Number of updated asset objects reloaded before import = 0
Number of asset objects unloaded after import = 13
========================================================================
Received Import Request.
  Time since last request: 0.000016 seconds.
  path: Assets/Character/Sprites/PlayerIdle - Copy.png
  artifactKey: Guid(07af7574ae540fc4f972f0572d40705f) Importer(2089858483,0ecaa5967403d082aa24f35e1b516d23)
Start importing Assets/Character/Sprites/PlayerIdle - Copy.png using Guid(07af7574ae540fc4f972f0572d40705f) Importer(2089858483,0ecaa5967403d082aa24f35e1b516d23) [PhysX] Initialized MultithreadedTaskDispatcher with 12 workers.
 -> (artifact id: '2ad11dc56b8cd7b7ae15e456ca7bdd95') in 0.037637 seconds
Number of updated asset objects reloaded before import = 0
Number of asset objects unloaded after import = 6
========================================================================
Received Import Request.
  Time since last request: 0.000018 seconds.
  path: Assets/Audio/Walk01.wav
  artifactKey: Guid(bdb49257b73be764a8c04e4f37302e0e) Importer(2089858483,0ecaa5967403d082aa24f35e1b516d23)
Start importing Assets/Audio/Walk01.wav using Guid(bdb49257b73be764a8c04e4f37302e0e) Importer(2089858483,0ecaa5967403d082aa24f35e1b516d23) [PhysX] Initialized MultithreadedTaskDispatcher with 12 workers.
 -> (artifact id: '9a70a40c74ca496d0cc3649938601934') in 0.039494 seconds
Number of updated asset objects reloaded before import = 0
Number of asset objects unloaded after import = 1
========================================================================
Received Import Request.
  Time since last request: 0.000018 seconds.
  path: Assets/Character/Animations/PlayerRun.anim
  artifactKey: Guid(56811a918221743d69fe84599f43c740) Importer(2089858483,0ecaa5967403d082aa24f35e1b516d23)
Start importing Assets/Character/Animations/PlayerRun.anim using Guid(56811a918221743d69fe84599f43c740) Importer(2089858483,0ecaa5967403d082aa24f35e1b516d23) [PhysX] Initialized MultithreadedTaskDispatcher with 12 workers.
 -> (artifact id: '625817db7bdbbfe6820690b561d4e517') in 0.017190 seconds
Number of updated asset objects reloaded before import = 0
Number of asset objects unloaded after import = 1
========================================================================
Received Import Request.
  Time since last request: 0.000021 seconds.
  path: Assets/Tiles/hillside.asset
  artifactKey: Guid(7ce6d6745a4a31040b413bb8d4f7f6e7) Importer(2089858483,0ecaa5967403d082aa24f35e1b516d23)
Start importing Assets/Tiles/hillside.asset using Guid(7ce6d6745a4a31040b413bb8d4f7f6e7) Importer(2089858483,0ecaa5967403d082aa24f35e1b516d23) [PhysX] Initialized MultithreadedTaskDispatcher with 12 workers.
 -> (artifact id: '2796f519bb5dee49320e427461b8e4d6') in 0.024075 seconds
Number of updated asset objects reloaded before import = 0
Number of asset objects unloaded after import = 3
========================================================================
Received Import Request.
  Time since last request: 0.000014 seconds.
  path: Assets/Character/Sprites/PlayerDeath - Copy.png
  artifactKey: Guid(af51378e178c6ae40a2f85f96cd2b76b) Importer(2089858483,0ecaa5967403d082aa24f35e1b516d23)
Start importing Assets/Character/Sprites/PlayerDeath - Copy.png using Guid(af51378e178c6ae40a2f85f96cd2b76b) Importer(2089858483,0ecaa5967403d082aa24f35e1b516d23) [PhysX] Initialized MultithreadedTaskDispatcher with 12 workers.
 -> (artifact id: 'fc0070c734a68fd99fa8cc8288a8a8a1') in 0.031417 seconds
Number of updated asset objects reloaded before import = 0
Number of asset objects unloaded after import = 16
========================================================================
Received Import Request.
  Time since last request: 0.000021 seconds.
  path: Assets/Character/Sprites/PlayerRun.png
  artifactKey: Guid(225a1eacac9dc41ae9a4d6adf7df8d40) Importer(2089858483,0ecaa5967403d082aa24f35e1b516d23)
Start importing Assets/Character/Sprites/PlayerRun.png using Guid(225a1eacac9dc41ae9a4d6adf7df8d40) Importer(2089858483,0ecaa5967403d082aa24f35e1b516d23) [PhysX] Initialized MultithreadedTaskDispatcher with 12 workers.
 -> (artifact id: 'c0a205ed0fba25d90edee4d18a6a172b') in 0.054004 seconds
Number of updated asset objects reloaded before import = 0
Number of asset objects unloaded after import = 31
========================================================================
Received Import Request.
  Time since last request: 0.000016 seconds.
  path: Assets/Environment/Tiles/plant.png
  artifactKey: Guid(e08c42706db6e44aca973ecf98f3e0b3) Importer(2089858483,0ecaa5967403d082aa24f35e1b516d23)
Start importing Assets/Environment/Tiles/plant.png using Guid(e08c42706db6e44aca973ecf98f3e0b3) Importer(2089858483,0ecaa5967403d082aa24f35e1b516d23) [PhysX] Initialized MultithreadedTaskDispatcher with 12 workers.
 -> (artifact id: '777e2ad0df2e523767d3c25cb5a520c5') in 0.032190 seconds
Number of updated asset objects reloaded before import = 0
Number of asset objects unloaded after import = 3
========================================================================
Received Import Request.
  Time since last request: 0.011862 seconds.
  path: Assets/Environment/Tiles/hillside.png
  artifactKey: Guid(38c40ae98d664442db21ae817074aae2) Importer(2089858483,0ecaa5967403d082aa24f35e1b516d23)
Start importing Assets/Environment/Tiles/hillside.png using Guid(38c40ae98d664442db21ae817074aae2) Importer(2089858483,0ecaa5967403d082aa24f35e1b516d23) [PhysX] Initialized MultithreadedTaskDispatcher with 12 workers.
 -> (artifact id: 'd87d23c9f8dae9a48e3a4f4b880493bf') in 0.023120 seconds
Number of updated asset objects reloaded before import = 0
Number of asset objects unloaded after import = 3
========================================================================
Received Import Request.
  Time since last request: 0.000018 seconds.
  path: Assets/Environment/Tiles/cloud.png
  artifactKey: Guid(700b598ed9c16475f833dc3f8a848ba7) Importer(2089858483,0ecaa5967403d082aa24f35e1b516d23)
Start importing Assets/Environment/Tiles/cloud.png using Guid(700b598ed9c16475f833dc3f8a848ba7) Importer(2089858483,0ecaa5967403d082aa24f35e1b516d23) [PhysX] Initialized MultithreadedTaskDispatcher with 12 workers.
 -> (artifact id: '09dfae7e75c4568ac14d15acd37f6285') in 0.023746 seconds
Number of updated asset objects reloaded before import = 0
Number of asset objects unloaded after import = 3
========================================================================
Received Import Request.
  Time since last request: 0.000020 seconds.
  path: Assets/Environment/Tiles/plant.asset
  artifactKey: Guid(3d1108bd98b38d54aa1221d2c356b382) Importer(2089858483,0ecaa5967403d082aa24f35e1b516d23)
Start importing Assets/Environment/Tiles/plant.asset using Guid(3d1108bd98b38d54aa1221d2c356b382) Importer(2089858483,0ecaa5967403d082aa24f35e1b516d23) [PhysX] Initialized MultithreadedTaskDispatcher with 12 workers.
 -> (artifact id: 'f1b5aa0701ea3f9cdf9e82655ec169d9') in 0.019613 seconds
Number of updated asset objects reloaded before import = 0
Number of asset objects unloaded after import = 3
========================================================================
Received Import Request.
  Time since last request: 0.000024 seconds.
  path: Assets/Environment/Tiles/fence.png
  artifactKey: Guid(1d6ac65bd350c4ac98b48f1045728a88) Importer(2089858483,0ecaa5967403d082aa24f35e1b516d23)
Start importing Assets/Environment/Tiles/fence.png using Guid(1d6ac65bd350c4ac98b48f1045728a88) Importer(2089858483,0ecaa5967403d082aa24f35e1b516d23) [PhysX] Initialized MultithreadedTaskDispatcher with 12 workers.
 -> (artifact id: 'a2a2bd9c8c8ab13d8969ee45aa7ac9af') in 0.020921 seconds
Number of updated asset objects reloaded before import = 0
Number of asset objects unloaded after import = 3
========================================================================
Received Import Request.
  Time since last request: 0.000016 seconds.
  path: Assets/Environment/Sprites/ShortBuilding.png
  artifactKey: Guid(d6bb3a4076992b34899422ed2833ca78) Importer(2089858483,0ecaa5967403d082aa24f35e1b516d23)
Start importing Assets/Environment/Sprites/ShortBuilding.png using Guid(d6bb3a4076992b34899422ed2833ca78) Importer(2089858483,0ecaa5967403d082aa24f35e1b516d23) [PhysX] Initialized MultithreadedTaskDispatcher with 12 workers.
 -> (artifact id: '5ff1bf169fa2af8841156978fb96c4ce') in 0.024376 seconds
Number of updated asset objects reloaded before import = 0
Number of asset objects unloaded after import = 3
========================================================================
Received Import Request.
  Time since last request: 0.000017 seconds.
  path: Assets/Environment/Tiles/house.png
  artifactKey: Guid(8021a483bbfee4494bb11f0cf1bb90bf) Importer(2089858483,0ecaa5967403d082aa24f35e1b516d23)
Start importing Assets/Environment/Tiles/house.png using Guid(8021a483bbfee4494bb11f0cf1bb90bf) Importer(2089858483,0ecaa5967403d082aa24f35e1b516d23) [PhysX] Initialized MultithreadedTaskDispatcher with 12 workers.
 -> (artifact id: 'e3dffd85381431b84bb2aa4ea57f41df') in 0.027038 seconds
Number of updated asset objects reloaded before import = 0
Number of asset objects unloaded after import = 3
========================================================================
Received Import Request.
  Time since last request: 0.000018 seconds.
  path: Assets/Environment/Tiles/ShortBuilding.png
  artifactKey: Guid(3ffe88646fa814b14af9bbff9faff3f2) Importer(2089858483,0ecaa5967403d082aa24f35e1b516d23)
Start importing Assets/Environment/Tiles/ShortBuilding.png using Guid(3ffe88646fa814b14af9bbff9faff3f2) Importer(2089858483,0ecaa5967403d082aa24f35e1b516d23) [PhysX] Initialized MultithreadedTaskDispatcher with 12 workers.
 -> (artifact id: 'b5655de7b7234db72ad92fb4505f9dc9') in 0.023732 seconds
Number of updated asset objects reloaded before import = 0
Number of asset objects unloaded after import = 3
========================================================================
Received Import Request.
  Time since last request: 0.000018 seconds.
  path: Assets/Character/Animations/PlayerIdle.anim
  artifactKey: Guid(712f4510fc9b249348d4d8e97b12dc45) Importer(2089858483,0ecaa5967403d082aa24f35e1b516d23)
Start importing Assets/Character/Animations/PlayerIdle.anim using Guid(712f4510fc9b249348d4d8e97b12dc45) Importer(2089858483,0ecaa5967403d082aa24f35e1b516d23) [PhysX] Initialized MultithreadedTaskDispatcher with 12 workers.
 -> (artifact id: 'c76eca0e0c5d8368aa93a37bda243e0c') in 0.019628 seconds
Number of updated asset objects reloaded before import = 0
Number of asset objects unloaded after import = 1
========================================================================
Received Import Request.
  Time since last request: 0.000017 seconds.
  path: Assets/Audio/Death.wav
  artifactKey: Guid(e18959d46b63f3c4c8cc020a433cf848) Importer(2089858483,0ecaa5967403d082aa24f35e1b516d23)
Start importing Assets/Audio/Death.wav using Guid(e18959d46b63f3c4c8cc020a433cf848) Importer(2089858483,0ecaa5967403d082aa24f35e1b516d23) [PhysX] Initialized MultithreadedTaskDispatcher with 12 workers.
 -> (artifact id: '770a7b2e3ae6406736f671631ac71540') in 0.035706 seconds
Number of updated asset objects reloaded before import = 0
Number of asset objects unloaded after import = 1
========================================================================
Received Import Request.
  Time since last request: 0.000015 seconds.
  path: Assets/Documentation/PlatformerTemplateUserGuide.pdf
  artifactKey: Guid(0524922b62a934711aae0e12a6f1e31c) Importer(2089858483,0ecaa5967403d082aa24f35e1b516d23)
Start importing Assets/Documentation/PlatformerTemplateUserGuide.pdf using Guid(0524922b62a934711aae0e12a6f1e31c) Importer(2089858483,0ecaa5967403d082aa24f35e1b516d23) [PhysX] Initialized MultithreadedTaskDispatcher with 12 workers.
 -> (artifact id: 'ee5e0724d8122bee540b1b3574d711ca') in 0.011692 seconds
Number of updated asset objects reloaded before import = 0
Number of asset objects unloaded after import = 1
========================================================================
Received Import Request.
  Time since last request: 0.000016 seconds.
  path: Assets/Character/Animations/PlayerDeath.anim
  artifactKey: Guid(e0e8baec160e44e1bb74ca8e08777453) Importer(2089858483,0ecaa5967403d082aa24f35e1b516d23)
Start importing Assets/Character/Animations/PlayerDeath.anim using Guid(e0e8baec160e44e1bb74ca8e08777453) Importer(2089858483,0ecaa5967403d082aa24f35e1b516d23) [PhysX] Initialized MultithreadedTaskDispatcher with 12 workers.
 -> (artifact id: '4c1cbe587424624bacca82ed360b1e38') in 0.019984 seconds
Number of updated asset objects reloaded before import = 0
Number of asset objects unloaded after import = 1
========================================================================
Received Import Request.
  Time since last request: 0.000021 seconds.
  path: Assets/Tiles/TileGroundDark.asset
  artifactKey: Guid(81d566c374d6f93469d3badfddb41f87) Importer(2089858483,0ecaa5967403d082aa24f35e1b516d23)
Start importing Assets/Tiles/TileGroundDark.asset using Guid(81d566c374d6f93469d3badfddb41f87) Importer(2089858483,0ecaa5967403d082aa24f35e1b516d23) [PhysX] Initialized MultithreadedTaskDispatcher with 12 workers.
 -> (artifact id: '54f11dc088e445e4b04a8d79ba9d3f5c') in 0.020146 seconds
Number of updated asset objects reloaded before import = 0
Number of asset objects unloaded after import = 3
========================================================================
Received Import Request.
  Time since last request: 0.000029 seconds.
  path: Assets/UniversalRenderPipelineGlobalSettings.asset
  artifactKey: Guid(bff77cef94c4f6445bd2dd50cefca70f) Importer(2089858483,0ecaa5967403d082aa24f35e1b516d23)
Start importing Assets/UniversalRenderPipelineGlobalSettings.asset using Guid(bff77cef94c4f6445bd2dd50cefca70f) Importer(2089858483,0ecaa5967403d082aa24f35e1b516d23) [PhysX] Initialized MultithreadedTaskDispatcher with 12 workers.
 -> (artifact id: 'ecf1c936082513e9f9cad4155be9c8dc') in 0.012990 seconds
Number of updated asset objects reloaded before import = 0
Number of asset objects unloaded after import = 1
========================================================================
Received Import Request.
  Time since last request: 0.000017 seconds.
  path: Assets/Character/Animations/EnemyMoving.controller
  artifactKey: Guid(e6eb48f7104cbf44ab1c9b5c446a5af9) Importer(2089858483,0ecaa5967403d082aa24f35e1b516d23)
Start importing Assets/Character/Animations/EnemyMoving.controller using Guid(e6eb48f7104cbf44ab1c9b5c446a5af9) Importer(2089858483,0ecaa5967403d082aa24f35e1b516d23) [PhysX] Initialized MultithreadedTaskDispatcher with 12 workers.
 -> (artifact id: '1ee9a8981a1c325ecef1553a767f209d') in 0.021586 seconds
Number of updated asset objects reloaded before import = 0
Number of asset objects unloaded after import = 11
========================================================================
Received Import Request.
  Time since last request: 0.000015 seconds.
  path: Assets/Character/Animations/PlayerJump.anim
  artifactKey: Guid(1d7e02f8cf5ba47a78bc1e19cc378478) Importer(2089858483,0ecaa5967403d082aa24f35e1b516d23)
Start importing Assets/Character/Animations/PlayerJump.anim using Guid(1d7e02f8cf5ba47a78bc1e19cc378478) Importer(2089858483,0ecaa5967403d082aa24f35e1b516d23) [PhysX] Initialized MultithreadedTaskDispatcher with 12 workers.
 -> (artifact id: '00ae44096f86ae090074cb1d0da865de') in 0.021998 seconds
Number of updated asset objects reloaded before import = 0
Number of asset objects unloaded after import = 1
========================================================================
Received Import Request.
  Time since last request: 0.000019 seconds.
  path: Assets/Audio/jump.wav
  artifactKey: Guid(67975c08d56ceb147bad38572d805aa8) Importer(2089858483,0ecaa5967403d082aa24f35e1b516d23)
Start importing Assets/Audio/jump.wav using Guid(67975c08d56ceb147bad38572d805aa8) Importer(2089858483,0ecaa5967403d082aa24f35e1b516d23) [PhysX] Initialized MultithreadedTaskDispatcher with 12 workers.
 -> (artifact id: '0e9c339b6511aac3ce52a0df51df098e') in 0.027800 seconds
Number of updated asset objects reloaded before import = 0
Number of asset objects unloaded after import = 1
========================================================================
Received Import Request.
  Time since last request: 0.000016 seconds.
  path: Assets/Tiles/TileFloatingTileMiddle.asset
  artifactKey: Guid(fcbf1d913bd6d0a448fa221caa416d43) Importer(2089858483,0ecaa5967403d082aa24f35e1b516d23)
Start importing Assets/Tiles/TileFloatingTileMiddle.asset using Guid(fcbf1d913bd6d0a448fa221caa416d43) Importer(2089858483,0ecaa5967403d082aa24f35e1b516d23) [PhysX] Initialized MultithreadedTaskDispatcher with 12 workers.
 -> (artifact id: '141865da4959d6afcf60c304bd668886') in 0.018568 seconds
Number of updated asset objects reloaded before import = 0
Number of asset objects unloaded after import = 3
========================================================================
Received Import Request.
  Time since last request: 0.000018 seconds.
  path: Assets/Environment/Tiles/TileFloatingMiddle.png
  artifactKey: Guid(622f546155da24743a8fd7300873f890) Importer(2089858483,0ecaa5967403d082aa24f35e1b516d23)
Start importing Assets/Environment/Tiles/TileFloatingMiddle.png using Guid(622f546155da24743a8fd7300873f890) Importer(2089858483,0ecaa5967403d082aa24f35e1b516d23) [PhysX] Initialized MultithreadedTaskDispatcher with 12 workers.
 -> (artifact id: 'dd5942d325ee8def85b98001c00bcaed') in 0.022777 seconds
Number of updated asset objects reloaded before import = 0
Number of asset objects unloaded after import = 3
========================================================================
Received Import Request.
  Time since last request: 0.000017 seconds.
  path: Assets/Environment/Tiles/TileGroundTop.png
  artifactKey: Guid(db5ae4c60c2264eb88d32cdb06e1f858) Importer(2089858483,0ecaa5967403d082aa24f35e1b516d23)
Start importing Assets/Environment/Tiles/TileGroundTop.png using Guid(db5ae4c60c2264eb88d32cdb06e1f858) Importer(2089858483,0ecaa5967403d082aa24f35e1b516d23) [PhysX] Initialized MultithreadedTaskDispatcher with 12 workers.
 -> (artifact id: 'ce376b4742901f004918c44012456237') in 0.023208 seconds
Number of updated asset objects reloaded before import = 0
Number of asset objects unloaded after import = 3
========================================================================
Received Import Request.
  Time since last request: 0.000018 seconds.
  path: Assets/Environment/Tiles/TileGround.asset
  artifactKey: Guid(012485a0d81cd5148b03990a8b4c2755) Importer(2089858483,0ecaa5967403d082aa24f35e1b516d23)
Start importing Assets/Environment/Tiles/TileGround.asset using Guid(012485a0d81cd5148b03990a8b4c2755) Importer(2089858483,0ecaa5967403d082aa24f35e1b516d23) [PhysX] Initialized MultithreadedTaskDispatcher with 12 workers.
 -> (artifact id: '4b2e6b4bd396d442f3d14da49e2bc48a') in 0.022452 seconds
Number of updated asset objects reloaded before import = 0
Number of asset objects unloaded after import = 3
========================================================================
Received Import Request.
  Time since last request: 0.000013 seconds.
  path: Assets/Mod Assets/Custom Materials/Emissive Blue.mat
  artifactKey: Guid(e0495ba00e56c48c0a9c32dbd73521f7) Importer(2089858483,0ecaa5967403d082aa24f35e1b516d23)
Start importing Assets/Mod Assets/Custom Materials/Emissive Blue.mat using Guid(e0495ba00e56c48c0a9c32dbd73521f7) Importer(2089858483,0ecaa5967403d082aa24f35e1b516d23) [PhysX] Initialized MultithreadedTaskDispatcher with 12 workers.
 -> (artifact id: 'adf9c6d9395442ac9b8aefe9ceacae57') in 0.019724 seconds
Number of updated asset objects reloaded before import = 0
Number of asset objects unloaded after import = 1
========================================================================
Received Import Request.
  Time since last request: 0.000020 seconds.
  path: Assets/Mod Assets/Custom Materials/Modulate Red.mat
  artifactKey: Guid(a0a0d20d7eab44a68a19ca8d45fa0ee7) Importer(2089858483,0ecaa5967403d082aa24f35e1b516d23)
Start importing Assets/Mod Assets/Custom Materials/Modulate Red.mat using Guid(a0a0d20d7eab44a68a19ca8d45fa0ee7) Importer(2089858483,0ecaa5967403d082aa24f35e1b516d23) [PhysX] Initialized MultithreadedTaskDispatcher with 12 workers.
 -> (artifact id: '0a80cc49277623d3619e2c5830bdef42') in 0.011797 seconds
Number of updated asset objects reloaded before import = 0
Number of asset objects unloaded after import = 1
========================================================================
Received Import Request.
  Time since last request: 0.000022 seconds.
  path: Assets/Environment/Tiles/TileFloatingLeftEdge.png
  artifactKey: Guid(4fe24818a6b2541629cad3038853d908) Importer(2089858483,0ecaa5967403d082aa24f35e1b516d23)
Start importing Assets/Environment/Tiles/TileFloatingLeftEdge.png using Guid(4fe24818a6b2541629cad3038853d908) Importer(2089858483,0ecaa5967403d082aa24f35e1b516d23) [PhysX] Initialized MultithreadedTaskDispatcher with 12 workers.
 -> (artifact id: '64dd8db752afa1c5d153894bb98521cc') in 0.027876 seconds
Number of updated asset objects reloaded before import = 0
Number of asset objects unloaded after import = 3
========================================================================
Received Import Request.
  Time since last request: 0.000018 seconds.
  path: Assets/Mod Assets/Bounce Effect Prefabs/BouncyLightning.prefab
  artifactKey: Guid(551743bdaa71a45fe84fd679e2ff0c3b) Importer(2089858483,0ecaa5967403d082aa24f35e1b516d23)
Start importing Assets/Mod Assets/Bounce Effect Prefabs/BouncyLightning.prefab using Guid(551743bdaa71a45fe84fd679e2ff0c3b) Importer(2089858483,0ecaa5967403d082aa24f35e1b516d23) [PhysX] Initialized MultithreadedTaskDispatcher with 12 workers.
 -> (artifact id: 'cf2138704122672ce29cf6e40c235835') in 0.009002 seconds
Number of updated asset objects reloaded before import = 0
Number of asset objects unloaded after import = 0
========================================================================
Received Import Request.
  Time since last request: 0.000015 seconds.
  path: Assets/Character/Animations/PlayerLand.anim
  artifactKey: Guid(9d77f2a0966c94ef3b13bd6bdac0da40) Importer(2089858483,0ecaa5967403d082aa24f35e1b516d23)
Start importing Assets/Character/Animations/PlayerLand.anim using Guid(9d77f2a0966c94ef3b13bd6bdac0da40) Importer(2089858483,0ecaa5967403d082aa24f35e1b516d23) [PhysX] Initialized MultithreadedTaskDispatcher with 12 workers.
 -> (artifact id: 'd2b8c467153b9c25872ec050067835de') in 0.018965 seconds
Number of updated asset objects reloaded before import = 0
Number of asset objects unloaded after import = 1
========================================================================
Received Import Request.
  Time since last request: 0.000014 seconds.
  path: Assets/Environment/Tiles/TallBuilding.png
  artifactKey: Guid(463f5cb78d0a54b0c9ccc094f0e51d48) Importer(2089858483,0ecaa5967403d082aa24f35e1b516d23)
Start importing Assets/Environment/Tiles/TallBuilding.png using Guid(463f5cb78d0a54b0c9ccc094f0e51d48) Importer(2089858483,0ecaa5967403d082aa24f35e1b516d23) [PhysX] Initialized MultithreadedTaskDispatcher with 12 workers.
 -> (artifact id: '7fb43f8e2437867e1969655d5447d70d') in 0.024300 seconds
Number of updated asset objects reloaded before import = 0
Number of asset objects unloaded after import = 3
========================================================================
Received Import Request.
  Time since last request: 0.000019 seconds.
  path: Assets/Rendering/PostProcessVolume.asset
  artifactKey: Guid(3015cca3ee7cb4049aa1b45cb14b9bed) Importer(2089858483,0ecaa5967403d082aa24f35e1b516d23)
Start importing Assets/Rendering/PostProcessVolume.asset using Guid(3015cca3ee7cb4049aa1b45cb14b9bed) Importer(2089858483,0ecaa5967403d082aa24f35e1b516d23) [PhysX] Initialized MultithreadedTaskDispatcher with 12 workers.
 -> (artifact id: '6faaf77ba96e79c07f21eec3124f60bb') in 0.012136 seconds
Number of updated asset objects reloaded before import = 0
Number of asset objects unloaded after import = 4
========================================================================
Received Import Request.
  Time since last request: 0.000016 seconds.
  path: Assets/Environment/Tiles/TileGroundTop.asset
  artifactKey: Guid(d1eb7d0d6c0aa4e4295e8962c2137ab7) Importer(2089858483,0ecaa5967403d082aa24f35e1b516d23)
Start importing Assets/Environment/Tiles/TileGroundTop.asset using Guid(d1eb7d0d6c0aa4e4295e8962c2137ab7) Importer(2089858483,0ecaa5967403d082aa24f35e1b516d23) [PhysX] Initialized MultithreadedTaskDispatcher with 12 workers.
 -> (artifact id: '7f63ceb860eeecbeb674d430f9171d66') in 0.017295 seconds
Number of updated asset objects reloaded before import = 0
Number of asset objects unloaded after import = 3
========================================================================
Received Import Request.
  Time since last request: 0.000016 seconds.
  path: Assets/Environment/Sprites/tree.png
  artifactKey: Guid(0297adc2e728da242a0e78df10d9b8b8) Importer(2089858483,0ecaa5967403d082aa24f35e1b516d23)
Start importing Assets/Environment/Sprites/tree.png using Guid(0297adc2e728da242a0e78df10d9b8b8) Importer(2089858483,0ecaa5967403d082aa24f35e1b516d23) [PhysX] Initialized MultithreadedTaskDispatcher with 12 workers.
 -> (artifact id: 'a4c519905324fe61b821f37a4bedd5dd') in 0.022818 seconds
Number of updated asset objects reloaded before import = 0
Number of asset objects unloaded after import = 3
========================================================================
Received Import Request.
  Time since last request: 0.000017 seconds.
  path: Assets/Settings/Ultra_PipelineAsset.asset
  artifactKey: Guid(665072d3994004544bb27f2c5fca09c4) Importer(2089858483,0ecaa5967403d082aa24f35e1b516d23)
Start importing Assets/Settings/Ultra_PipelineAsset.asset using Guid(665072d3994004544bb27f2c5fca09c4) Importer(2089858483,0ecaa5967403d082aa24f35e1b516d23) [PhysX] Initialized MultithreadedTaskDispatcher with 12 workers.
 -> (artifact id: 'a32fb9dc5013276829177edaf0d89099') in 0.017227 seconds
Number of updated asset objects reloaded before import = 0
Number of asset objects unloaded after import = 1
========================================================================
Received Import Request.
  Time since last request: 0.000017 seconds.
  path: Assets/Character/Sprites/TokenSpin.png
  artifactKey: Guid(c36b0e54a8d8340759ab2f1394787f1f) Importer(2089858483,0ecaa5967403d082aa24f35e1b516d23)
Start importing Assets/Character/Sprites/TokenSpin.png using Guid(c36b0e54a8d8340759ab2f1394787f1f) Importer(2089858483,0ecaa5967403d082aa24f35e1b516d23) [PhysX] Initialized MultithreadedTaskDispatcher with 12 workers.
 -> (artifact id: '8cb48c6a07458100a2c7198123fb5159') in 0.025291 seconds
Number of updated asset objects reloaded before import = 0
Number of asset objects unloaded after import = 15
========================================================================
Received Import Request.
  Time since last request: 0.000016 seconds.
  path: Assets/Character/Sprites/PlayerJump - Copy.png
  artifactKey: Guid(8b11a8cc709bb604ab1d825acb14eed8) Importer(2089858483,0ecaa5967403d082aa24f35e1b516d23)
Start importing Assets/Character/Sprites/PlayerJump - Copy.png using Guid(8b11a8cc709bb604ab1d825acb14eed8) Importer(2089858483,0ecaa5967403d082aa24f35e1b516d23) [PhysX] Initialized MultithreadedTaskDispatcher with 12 workers.
 -> (artifact id: '7f2dddf06dec2dc17b730a0a141e8073') in 0.023632 seconds
Number of updated asset objects reloaded before import = 0
Number of asset objects unloaded after import = 7
========================================================================
Received Import Request.
  Time since last request: 0.000020 seconds.
  path: Assets/Character/Animations/EnemyIdle.controller
  artifactKey: Guid(ed1bbb2dccb7a424a9969f916919f446) Importer(2089858483,0ecaa5967403d082aa24f35e1b516d23)
Start importing Assets/Character/Animations/EnemyIdle.controller using Guid(ed1bbb2dccb7a424a9969f916919f446) Importer(2089858483,0ecaa5967403d082aa24f35e1b516d23) [PhysX] Initialized MultithreadedTaskDispatcher with 12 workers.
 -> (artifact id: '5683d25535629a2bcd96860145357aa1') in 0.012290 seconds
Number of updated asset objects reloaded before import = 0
Number of asset objects unloaded after import = 11
========================================================================
Received Import Request.
  Time since last request: 0.000017 seconds.
  path: Assets/Tutorials/TutorialCallbacks.cs
  artifactKey: Guid(202bcf9199fa7e9469c84771f0ab98e5) Importer(2089858483,0ecaa5967403d082aa24f35e1b516d23)
Start importing Assets/Tutorials/TutorialCallbacks.cs using Guid(202bcf9199fa7e9469c84771f0ab98e5) Importer(2089858483,0ecaa5967403d082aa24f35e1b516d23) [PhysX] Initialized MultithreadedTaskDispatcher with 12 workers.
 -> (artifact id: '18479637d925ad353da832f9159eec76') in 0.011881 seconds
Number of updated asset objects reloaded before import = 0
Number of asset objects unloaded after import = 1
========================================================================
Received Import Request.
  Time since last request: 0.000016 seconds.
  path: Assets/Mod Assets/Bounce Effect Prefabs/BouncyFireworks.prefab
  artifactKey: Guid(01739b94a2c17405c95abb982bdd4498) Importer(2089858483,0ecaa5967403d082aa24f35e1b516d23)
Start importing Assets/Mod Assets/Bounce Effect Prefabs/BouncyFireworks.prefab using Guid(01739b94a2c17405c95abb982bdd4498) Importer(2089858483,0ecaa5967403d082aa24f35e1b516d23) [PhysX] Initialized MultithreadedTaskDispatcher with 12 workers.
 -> (artifact id: 'a6a21946ddcd37d0314feaaa8090fcfc') in 0.008428 seconds
Number of updated asset objects reloaded before import = 0
Number of asset objects unloaded after import = 0
========================================================================
Received Import Request.
  Time since last request: 0.000018 seconds.
  path: Assets/Character/Sprites/PlayerVictory.png
  artifactKey: Guid(591161ddccde24e77bc04c29ec2742eb) Importer(2089858483,0ecaa5967403d082aa24f35e1b516d23)
Start importing Assets/Character/Sprites/PlayerVictory.png using Guid(591161ddccde24e77bc04c29ec2742eb) Importer(2089858483,0ecaa5967403d082aa24f35e1b516d23) [PhysX] Initialized MultithreadedTaskDispatcher with 12 workers.
 -> (artifact id: '463d97ba55a9d1f516043e487e2ae38c') in 0.027684 seconds
Number of updated asset objects reloaded before import = 0
Number of asset objects unloaded after import = 15
========================================================================
Received Import Request.
  Time since last request: 0.000020 seconds.
  path: Assets/Environment/Sprites/Background.png
  artifactKey: Guid(42a2484975ce83541a72461a750658ff) Importer(2089858483,0ecaa5967403d082aa24f35e1b516d23)
Start importing Assets/Environment/Sprites/Background.png using Guid(42a2484975ce83541a72461a750658ff) Importer(2089858483,0ecaa5967403d082aa24f35e1b516d23) [PhysX] Initialized MultithreadedTaskDispatcher with 12 workers.
 -> (artifact id: '4b4158c5354145e713627bbf24c376bc') in 0.025400 seconds
Number of updated asset objects reloaded before import = 0
Number of asset objects unloaded after import = 3
========================================================================
Received Import Request.
  Time since last request: 0.000019 seconds.
  path: Assets/Character/Sprites/PlayerDeath.png
  artifactKey: Guid(75b38086a902846edbae786183b0274d) Importer(2089858483,0ecaa5967403d082aa24f35e1b516d23)
Start importing Assets/Character/Sprites/PlayerDeath.png using Guid(75b38086a902846edbae786183b0274d) Importer(2089858483,0ecaa5967403d082aa24f35e1b516d23) [PhysX] Initialized MultithreadedTaskDispatcher with 12 workers.
 -> (artifact id: 'b59393ec9012755ccc9669ce15d090e3') in 0.037551 seconds
Number of updated asset objects reloaded before import = 0
Number of asset objects unloaded after import = 18
========================================================================
Received Import Request.
  Time since last request: 0.000016 seconds.
  path: Assets/Tiles/mountains.asset
  artifactKey: Guid(17d8f745a300ff948ac10cceb364a2dc) Importer(2089858483,0ecaa5967403d082aa24f35e1b516d23)
Start importing Assets/Tiles/mountains.asset using Guid(17d8f745a300ff948ac10cceb364a2dc) Importer(2089858483,0ecaa5967403d082aa24f35e1b516d23) [PhysX] Initialized MultithreadedTaskDispatcher with 12 workers.
 -> (artifact id: 'fc6ded9e05e82f7e2daa6bfcdaf2ceb5') in 0.012926 seconds
Number of updated asset objects reloaded before import = 0
Number of asset objects unloaded after import = 3
========================================================================
Received Import Request.
  Time since last request: 0.000018 seconds.
  path: Assets/TextMesh Pro/Resources/LineBreaking Leading Characters.txt
  artifactKey: Guid(d82c1b31c7e74239bff1220585707d2b) Importer(2089858483,0ecaa5967403d082aa24f35e1b516d23)
Start importing Assets/TextMesh Pro/Resources/LineBreaking Leading Characters.txt using Guid(d82c1b31c7e74239bff1220585707d2b) Importer(2089858483,0ecaa5967403d082aa24f35e1b516d23) [PhysX] Initialized MultithreadedTaskDispatcher with 12 workers.
 -> (artifact id: '43e5ce5fda9006a09f0035749fe371da') in 0.016111 seconds
Number of updated asset objects reloaded before import = 0
Number of asset objects unloaded after import = 1
========================================================================
Received Import Request.
  Time since last request: 0.000016 seconds.
  path: Assets/Scripts/Core/Simulation.Event.cs
  artifactKey: Guid(808327a9d6f9344eab70aca5c52427e5) Importer(2089858483,0ecaa5967403d082aa24f35e1b516d23)
Start importing Assets/Scripts/Core/Simulation.Event.cs using Guid(808327a9d6f9344eab70aca5c52427e5) Importer(2089858483,0ecaa5967403d082aa24f35e1b516d23) [PhysX] Initialized MultithreadedTaskDispatcher with 12 workers.
 -> (artifact id: 'd7296e4f3d8f5024f371109344007275') in 0.011062 seconds
Number of updated asset objects reloaded before import = 0
Number of asset objects unloaded after import = 1
========================================================================
Received Import Request.
  Time since last request: 0.000017 seconds.
  path: Assets/Scripts/UI/MetaGameController.cs
  artifactKey: Guid(86f4a4ae3a36547dd915a91ceebed970) Importer(2089858483,0ecaa5967403d082aa24f35e1b516d23)
Start importing Assets/Scripts/UI/MetaGameController.cs using Guid(86f4a4ae3a36547dd915a91ceebed970) Importer(2089858483,0ecaa5967403d082aa24f35e1b516d23) [PhysX] Initialized MultithreadedTaskDispatcher with 12 workers.
 -> (artifact id: 'd9799f3fac7b9e3846925c516ec457f5') in 0.009442 seconds
Number of updated asset objects reloaded before import = 0
Number of asset objects unloaded after import = 1
========================================================================
Received Import Request.
  Time since last request: 0.000023 seconds.
  path: Assets/Mod Assets/Trail Prefabs/RainbowTrail.prefab
  artifactKey: Guid(5c49c1613def9483585c222067115b32) Importer(2089858483,0ecaa5967403d082aa24f35e1b516d23)
Start importing Assets/Mod Assets/Trail Prefabs/RainbowTrail.prefab using Guid(5c49c1613def9483585c222067115b32) Importer(2089858483,0ecaa5967403d082aa24f35e1b516d23) [PhysX] Initialized MultithreadedTaskDispatcher with 12 workers.
 -> (artifact id: 'c7cd99ec9c695e18a140d1c7b8025eb7') in 0.021645 seconds
Number of updated asset objects reloaded before import = 0
Number of asset objects unloaded after import = 7
========================================================================
Received Import Request.
  Time since last request: 0.000030 seconds.
  path: Assets/Scripts/Core/Simulation.InstanceRegister.cs
  artifactKey: Guid(e1b7da7f958814fd0b5e867ed3827958) Importer(2089858483,0ecaa5967403d082aa24f35e1b516d23)
Start importing Assets/Scripts/Core/Simulation.InstanceRegister.cs using Guid(e1b7da7f958814fd0b5e867ed3827958) Importer(2089858483,0ecaa5967403d082aa24f35e1b516d23) [PhysX] Initialized MultithreadedTaskDispatcher with 12 workers.
 -> (artifact id: 'fedce9a3cb2b8e22255e073fc62d772a') in 0.008569 seconds
Number of updated asset objects reloaded before import = 0
Number of asset objects unloaded after import = 1
========================================================================
Received Import Request.
  Time since last request: 0.000017 seconds.
  path: Assets/Scripts/Mechanics/PatrolPath.cs
  artifactKey: Guid(83b023ebe508a49c880fc00552f0dfc1) Importer(2089858483,0ecaa5967403d082aa24f35e1b516d23)
Start importing Assets/Scripts/Mechanics/PatrolPath.cs using Guid(83b023ebe508a49c880fc00552f0dfc1) Importer(2089858483,0ecaa5967403d082aa24f35e1b516d23) [PhysX] Initialized MultithreadedTaskDispatcher with 12 workers.
 -> (artifact id: '6673896702b7c4c3c2c9e9ed5b6b6ac5') in 0.012481 seconds
Number of updated asset objects reloaded before import = 0
Number of asset objects unloaded after import = 1
========================================================================
Received Import Request.
  Time since last request: 0.000018 seconds.
  path: Assets/Scripts/Mechanics/EnemyController.cs
  artifactKey: Guid(cd654acc1f7894a509f3420e5c9ffea6) Importer(2089858483,0ecaa5967403d082aa24f35e1b516d23)
Start importing Assets/Scripts/Mechanics/EnemyController.cs using Guid(cd654acc1f7894a509f3420e5c9ffea6) Importer(2089858483,0ecaa5967403d082aa24f35e1b516d23) [PhysX] Initialized MultithreadedTaskDispatcher with 12 workers.
 -> (artifact id: 'd23143548ab95bba1b6ba5d5241df578') in 0.010361 seconds
Number of updated asset objects reloaded before import = 0
Number of asset objects unloaded after import = 1
========================================================================
Received Import Request.
  Time since last request: 0.000016 seconds.
  path: Assets/Scripts/Mechanics/PatrolPath.Mover.cs
  artifactKey: Guid(91fcc8d06d79c4678aabe2abed234213) Importer(2089858483,0ecaa5967403d082aa24f35e1b516d23)
Start importing Assets/Scripts/Mechanics/PatrolPath.Mover.cs using Guid(91fcc8d06d79c4678aabe2abed234213) Importer(2089858483,0ecaa5967403d082aa24f35e1b516d23) [PhysX] Initialized MultithreadedTaskDispatcher with 12 workers.
 -> (artifact id: 'b794e390698ef3d04a9cc2672dcad03c') in 0.011734 seconds
Number of updated asset objects reloaded before import = 0
Number of asset objects unloaded after import = 1
========================================================================
Received Import Request.
  Time since last request: 0.000015 seconds.
  path: Assets/Scripts/View/ParallaxLayer.cs
  artifactKey: Guid(a229c636674274e12bb4f79ddcae0d49) Importer(2089858483,0ecaa5967403d082aa24f35e1b516d23)
Start importing Assets/Scripts/View/ParallaxLayer.cs using Guid(a229c636674274e12bb4f79ddcae0d49) Importer(2089858483,0ecaa5967403d082aa24f35e1b516d23) [PhysX] Initialized MultithreadedTaskDispatcher with 12 workers.
 -> (artifact id: '616653194f5243427ac2d566966b562e') in 0.011533 seconds
Number of updated asset objects reloaded before import = 0
Number of asset objects unloaded after import = 1
========================================================================
Received Import Request.
  Time since last request: 0.000029 seconds.
  path: Assets/Scripts/Gameplay/PlayerLanded.cs
  artifactKey: Guid(a408f6e7866fe4789addb32c11b745b7) Importer(2089858483,0ecaa5967403d082aa24f35e1b516d23)
Start importing Assets/Scripts/Gameplay/PlayerLanded.cs using Guid(a408f6e7866fe4789addb32c11b745b7) Importer(2089858483,0ecaa5967403d082aa24f35e1b516d23) [PhysX] Initialized MultithreadedTaskDispatcher with 12 workers.
 -> (artifact id: '449d1ede3e4181f42cc05126ca76db6e') in 0.011613 seconds
Number of updated asset objects reloaded before import = 0
Number of asset objects unloaded after import = 1
========================================================================
Received Import Request.
  Time since last request: 0.000016 seconds.
  path: Assets/Scripts/Gameplay/PlayerDeath.cs
  artifactKey: Guid(b144adbcc33064b868df6d6c17ab5f1a) Importer(2089858483,0ecaa5967403d082aa24f35e1b516d23)
Start importing Assets/Scripts/Gameplay/PlayerDeath.cs using Guid(b144adbcc33064b868df6d6c17ab5f1a) Importer(2089858483,0ecaa5967403d082aa24f35e1b516d23) [PhysX] Initialized MultithreadedTaskDispatcher with 12 workers.
 -> (artifact id: 'f071f43ee24226a4371a7e3ded755699') in 0.010697 seconds
Number of updated asset objects reloaded before import = 0
Number of asset objects unloaded after import = 1
========================================================================
Received Import Request.
  Time since last request: 0.000015 seconds.
  path: Assets/Scripts/Mechanics/PlayerController.cs
  artifactKey: Guid(709ee11994a2f44658e5fc9887c45081) Importer(2089858483,0ecaa5967403d082aa24f35e1b516d23)
Start importing Assets/Scripts/Mechanics/PlayerController.cs using Guid(709ee11994a2f44658e5fc9887c45081) Importer(2089858483,0ecaa5967403d082aa24f35e1b516d23) [PhysX] Initialized MultithreadedTaskDispatcher with 12 workers.
 -> (artifact id: '60783b3b9f781c601aa8cf50d6f2a30a') in 0.011207 seconds
Number of updated asset objects reloaded before import = 0
Number of asset objects unloaded after import = 1
========================================================================
Received Import Request.
  Time since last request: 0.000019 seconds.
  path: Assets/Scripts/Mechanics/SpawnPoint.cs
  artifactKey: Guid(97143aaad65244901859cf22f86c8b49) Importer(2089858483,0ecaa5967403d082aa24f35e1b516d23)
Start importing Assets/Scripts/Mechanics/SpawnPoint.cs using Guid(97143aaad65244901859cf22f86c8b49) Importer(2089858483,0ecaa5967403d082aa24f35e1b516d23) [PhysX] Initialized MultithreadedTaskDispatcher with 12 workers.
 -> (artifact id: '89247626448d485d1e3635795589b097') in 0.010111 seconds
Number of updated asset objects reloaded before import = 0
Number of asset objects unloaded after import = 1
========================================================================
Received Import Request.
  Time since last request: 0.000017 seconds.
  path: Assets/Scripts/Mechanics/VictoryZone.cs
  artifactKey: Guid(83b7b8893929d4d9094f6655d580fae1) Importer(2089858483,0ecaa5967403d082aa24f35e1b516d23)
Start importing Assets/Scripts/Mechanics/VictoryZone.cs using Guid(83b7b8893929d4d9094f6655d580fae1) Importer(2089858483,0ecaa5967403d082aa24f35e1b516d23) [PhysX] Initialized MultithreadedTaskDispatcher with 12 workers.
 -> (artifact id: 'e7fd8a764e35da05ed79d5c1a1f062bc') in 0.012807 seconds
Number of updated asset objects reloaded before import = 0
Number of asset objects unloaded after import = 1
========================================================================
Received Import Request.
  Time since last request: 0.000019 seconds.
  path: Assets/Mod Assets/Bounce Effect Prefabs/BouncyGlowy.prefab
  artifactKey: Guid(e8ac9fddd495344dd969dab643f1506b) Importer(2089858483,0ecaa5967403d082aa24f35e1b516d23)
Start importing Assets/Mod Assets/Bounce Effect Prefabs/BouncyGlowy.prefab using Guid(e8ac9fddd495344dd969dab643f1506b) Importer(2089858483,0ecaa5967403d082aa24f35e1b516d23) [PhysX] Initialized MultithreadedTaskDispatcher with 12 workers.
 -> (artifact id: '5deacda623f981a10a6b26322bcf9920') in 0.009596 seconds
Number of updated asset objects reloaded before import = 0
Number of asset objects unloaded after import = 0
========================================================================
Received Import Request.
  Time since last request: 0.000016 seconds.
  path: Assets/Scripts/View/AnimatedTile.cs
  artifactKey: Guid(9df11d2ad44624917bf3586aa9303279) Importer(2089858483,0ecaa5967403d082aa24f35e1b516d23)
Start importing Assets/Scripts/View/AnimatedTile.cs using Guid(9df11d2ad44624917bf3586aa9303279) Importer(2089858483,0ecaa5967403d082aa24f35e1b516d23) [PhysX] Initialized MultithreadedTaskDispatcher with 12 workers.
 -> (artifact id: 'db76e590c74e67fe2a3cd5a17991b0d9') in 0.010623 seconds
Number of updated asset objects reloaded before import = 0
Number of asset objects unloaded after import = 1
========================================================================
Received Import Request.
  Time since last request: 0.000018 seconds.
  path: Assets/Scripts/Gameplay/PlayerJumped.cs
  artifactKey: Guid(d0594447dc056485392cd3234551e60c) Importer(2089858483,0ecaa5967403d082aa24f35e1b516d23)
Start importing Assets/Scripts/Gameplay/PlayerJumped.cs using Guid(d0594447dc056485392cd3234551e60c) Importer(2089858483,0ecaa5967403d082aa24f35e1b516d23) [PhysX] Initialized MultithreadedTaskDispatcher with 12 workers.
 -> (artifact id: '89f2e1a904a4b33cdc2f5efc1a7659be') in 0.009997 seconds
Number of updated asset objects reloaded before import = 0
Number of asset objects unloaded after import = 1
========================================================================
Received Import Request.
  Time since last request: 0.000065 seconds.
  path: Assets/Scripts/Gameplay/PlayerTokenCollision.cs
  artifactKey: Guid(280a2907710a44d77a3ecb703ab792f5) Importer(2089858483,0ecaa5967403d082aa24f35e1b516d23)
Start importing Assets/Scripts/Gameplay/PlayerTokenCollision.cs using Guid(280a2907710a44d77a3ecb703ab792f5) Importer(2089858483,0ecaa5967403d082aa24f35e1b516d23) [PhysX] Initialized MultithreadedTaskDispatcher with 12 workers.
 -> (artifact id: '0f6d990d3e69bae79fbdfe53eed797fe') in 0.011922 seconds
Number of updated asset objects reloaded before import = 0
Number of asset objects unloaded after import = 1
========================================================================
Received Import Request.
  Time since last request: 0.000019 seconds.
  path: Assets/TextMesh Pro/Resources/LineBreaking Following Characters.txt
  artifactKey: Guid(fade42e8bc714b018fac513c043d323b) Importer(2089858483,0ecaa5967403d082aa24f35e1b516d23)
Start importing Assets/TextMesh Pro/Resources/LineBreaking Following Characters.txt using Guid(fade42e8bc714b018fac513c043d323b) Importer(2089858483,0ecaa5967403d082aa24f35e1b516d23) [PhysX] Initialized MultithreadedTaskDispatcher with 12 workers.
 -> (artifact id: 'b4a30f23ba409a35bf488be5e1c44b01') in 0.010651 seconds
Number of updated asset objects reloaded before import = 0
Number of asset objects unloaded after import = 1
========================================================================
Received Import Request.
  Time since last request: 0.000017 seconds.
  path: Assets/Scripts/Mechanics/Health.cs
  artifactKey: Guid(ffad43bb006db4856a9c527b89b48db9) Importer(2089858483,0ecaa5967403d082aa24f35e1b516d23)
Start importing Assets/Scripts/Mechanics/Health.cs using Guid(ffad43bb006db4856a9c527b89b48db9) Importer(2089858483,0ecaa5967403d082aa24f35e1b516d23) [PhysX] Initialized MultithreadedTaskDispatcher with 12 workers.
 -> (artifact id: '63e6a9def10c0d15cf651ae851a25a9a') in 0.012009 seconds
Number of updated asset objects reloaded before import = 0
Number of asset objects unloaded after import = 1
========================================================================
Received Import Request.
  Time since last request: 0.000017 seconds.
  path: Assets/Scripts/UI/ButtonPressFunctions.cs
  artifactKey: Guid(37e09cf371a0bc144a0f5fbb572c9d2f) Importer(2089858483,0ecaa5967403d082aa24f35e1b516d23)
Start importing Assets/Scripts/UI/ButtonPressFunctions.cs using Guid(37e09cf371a0bc144a0f5fbb572c9d2f) Importer(2089858483,0ecaa5967403d082aa24f35e1b516d23) [PhysX] Initialized MultithreadedTaskDispatcher with 12 workers.
 -> (artifact id: 'bcf4e4bfe158456b94da9d2ee301598c') in 0.011817 seconds
Number of updated asset objects reloaded before import = 0
Number of asset objects unloaded after import = 1
========================================================================
Received Import Request.
  Time since last request: 0.000020 seconds.
  path: Assets/Tutorials/Unity.Platformer.Tutorials.asmdef
  artifactKey: Guid(31dfa4f98b707e143912a08d1b696719) Importer(2089858483,0ecaa5967403d082aa24f35e1b516d23)
Start importing Assets/Tutorials/Unity.Platformer.Tutorials.asmdef using Guid(31dfa4f98b707e143912a08d1b696719) Importer(2089858483,0ecaa5967403d082aa24f35e1b516d23) [PhysX] Initialized MultithreadedTaskDispatcher with 12 workers.
 -> (artifact id: 'a8705f988fd05c90934ee5d5d5aa8e01') in 0.012156 seconds
Number of updated asset objects reloaded before import = 0
Number of asset objects unloaded after import = 1
========================================================================
Received Import Request.
  Time since last request: 0.000016 seconds.
  path: Assets/Environment/Tiles/TileFloatingLeftEdge.asset
  artifactKey: Guid(18bcccc545db8f145849e875966f4991) Importer(2089858483,0ecaa5967403d082aa24f35e1b516d23)
Start importing Assets/Environment/Tiles/TileFloatingLeftEdge.asset using Guid(18bcccc545db8f145849e875966f4991) Importer(2089858483,0ecaa5967403d082aa24f35e1b516d23) [PhysX] Initialized MultithreadedTaskDispatcher with 12 workers.
 -> (artifact id: 'f941e459f23ca06ff34df92bf2f7c95f') in 0.021182 seconds
Number of updated asset objects reloaded before import = 0
Number of asset objects unloaded after import = 3
========================================================================
Received Import Request.
  Time since last request: 0.000018 seconds.
  path: Assets/Environment/Sprites/midground.png
  artifactKey: Guid(ae2c8da0a2b52a94693061615670c2aa) Importer(2089858483,0ecaa5967403d082aa24f35e1b516d23)
Start importing Assets/Environment/Sprites/midground.png using Guid(ae2c8da0a2b52a94693061615670c2aa) Importer(2089858483,0ecaa5967403d082aa24f35e1b516d23) [PhysX] Initialized MultithreadedTaskDispatcher with 12 workers.
 -> (artifact id: 'd7501982e5a7befc57393060551f3c7d') in 0.017058 seconds
Number of updated asset objects reloaded before import = 0
Number of asset objects unloaded after import = 3
========================================================================
Received Import Request.
  Time since last request: 0.000017 seconds.
  path: Assets/Environment/Tiles/mountains.png
  artifactKey: Guid(fec4d86a327db4cd3b224f893cf7b1a3) Importer(2089858483,0ecaa5967403d082aa24f35e1b516d23)
Start importing Assets/Environment/Tiles/mountains.png using Guid(fec4d86a327db4cd3b224f893cf7b1a3) Importer(2089858483,0ecaa5967403d082aa24f35e1b516d23) [PhysX] Initialized MultithreadedTaskDispatcher with 12 workers.
 -> (artifact id: 'b7a380306d7569809c412fc0c09a7ac8') in 0.025935 seconds
Number of updated asset objects reloaded before import = 0
Number of asset objects unloaded after import = 3
========================================================================
Received Import Request.
  Time since last request: 0.000014 seconds.
  path: Assets/Character/Sprites/Mr.Alien.png
  artifactKey: Guid(443583d5024ec0b46889a8bed11f2d5d) Importer(2089858483,0ecaa5967403d082aa24f35e1b516d23)
Start importing Assets/Character/Sprites/Mr.Alien.png using Guid(443583d5024ec0b46889a8bed11f2d5d) Importer(2089858483,0ecaa5967403d082aa24f35e1b516d23) [PhysX] Initialized MultithreadedTaskDispatcher with 12 workers.
 -> (artifact id: '1adaddf818d7cc34910388266c12f03e') in 0.014915 seconds
Number of updated asset objects reloaded before import = 0
Number of asset objects unloaded after import = 3
========================================================================
Received Import Request.
  Time since last request: 0.000014 seconds.
  path: Assets/Environment/Tiles/tree.asset
  artifactKey: Guid(3e27028b6ec63ce42a7fabe8e037d1a5) Importer(2089858483,0ecaa5967403d082aa24f35e1b516d23)
Start importing Assets/Environment/Tiles/tree.asset using Guid(3e27028b6ec63ce42a7fabe8e037d1a5) Importer(2089858483,0ecaa5967403d082aa24f35e1b516d23) [PhysX] Initialized MultithreadedTaskDispatcher with 12 workers.
 -> (artifact id: '192adb3e2b612eee760e152447fa94df') in 0.018082 seconds
Number of updated asset objects reloaded before import = 0
Number of asset objects unloaded after import = 3
========================================================================
Received Import Request.
  Time since last request: 0.000020 seconds.
  path: Assets/Settings/Very High_PipelineAsset.asset
  artifactKey: Guid(ce0a72bd24882284199bc0a4ee9c7cab) Importer(2089858483,0ecaa5967403d082aa24f35e1b516d23)
Start importing Assets/Settings/Very High_PipelineAsset.asset using Guid(ce0a72bd24882284199bc0a4ee9c7cab) Importer(2089858483,0ecaa5967403d082aa24f35e1b516d23) [PhysX] Initialized MultithreadedTaskDispatcher with 12 workers.
 -> (artifact id: '0955c75ffd33f58b492a844434189409') in 0.016663 seconds
Number of updated asset objects reloaded before import = 0
Number of asset objects unloaded after import = 2
========================================================================
Received Import Request.
  Time since last request: 0.000020 seconds.
  path: Assets/Scripts/Gameplay/PlayerSpawn.cs
  artifactKey: Guid(8fc2f862cb18245199adc2074a7f2b4e) Importer(2089858483,0ecaa5967403d082aa24f35e1b516d23)
Start importing Assets/Scripts/Gameplay/PlayerSpawn.cs using Guid(8fc2f862cb18245199adc2074a7f2b4e) Importer(2089858483,0ecaa5967403d082aa24f35e1b516d23) [PhysX] Initialized MultithreadedTaskDispatcher with 12 workers.
 -> (artifact id: 'c947569d3d9d2186bd0b1044087cec33') in 0.011415 seconds
Number of updated asset objects reloaded before import = 0
Number of asset objects unloaded after import = 1
========================================================================
Received Import Request.
  Time since last request: 0.000027 seconds.
  path: Assets/Tutorials/AddAnEnemy/WT-Select-Scale.mov
  artifactKey: Guid(616f0abee57964b6186e95d67d2ad7a3) Importer(2089858483,0ecaa5967403d082aa24f35e1b516d23)
Start importing Assets/Tutorials/AddAnEnemy/WT-Select-Scale.mov using Guid(616f0abee57964b6186e95d67d2ad7a3) Importer(2089858483,0ecaa5967403d082aa24f35e1b516d23) [PhysX] Initialized MultithreadedTaskDispatcher with 12 workers.
 -> (artifact id: 'f30f16d459a99411b61557355d1aa6f3') in 0.019715 seconds
Number of updated asset objects reloaded before import = 0
Number of asset objects unloaded after import = 1
========================================================================
Received Import Request.
  Time since last request: 0.000015 seconds.
  path: Assets/Tutorials/EditorControls/EditorControls 04-Try-Hand-Tool.asset
  artifactKey: Guid(08664b222211f4218bcf3356bf7bae3e) Importer(2089858483,0ecaa5967403d082aa24f35e1b516d23)
Start importing Assets/Tutorials/EditorControls/EditorControls 04-Try-Hand-Tool.asset using Guid(08664b222211f4218bcf3356bf7bae3e) Importer(2089858483,0ecaa5967403d082aa24f35e1b516d23) [PhysX] Initialized MultithreadedTaskDispatcher with 12 workers.
 -> (artifact id: 'f6c16c418abc23607b20b61f3eda6e96') in 0.018555 seconds
Number of updated asset objects reloaded before import = 0
Number of asset objects unloaded after import = 4
========================================================================
Received Import Request.
  Time since last request: 0.000019 seconds.
  path: Assets/Tutorials/EditColors/EditColors 05.asset
  artifactKey: Guid(db336f654f8674a56998e4dee80ba689) Importer(2089858483,0ecaa5967403d082aa24f35e1b516d23)
Start importing Assets/Tutorials/EditColors/EditColors 05.asset using Guid(db336f654f8674a56998e4dee80ba689) Importer(2089858483,0ecaa5967403d082aa24f35e1b516d23) [PhysX] Initialized MultithreadedTaskDispatcher with 12 workers.
 -> (artifact id: 'd28266f6743fffeb23aaf7ec1ffc3d5f') in 0.015487 seconds
Number of updated asset objects reloaded before import = 0
Number of asset objects unloaded after import = 4
========================================================================
Received Import Request.
  Time since last request: 0.000018 seconds.
  path: Assets/TextMesh Pro/Sprites/EmojiOne.json
  artifactKey: Guid(8f05276190cf498a8153f6cbe761d4e6) Importer(2089858483,0ecaa5967403d082aa24f35e1b516d23)
Start importing Assets/TextMesh Pro/Sprites/EmojiOne.json using Guid(8f05276190cf498a8153f6cbe761d4e6) Importer(2089858483,0ecaa5967403d082aa24f35e1b516d23) [PhysX] Initialized MultithreadedTaskDispatcher with 12 workers.
 -> (artifact id: '1557b8ff0e04483f7981083fc54e3b6b') in 0.015531 seconds
Number of updated asset objects reloaded before import = 0
Number of asset objects unloaded after import = 1
========================================================================
Received Import Request.
  Time since last request: 0.000020 seconds.
  path: Assets/Tutorials/EditorControls/EditorControls 03-Hand-Tool.asset
  artifactKey: Guid(900124fb13aba4ef4bf556c0f782d127) Importer(2089858483,0ecaa5967403d082aa24f35e1b516d23)
Start importing Assets/Tutorials/EditorControls/EditorControls 03-Hand-Tool.asset using Guid(900124fb13aba4ef4bf556c0f782d127) Importer(2089858483,0ecaa5967403d082aa24f35e1b516d23) [PhysX] Initialized MultithreadedTaskDispatcher with 12 workers.
 -> (artifact id: '645638fd4f68c6799924c7091c8e3896') in 0.025830 seconds
Number of updated asset objects reloaded before import = 0
Number of asset objects unloaded after import = 5
========================================================================
Received Import Request.
  Time since last request: 0.000016 seconds.
  path: Assets/Tutorials/BuildAndPublish/BuildAndPublish 013.asset
  artifactKey: Guid(97f3ee3958d87894d8f23cc258f28f0e) Importer(2089858483,0ecaa5967403d082aa24f35e1b516d23)
Start importing Assets/Tutorials/BuildAndPublish/BuildAndPublish 013.asset using Guid(97f3ee3958d87894d8f23cc258f28f0e) Importer(2089858483,0ecaa5967403d082aa24f35e1b516d23) [PhysX] Initialized MultithreadedTaskDispatcher with 12 workers.
 -> (artifact id: 'aeaa50e71876c9da26bc5520de762b93') in 0.015855 seconds
Number of updated asset objects reloaded before import = 0
Number of asset objects unloaded after import = 6
========================================================================
Received Import Request.
  Time since last request: 0.000018 seconds.
  path: Assets/Tutorials/EditColors/EditColors 01-Introduction.asset
  artifactKey: Guid(01b97205d566e47f2afd8329f72be4d4) Importer(2089858483,0ecaa5967403d082aa24f35e1b516d23)
Start importing Assets/Tutorials/EditColors/EditColors 01-Introduction.asset using Guid(01b97205d566e47f2afd8329f72be4d4) Importer(2089858483,0ecaa5967403d082aa24f35e1b516d23) [PhysX] Initialized MultithreadedTaskDispatcher with 12 workers.
 -> (artifact id: '0483e00db00ac0aa525eb750e250cb99') in 0.014184 seconds
Number of updated asset objects reloaded before import = 0
Number of asset objects unloaded after import = 3
========================================================================
Received Import Request.
  Time since last request: 0.000016 seconds.
  path: Assets/Tutorials/BuildAndPublish/BuildAndPublish 005.asset
  artifactKey: Guid(2e886da6f6aba0f47b6241a2700a78b9) Importer(2089858483,0ecaa5967403d082aa24f35e1b516d23)
Start importing Assets/Tutorials/BuildAndPublish/BuildAndPublish 005.asset using Guid(2e886da6f6aba0f47b6241a2700a78b9) Importer(2089858483,0ecaa5967403d082aa24f35e1b516d23) [PhysX] Initialized MultithreadedTaskDispatcher with 12 workers.
 -> (artifact id: '24b4876036617f43f2f7deef5e2c30d1') in 0.015386 seconds
Number of updated asset objects reloaded before import = 0
Number of asset objects unloaded after import = 3
========================================================================
Received Import Request.
  Time since last request: 0.000015 seconds.
  path: Assets/Tutorials/EditorControls/EditorControls 17-Select-Move.asset
  artifactKey: Guid(c83a4ddcf9c7a489cb25b31f69c78791) Importer(2089858483,0ecaa5967403d082aa24f35e1b516d23)
Start importing Assets/Tutorials/EditorControls/EditorControls 17-Select-Move.asset using Guid(c83a4ddcf9c7a489cb25b31f69c78791) Importer(2089858483,0ecaa5967403d082aa24f35e1b516d23) [PhysX] Initialized MultithreadedTaskDispatcher with 12 workers.
 -> (artifact id: 'd6940138bec1abd5faae19bbb6cd5289') in 0.015231 seconds
Number of updated asset objects reloaded before import = 0
Number of asset objects unloaded after import = 4
========================================================================
Received Import Request.
  Time since last request: 0.000017 seconds.
  path: Assets/Tutorials/AddAnEnemy/AddAnEnemy 032.asset
  artifactKey: Guid(e83dc02e6ff064ab3b6b55d346838376) Importer(2089858483,0ecaa5967403d082aa24f35e1b516d23)
Start importing Assets/Tutorials/AddAnEnemy/AddAnEnemy 032.asset using Guid(e83dc02e6ff064ab3b6b55d346838376) Importer(2089858483,0ecaa5967403d082aa24f35e1b516d23) [PhysX] Initialized MultithreadedTaskDispatcher with 12 workers.
 -> (artifact id: 'e253cafd003fcf957fde9dbb4c88465e') in 0.016040 seconds
Number of updated asset objects reloaded before import = 0
Number of asset objects unloaded after import = 16
========================================================================
Received Import Request.
  Time since last request: 0.000021 seconds.
  path: Assets/Tutorials/EditorControls/EditorControls 01-Introduction.asset
  artifactKey: Guid(fef67ab638dae4a14a5508ea356cddc1) Importer(2089858483,0ecaa5967403d082aa24f35e1b516d23)
Start importing Assets/Tutorials/EditorControls/EditorControls 01-Introduction.asset using Guid(fef67ab638dae4a14a5508ea356cddc1) Importer(2089858483,0ecaa5967403d082aa24f35e1b516d23) [PhysX] Initialized MultithreadedTaskDispatcher with 12 workers.
 -> (artifact id: '326bee5aa64d7c1ceb07f56a0ae68473') in 0.012262 seconds
Number of updated asset objects reloaded before import = 0
Number of asset objects unloaded after import = 3
========================================================================
Received Import Request.
  Time since last request: 0.000030 seconds.
  path: Assets/Tutorials/AddAnEnemy/AddAnEnemy 031.asset
  artifactKey: Guid(189edae67694549d7a713a5feffd1094) Importer(2089858483,0ecaa5967403d082aa24f35e1b516d23)
Start importing Assets/Tutorials/AddAnEnemy/AddAnEnemy 031.asset using Guid(189edae67694549d7a713a5feffd1094) Importer(2089858483,0ecaa5967403d082aa24f35e1b516d23) [PhysX] Initialized MultithreadedTaskDispatcher with 12 workers.
 -> (artifact id: '225bd668b61a1931b245727e1bd9e249') in 0.015608 seconds
Number of updated asset objects reloaded before import = 0
Number of asset objects unloaded after import = 4
========================================================================
Received Import Request.
  Time since last request: 0.000018 seconds.
  path: Assets/Tutorials/AddAnEnemy/WT-Select-Prefab.mov
  artifactKey: Guid(5ac8547c1357e44ef84b3fdfda948b7f) Importer(2089858483,0ecaa5967403d082aa24f35e1b516d23)
Start importing Assets/Tutorials/AddAnEnemy/WT-Select-Prefab.mov using Guid(5ac8547c1357e44ef84b3fdfda948b7f) Importer(2089858483,0ecaa5967403d082aa24f35e1b516d23) [PhysX] Initialized MultithreadedTaskDispatcher with 12 workers.
 -> (artifact id: '67783b530ddf1dbdf4f4b91bd6de0708') in 0.018328 seconds
Number of updated asset objects reloaded before import = 0
Number of asset objects unloaded after import = 1
========================================================================
Received Import Request.
  Time since last request: 0.000021 seconds.
  path: Assets/Tutorials/BuildAndPublish/BuildAndPublish 030.asset
  artifactKey: Guid(5ae42c0e96418ec46b613bb3c92bb7b3) Importer(2089858483,0ecaa5967403d082aa24f35e1b516d23)
Start importing Assets/Tutorials/BuildAndPublish/BuildAndPublish 030.asset using Guid(5ae42c0e96418ec46b613bb3c92bb7b3) Importer(2089858483,0ecaa5967403d082aa24f35e1b516d23) [PhysX] Initialized MultithreadedTaskDispatcher with 12 workers.
 -> (artifact id: '54be02418240d0a22489ef9d23fef152') in 0.016274 seconds
Number of updated asset objects reloaded before import = 0
Number of asset objects unloaded after import = 3
========================================================================
Received Import Request.
  Time since last request: 0.000017 seconds.
  path: Assets/Tutorials/EditColors/WT-Play.mov
  artifactKey: Guid(69fc89a83f4c5418481e107e492ac732) Importer(2089858483,0ecaa5967403d082aa24f35e1b516d23)
Start importing Assets/Tutorials/EditColors/WT-Play.mov using Guid(69fc89a83f4c5418481e107e492ac732) Importer(2089858483,0ecaa5967403d082aa24f35e1b516d23) [PhysX] Initialized MultithreadedTaskDispatcher with 12 workers.
 -> (artifact id: '300a37d6825e1a4952e0ab6cdcc36043') in 0.011151 seconds
Number of updated asset objects reloaded before import = 0
Number of asset objects unloaded after import = 1
========================================================================
Received Import Request.
  Time since last request: 0.000020 seconds.
  path: Assets/Tutorials/AddAnEnemy/WT-Drag-Prefab.mov
  artifactKey: Guid(6f0ce9b5d31f44b9cbb3501409e8913f) Importer(2089858483,0ecaa5967403d082aa24f35e1b516d23)
Start importing Assets/Tutorials/AddAnEnemy/WT-Drag-Prefab.mov using Guid(6f0ce9b5d31f44b9cbb3501409e8913f) Importer(2089858483,0ecaa5967403d082aa24f35e1b516d23) [PhysX] Initialized MultithreadedTaskDispatcher with 12 workers.
 -> (artifact id: '875a8d3db073bc4d19884357e40da24d') in 0.012017 seconds
Number of updated asset objects reloaded before import = 0
Number of asset objects unloaded after import = 1
========================================================================
Received Import Request.
  Time since last request: 0.000018 seconds.
  path: Assets/Tutorials/AddAnEnemy/4 AddAnEnemy.asset
  artifactKey: Guid(f1296c995c6fc4bcfac81bd7df3e5b18) Importer(2089858483,0ecaa5967403d082aa24f35e1b516d23)
Start importing Assets/Tutorials/AddAnEnemy/4 AddAnEnemy.asset using Guid(f1296c995c6fc4bcfac81bd7df3e5b18) Importer(2089858483,0ecaa5967403d082aa24f35e1b516d23) [PhysX] Initialized MultithreadedTaskDispatcher with 12 workers.
 -> (artifact id: '3ecd5f9c04d44684dbab1db2352f577b') in 0.078513 seconds
Number of updated asset objects reloaded before import = 0
Number of asset objects unloaded after import = 136
========================================================================
Received Import Request.
  Time since last request: 0.000020 seconds.
  path: Assets/Tutorials/EditColors/EditColors 06.asset
  artifactKey: Guid(1068c836b5d98bd4ba3406646c1f00a0) Importer(2089858483,0ecaa5967403d082aa24f35e1b516d23)
Start importing Assets/Tutorials/EditColors/EditColors 06.asset using Guid(1068c836b5d98bd4ba3406646c1f00a0) Importer(2089858483,0ecaa5967403d082aa24f35e1b516d23) [PhysX] Initialized MultithreadedTaskDispatcher with 12 workers.
 -> (artifact id: '42862a0c4c6717befa27face632969ca') in 0.015110 seconds
Number of updated asset objects reloaded before import = 0
Number of asset objects unloaded after import = 4
========================================================================
Received Import Request.
  Time since last request: 0.000016 seconds.
  path: Assets/Tutorials/EditColors/EditColors 16.asset
  artifactKey: Guid(8eb592304a34d4688ae5cb2bbd92c03a) Importer(2089858483,0ecaa5967403d082aa24f35e1b516d23)
Start importing Assets/Tutorials/EditColors/EditColors 16.asset using Guid(8eb592304a34d4688ae5cb2bbd92c03a) Importer(2089858483,0ecaa5967403d082aa24f35e1b516d23) [PhysX] Initialized MultithreadedTaskDispatcher with 12 workers.
 -> (artifact id: '0e1bc4aa674396e0377623a7e6856dc8') in 0.014271 seconds
Number of updated asset objects reloaded before import = 0
Number of asset objects unloaded after import = 4
========================================================================
Received Import Request.
  Time since last request: 0.000020 seconds.
  path: Assets/Tutorials/EditColors/EditColors 25.asset
  artifactKey: Guid(4d141a4a7bd3240bebb3bdc3fd153a18) Importer(2089858483,0ecaa5967403d082aa24f35e1b516d23)
Start importing Assets/Tutorials/EditColors/EditColors 25.asset using Guid(4d141a4a7bd3240bebb3bdc3fd153a18) Importer(2089858483,0ecaa5967403d082aa24f35e1b516d23) [PhysX] Initialized MultithreadedTaskDispatcher with 12 workers.
 -> (artifact id: '2183593c6d2577cd2c6161025350fe69') in 0.071686 seconds
Number of updated asset objects reloaded before import = 0
Number of asset objects unloaded after import = 136
========================================================================
Received Import Request.
  Time since last request: 0.000029 seconds.
  path: Assets/Tutorials/Playtest/Playtest 02-First-Play.asset
  artifactKey: Guid(d96ebb80cdd184cc4a4e937acc4691bb) Importer(2089858483,0ecaa5967403d082aa24f35e1b516d23)
Start importing Assets/Tutorials/Playtest/Playtest 02-First-Play.asset using Guid(d96ebb80cdd184cc4a4e937acc4691bb) Importer(2089858483,0ecaa5967403d082aa24f35e1b516d23) [PhysX] Initialized MultithreadedTaskDispatcher with 12 workers.
 -> (artifact id: '5eedcb4a21b2eecf209895aa53dc2f4f') in 0.014642 seconds
Number of updated asset objects reloaded before import = 0
Number of asset objects unloaded after import = 4
========================================================================
Received Import Request.
  Time since last request: 0.000017 seconds.
  path: Assets/Tutorials/WhatsNext/WhatsNext 01.asset
  artifactKey: Guid(5d1ba202d0ce7b24188c3a18927e8026) Importer(2089858483,0ecaa5967403d082aa24f35e1b516d23)
Start importing Assets/Tutorials/WhatsNext/WhatsNext 01.asset using Guid(5d1ba202d0ce7b24188c3a18927e8026) Importer(2089858483,0ecaa5967403d082aa24f35e1b516d23) [PhysX] Initialized MultithreadedTaskDispatcher with 12 workers.
 -> (artifact id: '2c349e104793f861044ea5185c35a62d') in 0.014847 seconds
Number of updated asset objects reloaded before import = 0
Number of asset objects unloaded after import = 3
========================================================================
Received Import Request.
  Time since last request: 0.000018 seconds.
  path: Assets/Tutorials/EditorControls/WT-Hierarchy-and-Scene.png
  artifactKey: Guid(f3a64c50e0c284cf99bce0ae27d5a8c0) Importer(2089858483,0ecaa5967403d082aa24f35e1b516d23)
Start importing Assets/Tutorials/EditorControls/WT-Hierarchy-and-Scene.png using Guid(f3a64c50e0c284cf99bce0ae27d5a8c0) Importer(2089858483,0ecaa5967403d082aa24f35e1b516d23) [PhysX] Initialized MultithreadedTaskDispatcher with 12 workers.
 -> (artifact id: '1cd413295fc38effb6d1740c0704c436') in 0.025771 seconds
Number of updated asset objects reloaded before import = 0
Number of asset objects unloaded after import = 1
========================================================================
Received Import Request.
  Time since last request: 0.000018 seconds.
  path: Assets/Tutorials/Playtest/WT-Select-Gameobject.mov
  artifactKey: Guid(79dadb0d7a0c143db8700a2c64e462c8) Importer(2089858483,0ecaa5967403d082aa24f35e1b516d23)
Start importing Assets/Tutorials/Playtest/WT-Select-Gameobject.mov using Guid(79dadb0d7a0c143db8700a2c64e462c8) Importer(2089858483,0ecaa5967403d082aa24f35e1b516d23) [PhysX] Initialized MultithreadedTaskDispatcher with 12 workers.
 -> (artifact id: '3a8c1591e2c0306cd5b13f30059f2592') in 0.010727 seconds
Number of updated asset objects reloaded before import = 0
Number of asset objects unloaded after import = 1
========================================================================
Received Import Request.
  Time since last request: 0.000019 seconds.
  path: Assets/Tutorials/WhatsNext/WhatsNext 02.asset
  artifactKey: Guid(474cf41e6576c9d428e243b035664456) Importer(2089858483,0ecaa5967403d082aa24f35e1b516d23)
Start importing Assets/Tutorials/WhatsNext/WhatsNext 02.asset using Guid(474cf41e6576c9d428e243b035664456) Importer(2089858483,0ecaa5967403d082aa24f35e1b516d23) [PhysX] Initialized MultithreadedTaskDispatcher with 12 workers.
 -> (artifact id: '8a060f1790bae9d112f18560fa2ad62b') in 0.013619 seconds
Number of updated asset objects reloaded before import = 0
Number of asset objects unloaded after import = 3
========================================================================
Received Import Request.
  Time since last request: 0.000018 seconds.
  path: Assets/Tutorials/Playtest/Playtest 01-Introduction.asset
  artifactKey: Guid(c16c5a02da356422d90eeb5b0e9d48d3) Importer(2089858483,0ecaa5967403d082aa24f35e1b516d23)
Start importing Assets/Tutorials/Playtest/Playtest 01-Introduction.asset using Guid(c16c5a02da356422d90eeb5b0e9d48d3) Importer(2089858483,0ecaa5967403d082aa24f35e1b516d23) [PhysX] Initialized MultithreadedTaskDispatcher with 12 workers.
 -> (artifact id: '53bb6aedd95fb6edee54066b7ec5b735') in 0.014470 seconds
Number of updated asset objects reloaded before import = 0
Number of asset objects unloaded after import = 3
========================================================================
Received Import Request.
  Time since last request: 0.000018 seconds.
  path: Assets/Tutorials/EditorControls/WT-Select-Move.mov
  artifactKey: Guid(7f27d4cc5c17343afa860cfaf9ffeb29) Importer(2089858483,0ecaa5967403d082aa24f35e1b516d23)
Start importing Assets/Tutorials/EditorControls/WT-Select-Move.mov using Guid(7f27d4cc5c17343afa860cfaf9ffeb29) Importer(2089858483,0ecaa5967403d082aa24f35e1b516d23) [PhysX] Initialized MultithreadedTaskDispatcher with 12 workers.
 -> (artifact id: 'adba2ab0219184a4ff96da53e0e0098f') in 0.018993 seconds
Number of updated asset objects reloaded before import = 0
Number of asset objects unloaded after import = 1
========================================================================
Received Import Request.
  Time since last request: 0.000016 seconds.
  path: Assets/Tutorials/Playtest/Playtest 07-Edit-Speed.asset
  artifactKey: Guid(b267d6b3c001640d784ad8d090418968) Importer(2089858483,0ecaa5967403d082aa24f35e1b516d23)
Start importing Assets/Tutorials/Playtest/Playtest 07-Edit-Speed.asset using Guid(b267d6b3c001640d784ad8d090418968) Importer(2089858483,0ecaa5967403d082aa24f35e1b516d23) [PhysX] Initialized MultithreadedTaskDispatcher with 12 workers.
 -> (artifact id: 'd99360359ffe8bc382d34721a03fdfc5') in 0.015774 seconds
Number of updated asset objects reloaded before import = 0
Number of asset objects unloaded after import = 4
========================================================================
Received Import Request.
  Time since last request: 0.000018 seconds.
  path: Assets/Tutorials/EditorControls/WT-Zoom-Scene.png
  artifactKey: Guid(b4c3d69d5484d4953a19fba2433bd73c) Importer(2089858483,0ecaa5967403d082aa24f35e1b516d23)
Start importing Assets/Tutorials/EditorControls/WT-Zoom-Scene.png using Guid(b4c3d69d5484d4953a19fba2433bd73c) Importer(2089858483,0ecaa5967403d082aa24f35e1b516d23) [PhysX] Initialized MultithreadedTaskDispatcher with 12 workers.
 -> (artifact id: 'aa5cd96ad7e1fa281efc2b2bbc694b8a') in 0.014727 seconds
Number of updated asset objects reloaded before import = 0
Number of asset objects unloaded after import = 1
========================================================================
Received Import Request.
  Time since last request: 0.000017 seconds.
  path: Assets/Tutorials/Playtest/WT-Hiearchy.png
  artifactKey: Guid(6f72f138bef974fbc9d23c3d07132789) Importer(2089858483,0ecaa5967403d082aa24f35e1b516d23)
Start importing Assets/Tutorials/Playtest/WT-Hiearchy.png using Guid(6f72f138bef974fbc9d23c3d07132789) Importer(2089858483,0ecaa5967403d082aa24f35e1b516d23) [PhysX] Initialized MultithreadedTaskDispatcher with 12 workers.
 -> (artifact id: 'e8937a3e09a178bf3ff149071b62cd93') in 0.021614 seconds
Number of updated asset objects reloaded before import = 0
Number of asset objects unloaded after import = 1
========================================================================
Received Import Request.
  Time since last request: 0.000020 seconds.
  path: Assets/Mod Assets/2D Props/Ancient/Archway.prefab
  artifactKey: Guid(fe1f716c6b4cd4e4ba34d9c94101a9cd) Importer(2089858483,0ecaa5967403d082aa24f35e1b516d23)
Start importing Assets/Mod Assets/2D Props/Ancient/Archway.prefab using Guid(fe1f716c6b4cd4e4ba34d9c94101a9cd) Importer(2089858483,0ecaa5967403d082aa24f35e1b516d23) [PhysX] Initialized MultithreadedTaskDispatcher with 12 workers.
 -> (artifact id: '0c12cd52eef767858009d123af59c51d') in 0.040361 seconds
Number of updated asset objects reloaded before import = 0
Number of asset objects unloaded after import = 8
========================================================================
Received Import Request.
  Time since last request: 0.000026 seconds.
  path: Assets/Tutorials/Playtest/Playtest 05-Select-Object.asset
  artifactKey: Guid(2d1257a40bff04ff7b1c691749feedbb) Importer(2089858483,0ecaa5967403d082aa24f35e1b516d23)
Start importing Assets/Tutorials/Playtest/Playtest 05-Select-Object.asset using Guid(2d1257a40bff04ff7b1c691749feedbb) Importer(2089858483,0ecaa5967403d082aa24f35e1b516d23) [PhysX] Initialized MultithreadedTaskDispatcher with 12 workers.
 -> (artifact id: 'dc82184de1463bca0533cb19d1843292') in 0.017053 seconds
Number of updated asset objects reloaded before import = 0
Number of asset objects unloaded after import = 4
========================================================================
Received Import Request.
  Time since last request: 0.000027 seconds.
  path: Assets/Mod Assets/2D Props/Ancient/Pyramid.prefab
  artifactKey: Guid(3061db19458bc43408efdd099f39ab08) Importer(2089858483,0ecaa5967403d082aa24f35e1b516d23)
Start importing Assets/Mod Assets/2D Props/Ancient/Pyramid.prefab using Guid(3061db19458bc43408efdd099f39ab08) Importer(2089858483,0ecaa5967403d082aa24f35e1b516d23) [PhysX] Initialized MultithreadedTaskDispatcher with 12 workers.
 -> (artifact id: '0369d2e79440230687a5d955161bc2a2') in 0.037225 seconds
Number of updated asset objects reloaded before import = 0
Number of asset objects unloaded after import = 8
========================================================================
Received Import Request.
  Time since last request: 0.000016 seconds.
  path: Assets/Tutorials/Playtest/WT-Play.mov
  artifactKey: Guid(ae2d052958b764e549e2b297dfaafad1) Importer(2089858483,0ecaa5967403d082aa24f35e1b516d23)
Start importing Assets/Tutorials/Playtest/WT-Play.mov using Guid(ae2d052958b764e549e2b297dfaafad1) Importer(2089858483,0ecaa5967403d082aa24f35e1b516d23) [PhysX] Initialized MultithreadedTaskDispatcher with 12 workers.
 -> (artifact id: '741eda00b2d471086e2cabc6a97587dc') in 0.010814 seconds
Number of updated asset objects reloaded before import = 0
Number of asset objects unloaded after import = 1
========================================================================
Received Import Request.
  Time since last request: 0.000017 seconds.
  path: Assets/Tutorials/Playtest/WT-Inspector.png
  artifactKey: Guid(3f5f7c775342843a29465f300da3d68c) Importer(2089858483,0ecaa5967403d082aa24f35e1b516d23)
Start importing Assets/Tutorials/Playtest/WT-Inspector.png using Guid(3f5f7c775342843a29465f300da3d68c) Importer(2089858483,0ecaa5967403d082aa24f35e1b516d23) [PhysX] Initialized MultithreadedTaskDispatcher with 12 workers.
 -> (artifact id: 'd1b01d658be7f080986d9386f33af7dd') in 0.023843 seconds
Number of updated asset objects reloaded before import = 0
Number of asset objects unloaded after import = 1
========================================================================
Received Import Request.
  Time since last request: 0.000017 seconds.
  path: Assets/Tutorials/Playtest/1 Playtest.asset
  artifactKey: Guid(51a83f21771aa4bb4b864e90bc79aeab) Importer(2089858483,0ecaa5967403d082aa24f35e1b516d23)
Start importing Assets/Tutorials/Playtest/1 Playtest.asset using Guid(51a83f21771aa4bb4b864e90bc79aeab) Importer(2089858483,0ecaa5967403d082aa24f35e1b516d23) [PhysX] Initialized MultithreadedTaskDispatcher with 12 workers.
 -> (artifact id: 'ca89dfe6ef0c635bd4d60efb9dc3e6d7') in 0.067244 seconds
Number of updated asset objects reloaded before import = 0
Number of asset objects unloaded after import = 136
========================================================================
Received Import Request.
  Time since last request: 0.000019 seconds.
  path: Assets/Tutorials/EditorControls/WT-Project-Window.png
  artifactKey: Guid(ea9d8d0cfa14342e88e692cb7b8a2ed8) Importer(2089858483,0ecaa5967403d082aa24f35e1b516d23)
Start importing Assets/Tutorials/EditorControls/WT-Project-Window.png using Guid(ea9d8d0cfa14342e88e692cb7b8a2ed8) Importer(2089858483,0ecaa5967403d082aa24f35e1b516d23) [PhysX] Initialized MultithreadedTaskDispatcher with 12 workers.
 -> (artifact id: '395f70fd52ed6679737e1ba76f6c596d') in 0.034073 seconds
Number of updated asset objects reloaded before import = 0
Number of asset objects unloaded after import = 1
========================================================================
Received Import Request.
  Time since last request: 0.000018 seconds.
  path: Assets/Tutorials/BuildAndPublish/WT-Upload.png
  artifactKey: Guid(8397db88d32d5418e8ebc7e6bb6ccafc) Importer(2089858483,0ecaa5967403d082aa24f35e1b516d23)
Start importing Assets/Tutorials/BuildAndPublish/WT-Upload.png using Guid(8397db88d32d5418e8ebc7e6bb6ccafc) Importer(2089858483,0ecaa5967403d082aa24f35e1b516d23) [PhysX] Initialized MultithreadedTaskDispatcher with 12 workers.
 -> (artifact id: '0344e438701f24ea7908348894577b54') in 0.016628 seconds
Number of updated asset objects reloaded before import = 0
Number of asset objects unloaded after import = 1
========================================================================
Received Import Request.
  Time since last request: 0.000028 seconds.
  path: Assets/Tutorials/WhatsNext/6 WhatsNext.asset
  artifactKey: Guid(c629112356890dd4fbc308be8994bca3) Importer(2089858483,0ecaa5967403d082aa24f35e1b516d23)
Start importing Assets/Tutorials/WhatsNext/6 WhatsNext.asset using Guid(c629112356890dd4fbc308be8994bca3) Importer(2089858483,0ecaa5967403d082aa24f35e1b516d23) [PhysX] Initialized MultithreadedTaskDispatcher with 12 workers.
 -> (artifact id: 'a929e6ee5f4c894b2a01e96dc89ae7c9') in 0.072308 seconds
Number of updated asset objects reloaded before import = 0
Number of asset objects unloaded after import = 136
========================================================================
Received Import Request.
  Time since last request: 0.000019 seconds.
  path: Assets/Mod Assets/2D Props/Nature/PalmTree.prefab
  artifactKey: Guid(beaacbd322178c84fb479b50ad085ebe) Importer(2089858483,0ecaa5967403d082aa24f35e1b516d23)
Start importing Assets/Mod Assets/2D Props/Nature/PalmTree.prefab using Guid(beaacbd322178c84fb479b50ad085ebe) Importer(2089858483,0ecaa5967403d082aa24f35e1b516d23) [PhysX] Initialized MultithreadedTaskDispatcher with 12 workers.
 -> (artifact id: '009c434486600479a442a6f3dc23b812') in 0.030002 seconds
Number of updated asset objects reloaded before import = 0
Number of asset objects unloaded after import = 8
========================================================================
Received Import Request.
  Time since last request: 0.000017 seconds.
  path: Assets/Mod Assets/2D Props/Food/Mushroom.prefab
  artifactKey: Guid(b6d2d55bb44289f4a84f9787bded3573) Importer(2089858483,0ecaa5967403d082aa24f35e1b516d23)
Start importing Assets/Mod Assets/2D Props/Food/Mushroom.prefab using Guid(b6d2d55bb44289f4a84f9787bded3573) Importer(2089858483,0ecaa5967403d082aa24f35e1b516d23) [PhysX] Initialized MultithreadedTaskDispatcher with 12 workers.
 -> (artifact id: '03907b316809c38e4d76c2a0c66f84fb') in 0.028991 seconds
Number of updated asset objects reloaded before import = 0
Number of asset objects unloaded after import = 8
========================================================================
Received Import Request.
  Time since last request: 0.000017 seconds.
  path: Assets/Mod Assets/2D Props/Food/Lollipop.prefab
  artifactKey: Guid(2b709b0c1dd77b54f9c35fc136f25f96) Importer(2089858483,0ecaa5967403d082aa24f35e1b516d23)
Start importing Assets/Mod Assets/2D Props/Food/Lollipop.prefab using Guid(2b709b0c1dd77b54f9c35fc136f25f96) Importer(2089858483,0ecaa5967403d082aa24f35e1b516d23) [PhysX] Initialized MultithreadedTaskDispatcher with 12 workers.
 -> (artifact id: '02c6bf98d1f724d91e1b65d0a1e3588c') in 0.034035 seconds
Number of updated asset objects reloaded before import = 0
Number of asset objects unloaded after import = 8
========================================================================
Received Import Request.
  Time since last request: 0.000031 seconds.
  path: Assets/Mod Assets/2D Props/Nature/TreeStump.prefab
  artifactKey: Guid(e4f490fdd0c395444b274a385ba70b91) Importer(2089858483,0ecaa5967403d082aa24f35e1b516d23)
Start importing Assets/Mod Assets/2D Props/Nature/TreeStump.prefab using Guid(e4f490fdd0c395444b274a385ba70b91) Importer(2089858483,0ecaa5967403d082aa24f35e1b516d23) [PhysX] Initialized MultithreadedTaskDispatcher with 12 workers.
 -> (artifact id: '774f564e7bd98951d06f6f64dced304c') in 0.029098 seconds
Number of updated asset objects reloaded before import = 0
Number of asset objects unloaded after import = 8
========================================================================
Received Import Request.
  Time since last request: 0.000021 seconds.
  path: Assets/Mod Assets/Environment Sprites Colored/Brown/MidgroundFiller_brown.png
  artifactKey: Guid(3e7c0350ec679444abe5b018ccdc5019) Importer(2089858483,0ecaa5967403d082aa24f35e1b516d23)
Start importing Assets/Mod Assets/Environment Sprites Colored/Brown/MidgroundFiller_brown.png using Guid(3e7c0350ec679444abe5b018ccdc5019) Importer(2089858483,0ecaa5967403d082aa24f35e1b516d23) [PhysX] Initialized MultithreadedTaskDispatcher with 12 workers.
 -> (artifact id: 'fbe1884480a972edf4c3634106b866f7') in 0.023544 seconds
Number of updated asset objects reloaded before import = 0
Number of asset objects unloaded after import = 3
========================================================================
Received Import Request.
  Time since last request: 0.000027 seconds.
  path: Assets/Mod Assets/Environment Sprites Colored/Brown/TileFloatingRightEdge_red.png
  artifactKey: Guid(87091fe565c594eb189a1b1b23436b5f) Importer(2089858483,0ecaa5967403d082aa24f35e1b516d23)
Start importing Assets/Mod Assets/Environment Sprites Colored/Brown/TileFloatingRightEdge_red.png using Guid(87091fe565c594eb189a1b1b23436b5f) Importer(2089858483,0ecaa5967403d082aa24f35e1b516d23) [PhysX] Initialized MultithreadedTaskDispatcher with 12 workers.
 -> (artifact id: 'cc439879ec4521a45bc79061caab13d4') in 0.024043 seconds
Number of updated asset objects reloaded before import = 0
Number of asset objects unloaded after import = 3
========================================================================
Received Import Request.
  Time since last request: 0.000018 seconds.
  path: Assets/Mod Assets/2D Props/Space/Satellite.prefab
  artifactKey: Guid(764b7d5924a1d6e4fbcdf4dfddbcdb29) Importer(2089858483,0ecaa5967403d082aa24f35e1b516d23)
Start importing Assets/Mod Assets/2D Props/Space/Satellite.prefab using Guid(764b7d5924a1d6e4fbcdf4dfddbcdb29) Importer(2089858483,0ecaa5967403d082aa24f35e1b516d23) [PhysX] Initialized MultithreadedTaskDispatcher with 12 workers.
 -> (artifact id: '3c079b1c6dda70778f4a9be4d5edb6b7') in 0.029451 seconds
Number of updated asset objects reloaded before import = 0
Number of asset objects unloaded after import = 8
========================================================================
Received Import Request.
  Time since last request: 0.000015 seconds.
  path: Assets/Mod Assets/2D Props/Space/Rocket.prefab
  artifactKey: Guid(109d1af4763e51f448968af6bf358b77) Importer(2089858483,0ecaa5967403d082aa24f35e1b516d23)
Start importing Assets/Mod Assets/2D Props/Space/Rocket.prefab using Guid(109d1af4763e51f448968af6bf358b77) Importer(2089858483,0ecaa5967403d082aa24f35e1b516d23) [PhysX] Initialized MultithreadedTaskDispatcher with 12 workers.
 -> (artifact id: 'e03b90748381ce5e6944644e20413a2a') in 0.032796 seconds
Number of updated asset objects reloaded before import = 0
Number of asset objects unloaded after import = 8
========================================================================
Received Import Request.
  Time since last request: 0.000027 seconds.
  path: Assets/Mod Assets/2D Props/Space/Asteroid.prefab
  artifactKey: Guid(00245def5afe91341a193d5e8b5f87bc) Importer(2089858483,0ecaa5967403d082aa24f35e1b516d23)
Start importing Assets/Mod Assets/2D Props/Space/Asteroid.prefab using Guid(00245def5afe91341a193d5e8b5f87bc) Importer(2089858483,0ecaa5967403d082aa24f35e1b516d23) [PhysX] Initialized MultithreadedTaskDispatcher with 12 workers.
 -> (artifact id: '5769f2279fb131da6ec087311b0543d8') in 0.032569 seconds
Number of updated asset objects reloaded before import = 0
Number of asset objects unloaded after import = 8
========================================================================
Received Import Request.
  Time since last request: 0.000018 seconds.
  path: Assets/Mod Assets/Environment Sprites Colored/Brown/plant_brown.png
  artifactKey: Guid(b4fcf44bc5f874f889c65047797f64b0) Importer(2089858483,0ecaa5967403d082aa24f35e1b516d23)
Start importing Assets/Mod Assets/Environment Sprites Colored/Brown/plant_brown.png using Guid(b4fcf44bc5f874f889c65047797f64b0) Importer(2089858483,0ecaa5967403d082aa24f35e1b516d23) [PhysX] Initialized MultithreadedTaskDispatcher with 12 workers.
 -> (artifact id: 'c814edf9c7df6ac533edf43f06c0ac94') in 0.023217 seconds
Number of updated asset objects reloaded before import = 0
Number of asset objects unloaded after import = 3
========================================================================
Received Import Request.
  Time since last request: 0.000017 seconds.
  path: Assets/Mod Assets/Environment Sprites Colored/Brown/hillside_brown.png
  artifactKey: Guid(d454f1c422c1245d3ac120bdba60a264) Importer(2089858483,0ecaa5967403d082aa24f35e1b516d23)
Start importing Assets/Mod Assets/Environment Sprites Colored/Brown/hillside_brown.png using Guid(d454f1c422c1245d3ac120bdba60a264) Importer(2089858483,0ecaa5967403d082aa24f35e1b516d23) [PhysX] Initialized MultithreadedTaskDispatcher with 12 workers.
 -> (artifact id: '9a81b73d59fcb762e0e8a85e4dae490e') in 0.027727 seconds
Number of updated asset objects reloaded before import = 0
Number of asset objects unloaded after import = 3
========================================================================
Received Import Request.
  Time since last request: 0.000016 seconds.
  path: Assets/Mod Assets/2D Props/Nature/ChoppedTree.prefab
  artifactKey: Guid(dcc7f4eaccb6cb848835f97acab5b112) Importer(2089858483,0ecaa5967403d082aa24f35e1b516d23)
Start importing Assets/Mod Assets/2D Props/Nature/ChoppedTree.prefab using Guid(dcc7f4eaccb6cb848835f97acab5b112) Importer(2089858483,0ecaa5967403d082aa24f35e1b516d23) [PhysX] Initialized MultithreadedTaskDispatcher with 12 workers.
 -> (artifact id: '65b0d8b422913d1c16a7391eeb860aa8') in 0.015823 seconds
Number of updated asset objects reloaded before import = 0
Number of asset objects unloaded after import = 8
========================================================================
Received Import Request.
  Time since last request: 0.000027 seconds.
  path: Assets/Mod Assets/Environment Sprites Colored/Brown/ShortBuilding_brown.png
  artifactKey: Guid(37719dc0252754cf0bb37916ddde06c3) Importer(2089858483,0ecaa5967403d082aa24f35e1b516d23)
Start importing Assets/Mod Assets/Environment Sprites Colored/Brown/ShortBuilding_brown.png using Guid(37719dc0252754cf0bb37916ddde06c3) Importer(2089858483,0ecaa5967403d082aa24f35e1b516d23) [PhysX] Initialized MultithreadedTaskDispatcher with 12 workers.
 -> (artifact id: '69bcf6e4916567e9869d80359d626480') in 0.057674 seconds
Number of updated asset objects reloaded before import = 0
Number of asset objects unloaded after import = 3
========================================================================
Received Import Request.
  Time since last request: 0.000028 seconds.
  path: Assets/Mod Assets/Environment Sprites Colored/Gold/tree_yellow.png
  artifactKey: Guid(4f84e26e1d9ee4aa4ba25466ad58f920) Importer(2089858483,0ecaa5967403d082aa24f35e1b516d23)
Start importing Assets/Mod Assets/Environment Sprites Colored/Gold/tree_yellow.png using Guid(4f84e26e1d9ee4aa4ba25466ad58f920) Importer(2089858483,0ecaa5967403d082aa24f35e1b516d23) [PhysX] Initialized MultithreadedTaskDispatcher with 12 workers.
 -> (artifact id: '00b962d11796019f88d3e356cb9e9092') in 0.024102 seconds
Number of updated asset objects reloaded before import = 0
Number of asset objects unloaded after import = 3
========================================================================
Received Import Request.
  Time since last request: 0.000017 seconds.
  path: Assets/Mod Assets/Environment Sprites Colored/Gold/hillside_yellow.png
  artifactKey: Guid(63837c03a5ce14ab6a838538b34e2cbc) Importer(2089858483,0ecaa5967403d082aa24f35e1b516d23)
Start importing Assets/Mod Assets/Environment Sprites Colored/Gold/hillside_yellow.png using Guid(63837c03a5ce14ab6a838538b34e2cbc) Importer(2089858483,0ecaa5967403d082aa24f35e1b516d23) [PhysX] Initialized MultithreadedTaskDispatcher with 12 workers.
 -> (artifact id: '71e2ee09f030b0497069a2c3b803fb54') in 0.029240 seconds
Number of updated asset objects reloaded before import = 0
Number of asset objects unloaded after import = 3
========================================================================
Received Import Request.
  Time since last request: 0.000018 seconds.
  path: Assets/Mod Assets/Environment Sprites Colored/Gold/TileFloatingMiddle_yellow.png
  artifactKey: Guid(d9cff7e11cbfa4b07a36c8b319414af3) Importer(2089858483,0ecaa5967403d082aa24f35e1b516d23)
Start importing Assets/Mod Assets/Environment Sprites Colored/Gold/TileFloatingMiddle_yellow.png using Guid(d9cff7e11cbfa4b07a36c8b319414af3) Importer(2089858483,0ecaa5967403d082aa24f35e1b516d23) [PhysX] Initialized MultithreadedTaskDispatcher with 12 workers.
 -> (artifact id: '3905d78696f38e7a33f25b999748e5b0') in 0.021761 seconds
Number of updated asset objects reloaded before import = 0
Number of asset objects unloaded after import = 3
========================================================================
Received Import Request.
  Time since last request: 0.000017 seconds.
  path: Assets/Mod Assets/Environment Sprites Colored/Gold/TileFloatingRightEdge_yellow.png
  artifactKey: Guid(64a8a5bb0573d4187b0b23d2f26e3fef) Importer(2089858483,0ecaa5967403d082aa24f35e1b516d23)
Start importing Assets/Mod Assets/Environment Sprites Colored/Gold/TileFloatingRightEdge_yellow.png using Guid(64a8a5bb0573d4187b0b23d2f26e3fef) Importer(2089858483,0ecaa5967403d082aa24f35e1b516d23) [PhysX] Initialized MultithreadedTaskDispatcher with 12 workers.
 -> (artifact id: '80df2a3b714f369118060870b7696ac8') in 0.023782 seconds
Number of updated asset objects reloaded before import = 0
Number of asset objects unloaded after import = 3
========================================================================
Received Import Request.
  Time since last request: 0.000018 seconds.
  path: Assets/Mod Assets/Environment Sprites Colored/Gold/mountains_yellow.png
  artifactKey: Guid(6c353affb06544bdfad3cf0a741ec8cf) Importer(2089858483,0ecaa5967403d082aa24f35e1b516d23)
Start importing Assets/Mod Assets/Environment Sprites Colored/Gold/mountains_yellow.png using Guid(6c353affb06544bdfad3cf0a741ec8cf) Importer(2089858483,0ecaa5967403d082aa24f35e1b516d23) [PhysX] Initialized MultithreadedTaskDispatcher with 12 workers.
 -> (artifact id: '9ca725b95ca47a50536e7646a62fa25b') in 0.026679 seconds
Number of updated asset objects reloaded before import = 0
Number of asset objects unloaded after import = 3
========================================================================
Received Import Request.
  Time since last request: 0.000020 seconds.
  path: Assets/Mod Assets/Environment Sprites Colored/Green/hillside_green.png
  artifactKey: Guid(4de75785c053949ff8c34bc65822f342) Importer(2089858483,0ecaa5967403d082aa24f35e1b516d23)
Start importing Assets/Mod Assets/Environment Sprites Colored/Green/hillside_green.png using Guid(4de75785c053949ff8c34bc65822f342) Importer(2089858483,0ecaa5967403d082aa24f35e1b516d23) [PhysX] Initialized MultithreadedTaskDispatcher with 12 workers.
 -> (artifact id: '0f590be4f15074202c7f53d21a8fbaef') in 0.026393 seconds
Number of updated asset objects reloaded before import = 0
Number of asset objects unloaded after import = 3
========================================================================
Received Import Request.
  Time since last request: 0.000016 seconds.
  path: Assets/Mod Assets/Environment Sprites Colored/Green/cloud_green.png
  artifactKey: Guid(71c5e9964206940808fecdd46305095f) Importer(2089858483,0ecaa5967403d082aa24f35e1b516d23)
Start importing Assets/Mod Assets/Environment Sprites Colored/Green/cloud_green.png using Guid(71c5e9964206940808fecdd46305095f) Importer(2089858483,0ecaa5967403d082aa24f35e1b516d23) [PhysX] Initialized MultithreadedTaskDispatcher with 12 workers.
 -> (artifact id: 'addb023877c59c2f93823ae7bcb95379') in 0.021881 seconds
Number of updated asset objects reloaded before import = 0
Number of asset objects unloaded after import = 3
========================================================================
Received Import Request.
  Time since last request: 0.000019 seconds.
  path: Assets/Mod Assets/Environment Sprites Colored/Gold/TileGround_yellow.png
  artifactKey: Guid(a756bb41a63604503aabac85828cfb9a) Importer(2089858483,0ecaa5967403d082aa24f35e1b516d23)
Start importing Assets/Mod Assets/Environment Sprites Colored/Gold/TileGround_yellow.png using Guid(a756bb41a63604503aabac85828cfb9a) Importer(2089858483,0ecaa5967403d082aa24f35e1b516d23) [PhysX] Initialized MultithreadedTaskDispatcher with 12 workers.
 -> (artifact id: '7f6324376556059534be2054439fb9b7') in 0.021226 seconds
Number of updated asset objects reloaded before import = 0
Number of asset objects unloaded after import = 3
========================================================================
Received Import Request.
  Time since last request: 0.000022 seconds.
  path: Assets/Mod Assets/Environment Sprites Colored/Green/mountains_green.png
  artifactKey: Guid(d0d187e7e72af4f43bde3b1883bb7225) Importer(2089858483,0ecaa5967403d082aa24f35e1b516d23)
Start importing Assets/Mod Assets/Environment Sprites Colored/Green/mountains_green.png using Guid(d0d187e7e72af4f43bde3b1883bb7225) Importer(2089858483,0ecaa5967403d082aa24f35e1b516d23) [PhysX] Initialized MultithreadedTaskDispatcher with 12 workers.
 -> (artifact id: '34a5f235756e456a5beada42e4250a6a') in 0.026202 seconds
Number of updated asset objects reloaded before import = 0
Number of asset objects unloaded after import = 3
========================================================================
Received Import Request.
  Time since last request: 0.000017 seconds.
  path: Assets/Mod Assets/Environment Sprites Colored/Gold/midground_yellow.png
  artifactKey: Guid(b4bb429f148e643daac42b9aedbf9780) Importer(2089858483,0ecaa5967403d082aa24f35e1b516d23)
Start importing Assets/Mod Assets/Environment Sprites Colored/Gold/midground_yellow.png using Guid(b4bb429f148e643daac42b9aedbf9780) Importer(2089858483,0ecaa5967403d082aa24f35e1b516d23) [PhysX] Initialized MultithreadedTaskDispatcher with 12 workers.
 -> (artifact id: 'e26fd39950a870ef0cd974d43f83f492') in 0.036547 seconds
Number of updated asset objects reloaded before import = 0
Number of asset objects unloaded after import = 3
========================================================================
Received Import Request.
  Time since last request: 0.000017 seconds.
  path: Assets/Mod Assets/Environment Sprites Colored/Gold/house_yellow.png
  artifactKey: Guid(1b39e21257fc5444e969873386604730) Importer(2089858483,0ecaa5967403d082aa24f35e1b516d23)
Start importing Assets/Mod Assets/Environment Sprites Colored/Gold/house_yellow.png using Guid(1b39e21257fc5444e969873386604730) Importer(2089858483,0ecaa5967403d082aa24f35e1b516d23) [PhysX] Initialized MultithreadedTaskDispatcher with 12 workers.
 -> (artifact id: '785734356445cf21753d60cbc2bcfc31') in 0.026358 seconds
Number of updated asset objects reloaded before import = 0
Number of asset objects unloaded after import = 3
========================================================================
Received Import Request.
  Time since last request: 0.000019 seconds.
  path: Assets/Tutorials/EditColors/WT-Select-Gameobject.mov
  artifactKey: Guid(ccdb89e8d9e544fd385eb6a4c5c2e7ad) Importer(2089858483,0ecaa5967403d082aa24f35e1b516d23)
Start importing Assets/Tutorials/EditColors/WT-Select-Gameobject.mov using Guid(ccdb89e8d9e544fd385eb6a4c5c2e7ad) Importer(2089858483,0ecaa5967403d082aa24f35e1b516d23) [PhysX] Initialized MultithreadedTaskDispatcher with 12 workers.
 -> (artifact id: '612e97bfb34865d425b3c5eb87809860') in 0.010082 seconds
Number of updated asset objects reloaded before import = 0
Number of asset objects unloaded after import = 1
========================================================================
Received Import Request.
  Time since last request: 0.000019 seconds.
  path: Assets/Mod Assets/Environment Sprites Colored/Brown/TileFloatingLeftEdge_red.png
  artifactKey: Guid(71b9d5136d74044dd8f14cbc5de9879a) Importer(2089858483,0ecaa5967403d082aa24f35e1b516d23)
Start importing Assets/Mod Assets/Environment Sprites Colored/Brown/TileFloatingLeftEdge_red.png using Guid(71b9d5136d74044dd8f14cbc5de9879a) Importer(2089858483,0ecaa5967403d082aa24f35e1b516d23) [PhysX] Initialized MultithreadedTaskDispatcher with 12 workers.
 -> (artifact id: '7ae8bac1b6cb4e3c0954051e0ec211a9') in 0.029327 seconds
Number of updated asset objects reloaded before import = 0
Number of asset objects unloaded after import = 3
========================================================================
Received Import Request.
  Time since last request: 0.000016 seconds.
  path: Assets/Tutorials/EditorControls/WT-Move-Object.mov
  artifactKey: Guid(92f8eeda406144c4080f5a1e1d0c7ccd) Importer(2089858483,0ecaa5967403d082aa24f35e1b516d23)
Start importing Assets/Tutorials/EditorControls/WT-Move-Object.mov using Guid(92f8eeda406144c4080f5a1e1d0c7ccd) Importer(2089858483,0ecaa5967403d082aa24f35e1b516d23) [PhysX] Initialized MultithreadedTaskDispatcher with 12 workers.
 -> (artifact id: 'f713e7c26f59ad541c484910d26a889b') in 0.011986 seconds
Number of updated asset objects reloaded before import = 0
Number of asset objects unloaded after import = 1
========================================================================
Received Import Request.
  Time since last request: 0.000016 seconds.
  path: Assets/Tutorials/EditorControls/WT-Pan-Hand-Tool.mov
  artifactKey: Guid(ada8f9a94a5564996b8ceae06318bae7) Importer(2089858483,0ecaa5967403d082aa24f35e1b516d23)
Start importing Assets/Tutorials/EditorControls/WT-Pan-Hand-Tool.mov using Guid(ada8f9a94a5564996b8ceae06318bae7) Importer(2089858483,0ecaa5967403d082aa24f35e1b516d23) [PhysX] Initialized MultithreadedTaskDispatcher with 12 workers.
 -> (artifact id: '6b8ecfa2f1cea3dbea655641b15541a3') in 0.012419 seconds
Number of updated asset objects reloaded before import = 0
Number of asset objects unloaded after import = 1
========================================================================
Received Import Request.
  Time since last request: 0.000019 seconds.
  path: Assets/Tutorials/EditorControls/WT-Bake.png
  artifactKey: Guid(04ad4882689a148358ac29d94d99a7ea) Importer(2089858483,0ecaa5967403d082aa24f35e1b516d23)
Start importing Assets/Tutorials/EditorControls/WT-Bake.png using Guid(04ad4882689a148358ac29d94d99a7ea) Importer(2089858483,0ecaa5967403d082aa24f35e1b516d23) [PhysX] Initialized MultithreadedTaskDispatcher with 12 workers.
 -> (artifact id: 'd076e4ad2c208a8eb445278b6bd4aef5') in 0.021692 seconds
Number of updated asset objects reloaded before import = 0
Number of asset objects unloaded after import = 1
========================================================================
Received Import Request.
  Time since last request: 0.000020 seconds.
  path: Assets/Mod Assets/Custom Materials/Additive Red.mat
  artifactKey: Guid(22aa0ea19af7a4c8a9ca5447c6c7447f) Importer(2089858483,0ecaa5967403d082aa24f35e1b516d23)
Start importing Assets/Mod Assets/Custom Materials/Additive Red.mat using Guid(22aa0ea19af7a4c8a9ca5447c6c7447f) Importer(2089858483,0ecaa5967403d082aa24f35e1b516d23) [PhysX] Initialized MultithreadedTaskDispatcher with 12 workers.
 -> (artifact id: '4bd649568a69766d392ce3e0126abf6a') in 0.011217 seconds
Number of updated asset objects reloaded before import = 0
Number of asset objects unloaded after import = 1
========================================================================
Received Import Request.
  Time since last request: 0.000027 seconds.
  path: Assets/Audio/Music.wav
  artifactKey: Guid(5833894e2899f1840ac04193ca462e39) Importer(2089858483,0ecaa5967403d082aa24f35e1b516d23)
Start importing Assets/Audio/Music.wav using Guid(5833894e2899f1840ac04193ca462e39) Importer(2089858483,0ecaa5967403d082aa24f35e1b516d23) [PhysX] Initialized MultithreadedTaskDispatcher with 12 workers.
 -> (artifact id: 'f9056d3ac63444021107b8155f62cbab') in 0.207340 seconds
Number of updated asset objects reloaded before import = 0
Number of asset objects unloaded after import = 1
========================================================================
Received Import Request.
  Time since last request: 0.000022 seconds.
  path: Assets/Mod Assets/Environment Sprites Colored/Magenta/tree_pink.png
  artifactKey: Guid(d20f0f04b3b19434099ae501e4b0e994) Importer(2089858483,0ecaa5967403d082aa24f35e1b516d23)
Start importing Assets/Mod Assets/Environment Sprites Colored/Magenta/tree_pink.png using Guid(d20f0f04b3b19434099ae501e4b0e994) Importer(2089858483,0ecaa5967403d082aa24f35e1b516d23) [PhysX] Initialized MultithreadedTaskDispatcher with 12 workers.
 -> (artifact id: '2a6570814c91addc7ec8d36f92bb13f7') in 0.027939 seconds
Number of updated asset objects reloaded before import = 0
Number of asset objects unloaded after import = 3
========================================================================
Received Import Request.
  Time since last request: 0.000024 seconds.
  path: Assets/Mod Assets/Environment Sprites Colored/Teal/TileFloatingLeftEdge_teal.png
  artifactKey: Guid(ebcf99eef57b647cab7bae3c23621429) Importer(2089858483,0ecaa5967403d082aa24f35e1b516d23)
Start importing Assets/Mod Assets/Environment Sprites Colored/Teal/TileFloatingLeftEdge_teal.png using Guid(ebcf99eef57b647cab7bae3c23621429) Importer(2089858483,0ecaa5967403d082aa24f35e1b516d23) [PhysX] Initialized MultithreadedTaskDispatcher with 12 workers.
 -> (artifact id: 'e797bdbd852d4f4d674011d374a41fdf') in 0.021470 seconds
Number of updated asset objects reloaded before import = 0
Number of asset objects unloaded after import = 3
========================================================================
Received Import Request.
  Time since last request: 0.000017 seconds.
  path: Assets/Mod Assets/Environment Sprites Colored/Magenta/TileGround_pink.png
  artifactKey: Guid(4ae14e103d8a74610aeae8c0c933829b) Importer(2089858483,0ecaa5967403d082aa24f35e1b516d23)
Start importing Assets/Mod Assets/Environment Sprites Colored/Magenta/TileGround_pink.png using Guid(4ae14e103d8a74610aeae8c0c933829b) Importer(2089858483,0ecaa5967403d082aa24f35e1b516d23) [PhysX] Initialized MultithreadedTaskDispatcher with 12 workers.
 -> (artifact id: 'bbbedeacbb59f1cacd0066a1c557b1ce') in 0.022252 seconds
Number of updated asset objects reloaded before import = 0
Number of asset objects unloaded after import = 3
========================================================================
Received Import Request.
  Time since last request: 0.000015 seconds.
  path: Assets/Mod Assets/Environment Sprites Colored/Magenta/TileFloatingMiddle_pink.png
  artifactKey: Guid(cc17cd0a8cb8d48a1926e1cdf93ee83d) Importer(2089858483,0ecaa5967403d082aa24f35e1b516d23)
Start importing Assets/Mod Assets/Environment Sprites Colored/Magenta/TileFloatingMiddle_pink.png using Guid(cc17cd0a8cb8d48a1926e1cdf93ee83d) Importer(2089858483,0ecaa5967403d082aa24f35e1b516d23) [PhysX] Initialized MultithreadedTaskDispatcher with 12 workers.
 -> (artifact id: 'f951dd9f07dad67cb0f15a67a66ace69') in 0.021216 seconds
Number of updated asset objects reloaded before import = 0
Number of asset objects unloaded after import = 3
========================================================================
Received Import Request.
  Time since last request: 0.000019 seconds.
  path: Assets/Mod Assets/Environment Sprites Colored/Teal/tree_teal.png
  artifactKey: Guid(47e413d869daf4e09a226c81ce7ff0a4) Importer(2089858483,0ecaa5967403d082aa24f35e1b516d23)
Start importing Assets/Mod Assets/Environment Sprites Colored/Teal/tree_teal.png using Guid(47e413d869daf4e09a226c81ce7ff0a4) Importer(2089858483,0ecaa5967403d082aa24f35e1b516d23) [PhysX] Initialized MultithreadedTaskDispatcher with 12 workers.
 -> (artifact id: '300ee605d8e62fbc601763826778bd7d') in 0.019866 seconds
Number of updated asset objects reloaded before import = 0
Number of asset objects unloaded after import = 3
========================================================================
Received Import Request.
  Time since last request: 0.000017 seconds.
  path: Assets/Mod Assets/Environment Sprites Colored/Magenta/TileGroundTop_pink.png
  artifactKey: Guid(9c48665400db045e58c53fa36c28d2eb) Importer(2089858483,0ecaa5967403d082aa24f35e1b516d23)
Start importing Assets/Mod Assets/Environment Sprites Colored/Magenta/TileGroundTop_pink.png using Guid(9c48665400db045e58c53fa36c28d2eb) Importer(2089858483,0ecaa5967403d082aa24f35e1b516d23) [PhysX] Initialized MultithreadedTaskDispatcher with 12 workers.
 -> (artifact id: '73e6550cbda1c6701464c730dc0f4745') in 0.021781 seconds
Number of updated asset objects reloaded before import = 0
Number of asset objects unloaded after import = 3
========================================================================
Received Import Request.
  Time since last request: 0.000016 seconds.
  path: Assets/Mod Assets/Environment Sprites Colored/Teal/hillside_teal.png
  artifactKey: Guid(5abe6d0123d70409c9d25171486aa7a6) Importer(2089858483,0ecaa5967403d082aa24f35e1b516d23)
Start importing Assets/Mod Assets/Environment Sprites Colored/Teal/hillside_teal.png using Guid(5abe6d0123d70409c9d25171486aa7a6) Importer(2089858483,0ecaa5967403d082aa24f35e1b516d23) [PhysX] Initialized MultithreadedTaskDispatcher with 12 workers.
 -> (artifact id: '8dc3b8a757d68e7ca65e8d37f6ec7c90') in 0.030260 seconds
Number of updated asset objects reloaded before import = 0
Number of asset objects unloaded after import = 3
========================================================================
Received Import Request.
  Time since last request: 0.000017 seconds.
  path: Assets/Mod Assets/Environment Sprites Colored/Teal/ShortBuilding_teal.png
  artifactKey: Guid(9bf738880b3f042a09eb9ef0ea86e9b3) Importer(2089858483,0ecaa5967403d082aa24f35e1b516d23)
Start importing Assets/Mod Assets/Environment Sprites Colored/Teal/ShortBuilding_teal.png using Guid(9bf738880b3f042a09eb9ef0ea86e9b3) Importer(2089858483,0ecaa5967403d082aa24f35e1b516d23) [PhysX] Initialized MultithreadedTaskDispatcher with 12 workers.
 -> (artifact id: '3d0b92c8d4e01f33edc4e843ca9a96c6') in 0.021942 seconds
Number of updated asset objects reloaded before import = 0
Number of asset objects unloaded after import = 3
========================================================================
Received Import Request.
  Time since last request: 0.000015 seconds.
  path: Assets/Mod Assets/Environment Sprites Colored/Green/TileFloatingLeftEdge_green.png
  artifactKey: Guid(2defc03135a204b0c9b14ed9f6ecb727) Importer(2089858483,0ecaa5967403d082aa24f35e1b516d23)
Start importing Assets/Mod Assets/Environment Sprites Colored/Green/TileFloatingLeftEdge_green.png using Guid(2defc03135a204b0c9b14ed9f6ecb727) Importer(2089858483,0ecaa5967403d082aa24f35e1b516d23) [PhysX] Initialized MultithreadedTaskDispatcher with 12 workers.
 -> (artifact id: '67faf37e06f91400e6840ede93c7e2df') in 0.023741 seconds
Number of updated asset objects reloaded before import = 0
Number of asset objects unloaded after import = 3
========================================================================
Received Import Request.
  Time since last request: 0.000016 seconds.
  path: Assets/Mod Assets/Environment Sprites Colored/Magenta/hillside_pink.png
  artifactKey: Guid(8c5960356574a4430bc416af3953f026) Importer(2089858483,0ecaa5967403d082aa24f35e1b516d23)
Start importing Assets/Mod Assets/Environment Sprites Colored/Magenta/hillside_pink.png using Guid(8c5960356574a4430bc416af3953f026) Importer(2089858483,0ecaa5967403d082aa24f35e1b516d23) [PhysX] Initialized MultithreadedTaskDispatcher with 12 workers.
 -> (artifact id: '548d6fd8aa8e27b6ea056ec3cc4a4a72') in 0.025010 seconds
Number of updated asset objects reloaded before import = 0
Number of asset objects unloaded after import = 3
========================================================================
Received Import Request.
  Time since last request: 0.000026 seconds.
  path: Assets/Mod Assets/Environment Sprites Colored/Teal/TileFloatingRightEdge_teal.png
  artifactKey: Guid(b7a3bf119b6f843cfa9f599c7abfba91) Importer(2089858483,0ecaa5967403d082aa24f35e1b516d23)
Start importing Assets/Mod Assets/Environment Sprites Colored/Teal/TileFloatingRightEdge_teal.png using Guid(b7a3bf119b6f843cfa9f599c7abfba91) Importer(2089858483,0ecaa5967403d082aa24f35e1b516d23) [PhysX] Initialized MultithreadedTaskDispatcher with 12 workers.
 -> (artifact id: '684e3a668200fdc8db5816176f740d44') in 0.023065 seconds
Number of updated asset objects reloaded before import = 0
Number of asset objects unloaded after import = 3
========================================================================
Received Import Request.
  Time since last request: 0.000030 seconds.
  path: Assets/Mod Assets/Environment Sprites Colored/Teal/TallBuilding_teal.png
  artifactKey: Guid(cfbc4e56d638b4182bf75efff83d0626) Importer(2089858483,0ecaa5967403d082aa24f35e1b516d23)
Start importing Assets/Mod Assets/Environment Sprites Colored/Teal/TallBuilding_teal.png using Guid(cfbc4e56d638b4182bf75efff83d0626) Importer(2089858483,0ecaa5967403d082aa24f35e1b516d23) [PhysX] Initialized MultithreadedTaskDispatcher with 12 workers.
 -> (artifact id: '012ffec4a715bd9f60cb02868c149410') in 0.037140 seconds
Number of updated asset objects reloaded before import = 0
Number of asset objects unloaded after import = 3
========================================================================
Received Import Request.
  Time since last request: 0.000014 seconds.
  path: Assets/Scripts/Mechanics/KinematicObject.cs
  artifactKey: Guid(565fbc50999104819abb0f2031ff5ac9) Importer(2089858483,0ecaa5967403d082aa24f35e1b516d23)
Start importing Assets/Scripts/Mechanics/KinematicObject.cs using Guid(565fbc50999104819abb0f2031ff5ac9) Importer(2089858483,0ecaa5967403d082aa24f35e1b516d23) [PhysX] Initialized MultithreadedTaskDispatcher with 12 workers.
 -> (artifact id: '1fed30e4a0d1a0aca3ca5c89d9178e0d') in 0.012248 seconds
Number of updated asset objects reloaded before import = 0
Number of asset objects unloaded after import = 1
========================================================================
Received Import Request.
  Time since last request: 0.000015 seconds.
  path: Assets/Mod Assets/Mod Resources/Fonts/Bangers-Regular SDF.asset
  artifactKey: Guid(0e141b3397d234c8685509c5d77ebcf1) Importer(2089858483,0ecaa5967403d082aa24f35e1b516d23)
Start importing Assets/Mod Assets/Mod Resources/Fonts/Bangers-Regular SDF.asset using Guid(0e141b3397d234c8685509c5d77ebcf1) Importer(2089858483,0ecaa5967403d082aa24f35e1b516d23) [PhysX] Initialized MultithreadedTaskDispatcher with 12 workers.
 -> (artifact id: '96321686d057246d92d6da0c4fd29e43') in 0.034831 seconds
Number of updated asset objects reloaded before import = 0
Number of asset objects unloaded after import = 3
========================================================================
Received Import Request.
  Time since last request: 0.000018 seconds.
  path: Assets/Mod Assets/Mod Resources/Fonts/Merriweather-Regular SDF.asset
  artifactKey: Guid(ea4179ba609564f33b822e1be581b321) Importer(2089858483,0ecaa5967403d082aa24f35e1b516d23)
Start importing Assets/Mod Assets/Mod Resources/Fonts/Merriweather-Regular SDF.asset using Guid(ea4179ba609564f33b822e1be581b321) Importer(2089858483,0ecaa5967403d082aa24f35e1b516d23) [PhysX] Initialized MultithreadedTaskDispatcher with 12 workers.
 -> (artifact id: 'ff5cbd2c9df281a892ad3e0617954c3e') in 0.021781 seconds
Number of updated asset objects reloaded before import = 0
Number of asset objects unloaded after import = 3
========================================================================
Received Import Request.
  Time since last request: 0.000016 seconds.
  path: Assets/Mod Assets/Mod Resources/Fonts/ZCOOLKuaiLe-Regular SDF.asset
  artifactKey: Guid(8ebfeea7062344f0c96b8a1d614a92b1) Importer(2089858483,0ecaa5967403d082aa24f35e1b516d23)
Start importing Assets/Mod Assets/Mod Resources/Fonts/ZCOOLKuaiLe-Regular SDF.asset using Guid(8ebfeea7062344f0c96b8a1d614a92b1) Importer(2089858483,0ecaa5967403d082aa24f35e1b516d23) [PhysX] Initialized MultithreadedTaskDispatcher with 12 workers.
 -> (artifact id: 'a44aaa0cb048569dc749d04bd996b97f') in 0.020410 seconds
Number of updated asset objects reloaded before import = 0
Number of asset objects unloaded after import = 3
========================================================================
Received Import Request.
  Time since last request: 0.000018 seconds.
  path: Assets/Mod Assets/Mod Resources/Textures/billboard_2D_basic.png
  artifactKey: Guid(6448011b459a14b05969ad3bf1a44890) Importer(2089858483,0ecaa5967403d082aa24f35e1b516d23)
Start importing Assets/Mod Assets/Mod Resources/Textures/billboard_2D_basic.png using Guid(6448011b459a14b05969ad3bf1a44890) Importer(2089858483,0ecaa5967403d082aa24f35e1b516d23) [PhysX] Initialized MultithreadedTaskDispatcher with 12 workers.
 -> (artifact id: '367a14108f5900d7b373046548e14b90') in 0.014501 seconds
Number of updated asset objects reloaded before import = 0
Number of asset objects unloaded after import = 3
========================================================================
Received Import Request.
  Time since last request: 0.000016 seconds.
  path: Assets/Mod Assets/Mod Resources/Trail Materials/SubtleTrailMaterial.mat
  artifactKey: Guid(bb6ceb127383a4152a4041c9babd6912) Importer(2089858483,0ecaa5967403d082aa24f35e1b516d23)
Start importing Assets/Mod Assets/Mod Resources/Trail Materials/SubtleTrailMaterial.mat using Guid(bb6ceb127383a4152a4041c9babd6912) Importer(2089858483,0ecaa5967403d082aa24f35e1b516d23) [PhysX] Initialized MultithreadedTaskDispatcher with 12 workers.
 -> (artifact id: 'a858e2428ba6076baf9b095f92467652') in 0.018551 seconds
Number of updated asset objects reloaded before import = 0
Number of asset objects unloaded after import = 2
========================================================================
Received Import Request.
  Time since last request: 0.000018 seconds.
  path: Assets/TextMesh Pro/Resources/Shaders/TMP_SDF-Surface.shader
  artifactKey: Guid(f7ada0af4f174f0694ca6a487b8f543d) Importer(2089858483,0ecaa5967403d082aa24f35e1b516d23)
Start importing Assets/TextMesh Pro/Resources/Shaders/TMP_SDF-Surface.shader using Guid(f7ada0af4f174f0694ca6a487b8f543d) Importer(2089858483,0ecaa5967403d082aa24f35e1b516d23) [PhysX] Initialized MultithreadedTaskDispatcher with 12 workers.
 -> (artifact id: '874cd7b8d3bd1973a49d080128a15f6c') in 0.015109 seconds
Number of updated asset objects reloaded before import = 0
Number of asset objects unloaded after import = 1
========================================================================
Received Import Request.
  Time since last request: 0.000024 seconds.
  path: Assets/Mod Assets/Mod Resources/Trail Materials/LaserTrailMaterial.mat
  artifactKey: Guid(496d4eb29afae4308be4e6a2069959b3) Importer(2089858483,0ecaa5967403d082aa24f35e1b516d23)
Start importing Assets/Mod Assets/Mod Resources/Trail Materials/LaserTrailMaterial.mat using Guid(496d4eb29afae4308be4e6a2069959b3) Importer(2089858483,0ecaa5967403d082aa24f35e1b516d23) [PhysX] Initialized MultithreadedTaskDispatcher with 12 workers.
 -> (artifact id: 'ff01d011dbeb27c9c18753225f9f297a') in 0.011862 seconds
Number of updated asset objects reloaded before import = 0
Number of asset objects unloaded after import = 1
========================================================================
Received Import Request.
  Time since last request: 0.000015 seconds.
  path: Assets/Mod Assets/Mod Resources/Fonts/PressStart2P-Regular SDF.asset
  artifactKey: Guid(88003508be39e449cb51c48494e680cf) Importer(2089858483,0ecaa5967403d082aa24f35e1b516d23)
Start importing Assets/Mod Assets/Mod Resources/Fonts/PressStart2P-Regular SDF.asset using Guid(88003508be39e449cb51c48494e680cf) Importer(2089858483,0ecaa5967403d082aa24f35e1b516d23) [PhysX] Initialized MultithreadedTaskDispatcher with 12 workers.
 -> (artifact id: '6f17d97fb6cf45e942e3ec3c2185c210') in 0.017340 seconds
Number of updated asset objects reloaded before import = 0
Number of asset objects unloaded after import = 3
========================================================================
Received Import Request.
  Time since last request: 0.000015 seconds.
  path: Assets/Mod Assets/Mod Resources/Textures/billboard_2D_tall.png
  artifactKey: Guid(50b2c32ff3de94988a61633cb19060de) Importer(2089858483,0ecaa5967403d082aa24f35e1b516d23)
Start importing Assets/Mod Assets/Mod Resources/Textures/billboard_2D_tall.png using Guid(50b2c32ff3de94988a61633cb19060de) Importer(2089858483,0ecaa5967403d082aa24f35e1b516d23) [PhysX] Initialized MultithreadedTaskDispatcher with 12 workers.
 -> (artifact id: 'cac19c8bd1ba2d4a06c78d05c0321b7a') in 0.017154 seconds
Number of updated asset objects reloaded before import = 0
Number of asset objects unloaded after import = 3
========================================================================
Received Import Request.
  Time since last request: 0.000014 seconds.
  path: Assets/TextMesh Pro/Resources/Shaders/TMP_Sprite.shader
  artifactKey: Guid(cf81c85f95fe47e1a27f6ae460cf182c) Importer(2089858483,0ecaa5967403d082aa24f35e1b516d23)
Start importing Assets/TextMesh Pro/Resources/Shaders/TMP_Sprite.shader using Guid(cf81c85f95fe47e1a27f6ae460cf182c) Importer(2089858483,0ecaa5967403d082aa24f35e1b516d23) [PhysX] Initialized MultithreadedTaskDispatcher with 12 workers.
 -> (artifact id: 'b436cb3ff0c932022e4f333acf096eea') in 0.012872 seconds
Number of updated asset objects reloaded before import = 0
Number of asset objects unloaded after import = 1
========================================================================
Received Import Request.
  Time since last request: 0.000018 seconds.
  path: Assets/Mod Assets/Mod Resources/Trail Materials/PlatformerRainbowTrailMaterial.mat
  artifactKey: Guid(fb9022c6471ea4540bead8403c8d7496) Importer(2089858483,0ecaa5967403d082aa24f35e1b516d23)
Start importing Assets/Mod Assets/Mod Resources/Trail Materials/PlatformerRainbowTrailMaterial.mat using Guid(fb9022c6471ea4540bead8403c8d7496) Importer(2089858483,0ecaa5967403d082aa24f35e1b516d23) [PhysX] Initialized MultithreadedTaskDispatcher with 12 workers.
 -> (artifact id: 'dd427745abb89c6eeb810cd7af34a99a') in 0.014457 seconds
Number of updated asset objects reloaded before import = 0
Number of asset objects unloaded after import = 2
========================================================================
Received Import Request.
  Time since last request: 0.000018 seconds.
  path: Assets/TextMesh Pro/Resources/Shaders/TMP_Bitmap.shader
  artifactKey: Guid(128e987d567d4e2c824d754223b3f3b0) Importer(2089858483,0ecaa5967403d082aa24f35e1b516d23)
Start importing Assets/TextMesh Pro/Resources/Shaders/TMP_Bitmap.shader using Guid(128e987d567d4e2c824d754223b3f3b0) Importer(2089858483,0ecaa5967403d082aa24f35e1b516d23) [PhysX] Initialized MultithreadedTaskDispatcher with 12 workers.
 -> (artifact id: 'b9c5decb824cbfb75ef6aa663b99254c') in 0.013289 seconds
Number of updated asset objects reloaded before import = 0
Number of asset objects unloaded after import = 1
========================================================================
Received Import Request.
  Time since last request: 0.000020 seconds.
  path: Assets/Mod Assets/Mod Resources/Textures/billboard_2D_tall_mask.png
  artifactKey: Guid(bbe8d33a81a0549ce8ab1cee4aa7db2a) Importer(2089858483,0ecaa5967403d082aa24f35e1b516d23)
Start importing Assets/Mod Assets/Mod Resources/Textures/billboard_2D_tall_mask.png using Guid(bbe8d33a81a0549ce8ab1cee4aa7db2a) Importer(2089858483,0ecaa5967403d082aa24f35e1b516d23) [PhysX] Initialized MultithreadedTaskDispatcher with 12 workers.
 -> (artifact id: 'fc3dfa653df57012ba94074e0448291f') in 0.016744 seconds
Number of updated asset objects reloaded before import = 0
Number of asset objects unloaded after import = 3
========================================================================
Received Import Request.
  Time since last request: 0.000016 seconds.
  path: Assets/Mod Assets/Mod Resources/Fonts/Orbitron-Regular SDF.asset
  artifactKey: Guid(d393f12bd75574ef991a7a2c74b29c69) Importer(2089858483,0ecaa5967403d082aa24f35e1b516d23)
Start importing Assets/Mod Assets/Mod Resources/Fonts/Orbitron-Regular SDF.asset using Guid(d393f12bd75574ef991a7a2c74b29c69) Importer(2089858483,0ecaa5967403d082aa24f35e1b516d23) [PhysX] Initialized MultithreadedTaskDispatcher with 12 workers.
 -> (artifact id: '16a97bb2a01dc081712ac308ff49664e') in 0.020284 seconds
Number of updated asset objects reloaded before import = 0
Number of asset objects unloaded after import = 3
========================================================================
Received Import Request.
  Time since last request: 0.000015 seconds.
  path: Assets/TextMesh Pro/Resources/Style Sheets/Default Style Sheet.asset
  artifactKey: Guid(f952c082cb03451daed3ee968ac6c63e) Importer(2089858483,0ecaa5967403d082aa24f35e1b516d23)
Start importing Assets/TextMesh Pro/Resources/Style Sheets/Default Style Sheet.asset using Guid(f952c082cb03451daed3ee968ac6c63e) Importer(2089858483,0ecaa5967403d082aa24f35e1b516d23) [PhysX] Initialized MultithreadedTaskDispatcher with 12 workers.
 -> (artifact id: '5b3822a19e139cf4e26fcb71adce4c32') in 0.012110 seconds
Number of updated asset objects reloaded before import = 0
Number of asset objects unloaded after import = 1
========================================================================
Received Import Request.
  Time since last request: 0.000017 seconds.
  path: Assets/Mod Assets/Mod Resources/Fonts/CormorantUnicase-Regular SDF.asset
  artifactKey: Guid(ba62bccd3bc0142bc9a0bc1addeaadce) Importer(2089858483,0ecaa5967403d082aa24f35e1b516d23)
Start importing Assets/Mod Assets/Mod Resources/Fonts/CormorantUnicase-Regular SDF.asset using Guid(ba62bccd3bc0142bc9a0bc1addeaadce) Importer(2089858483,0ecaa5967403d082aa24f35e1b516d23) [PhysX] Initialized MultithreadedTaskDispatcher with 12 workers.
 -> (artifact id: 'c4ca7838d544c35a958d9f9a69addb63') in 0.020508 seconds
Number of updated asset objects reloaded before import = 0
Number of asset objects unloaded after import = 3
========================================================================
Received Import Request.
  Time since last request: 0.000016 seconds.
  path: Assets/Environment/Tiles/Background.asset
  artifactKey: Guid(0fe29170d8b7ec54b8f888fab58bd76e) Importer(2089858483,0ecaa5967403d082aa24f35e1b516d23)
Start importing Assets/Environment/Tiles/Background.asset using Guid(0fe29170d8b7ec54b8f888fab58bd76e) Importer(2089858483,0ecaa5967403d082aa24f35e1b516d23) [PhysX] Initialized MultithreadedTaskDispatcher with 12 workers.
 -> (artifact id: '541b49b747e8a48bf7df300b60f8396b') in 0.019222 seconds
Number of updated asset objects reloaded before import = 0
Number of asset objects unloaded after import = 3
========================================================================
Received Import Request.
  Time since last request: 0.000018 seconds.
  path: Assets/Tutorials/AddAnEnemy/WT-Move-Object.mov
  artifactKey: Guid(6188d500d35af4ddf9763e1d54054c5a) Importer(2089858483,0ecaa5967403d082aa24f35e1b516d23)
Start importing Assets/Tutorials/AddAnEnemy/WT-Move-Object.mov using Guid(6188d500d35af4ddf9763e1d54054c5a) Importer(2089858483,0ecaa5967403d082aa24f35e1b516d23) [PhysX] Initialized MultithreadedTaskDispatcher with 12 workers.
 -> (artifact id: 'f529c102281e5675a136a366aafb67b9') in 0.012004 seconds
Number of updated asset objects reloaded before import = 0
Number of asset objects unloaded after import = 1
========================================================================
Received Import Request.
  Time since last request: 0.000022 seconds.
  path: Assets/Tiles/house.asset
  artifactKey: Guid(68c5f18a4f480364ea8365252912ecee) Importer(2089858483,0ecaa5967403d082aa24f35e1b516d23)
Start importing Assets/Tiles/house.asset using Guid(68c5f18a4f480364ea8365252912ecee) Importer(2089858483,0ecaa5967403d082aa24f35e1b516d23) [PhysX] Initialized MultithreadedTaskDispatcher with 12 workers.
 -> (artifact id: '3e923f6124bb22cf60da124fc9b3e017') in 0.019503 seconds
Number of updated asset objects reloaded before import = 0
Number of asset objects unloaded after import = 3
========================================================================
Received Import Request.
  Time since last request: 0.000018 seconds.
  path: Assets/Environment/Tiles/hillside.asset
  artifactKey: Guid(bdc8272bb2b4efe489931cf725d720ab) Importer(2089858483,0ecaa5967403d082aa24f35e1b516d23)
Start importing Assets/Environment/Tiles/hillside.asset using Guid(bdc8272bb2b4efe489931cf725d720ab) Importer(2089858483,0ecaa5967403d082aa24f35e1b516d23) [PhysX] Initialized MultithreadedTaskDispatcher with 12 workers.
 -> (artifact id: '3b645c8b37fcb9c9ae32846f60c6e4f1') in 0.018635 seconds
Number of updated asset objects reloaded before import = 0
Number of asset objects unloaded after import = 3
========================================================================
Received Import Request.
  Time since last request: 0.000019 seconds.
  path: Assets/Environment/Tiles/PlatformBG_2.asset
  artifactKey: Guid(57272fde4170f9142afa78497e8ff082) Importer(2089858483,0ecaa5967403d082aa24f35e1b516d23)
Start importing Assets/Environment/Tiles/PlatformBG_2.asset using Guid(57272fde4170f9142afa78497e8ff082) Importer(2089858483,0ecaa5967403d082aa24f35e1b516d23) [PhysX] Initialized MultithreadedTaskDispatcher with 12 workers.
 -> (artifact id: '92dd403665650c16fc85ef49b1aaeee3') in 0.018943 seconds
Number of updated asset objects reloaded before import = 0
Number of asset objects unloaded after import = 3
========================================================================
Received Import Request.
  Time since last request: 0.000017 seconds.
  path: Assets/Character/Sprites/EnemyIdle.png
  artifactKey: Guid(fe68c6e1242e94a9eab222e1f49440ff) Importer(2089858483,0ecaa5967403d082aa24f35e1b516d23)
Start importing Assets/Character/Sprites/EnemyIdle.png using Guid(fe68c6e1242e94a9eab222e1f49440ff) Importer(2089858483,0ecaa5967403d082aa24f35e1b516d23) [PhysX] Initialized MultithreadedTaskDispatcher with 12 workers.
 -> (artifact id: '065c453ecf228fb251acabfe4d204ad9') in 0.070410 seconds
Number of updated asset objects reloaded before import = 0
Number of asset objects unloaded after import = 50
========================================================================
Received Import Request.
  Time since last request: 0.000014 seconds.
  path: Assets/Mod Assets/Mod Resources/Sprites/Props/Asteroid.png
  artifactKey: Guid(2c770ab2ac73b5a4abec3a9d6b016e44) Importer(2089858483,0ecaa5967403d082aa24f35e1b516d23)
Start importing Assets/Mod Assets/Mod Resources/Sprites/Props/Asteroid.png using Guid(2c770ab2ac73b5a4abec3a9d6b016e44) Importer(2089858483,0ecaa5967403d082aa24f35e1b516d23) [PhysX] Initialized MultithreadedTaskDispatcher with 12 workers.
 -> (artifact id: '3d1b42e29366fa656ba92eaa5ce222f8') in 0.015537 seconds
Number of updated asset objects reloaded before import = 0
Number of asset objects unloaded after import = 3
========================================================================
Received Import Request.
  Time since last request: 0.000016 seconds.
  path: Assets/Mod Assets/Mod Resources/Sprites/Props/Pyramid.png
  artifactKey: Guid(06145968e47768f4bac398802d80ecb7) Importer(2089858483,0ecaa5967403d082aa24f35e1b516d23)
Start importing Assets/Mod Assets/Mod Resources/Sprites/Props/Pyramid.png using Guid(06145968e47768f4bac398802d80ecb7) Importer(2089858483,0ecaa5967403d082aa24f35e1b516d23) [PhysX] Initialized MultithreadedTaskDispatcher with 12 workers.
 -> (artifact id: '8bc0457908c44331595cf48c71e78f1d') in 0.015170 seconds
Number of updated asset objects reloaded before import = 0
Number of asset objects unloaded after import = 3
========================================================================
Received Import Request.
  Time since last request: 0.000015 seconds.
  path: Assets/Tutorials/BuildAndPublish/Criteria/Unity.2DPlatformer.Tutorials.asmdef
  artifactKey: Guid(91426e0839faeb34d86ad8835bdfb743) Importer(2089858483,0ecaa5967403d082aa24f35e1b516d23)
Start importing Assets/Tutorials/BuildAndPublish/Criteria/Unity.2DPlatformer.Tutorials.asmdef using Guid(91426e0839faeb34d86ad8835bdfb743) Importer(2089858483,0ecaa5967403d082aa24f35e1b516d23) [PhysX] Initialized MultithreadedTaskDispatcher with 12 workers.
 -> (artifact id: '8091d35c4efc62204b60ced20e10f49c') in 0.022513 seconds
Number of updated asset objects reloaded before import = 0
Number of asset objects unloaded after import = 1
========================================================================
Received Import Request.
  Time since last request: 0.000031 seconds.
  path: Assets/Mod Assets/Mod Resources/Sprites/Props/Obelisk.png
  artifactKey: Guid(a0e4c89cf616f5343b56ffcaa2f4c74b) Importer(2089858483,0ecaa5967403d082aa24f35e1b516d23)
Start importing Assets/Mod Assets/Mod Resources/Sprites/Props/Obelisk.png using Guid(a0e4c89cf616f5343b56ffcaa2f4c74b) Importer(2089858483,0ecaa5967403d082aa24f35e1b516d23) [PhysX] Initialized MultithreadedTaskDispatcher with 12 workers.
 -> (artifact id: '8f02b67f74df11e966ceba0b742d25e9') in 0.016448 seconds
Number of updated asset objects reloaded before import = 0
Number of asset objects unloaded after import = 3
========================================================================
Received Import Request.
  Time since last request: 0.000024 seconds.
  path: Assets/Mod Assets/Mod Resources/Sprites/Props/Cookie.png
  artifactKey: Guid(12516f4fd32142842a00f2eeb91a05f6) Importer(2089858483,0ecaa5967403d082aa24f35e1b516d23)
Start importing Assets/Mod Assets/Mod Resources/Sprites/Props/Cookie.png using Guid(12516f4fd32142842a00f2eeb91a05f6) Importer(2089858483,0ecaa5967403d082aa24f35e1b516d23) [PhysX] Initialized MultithreadedTaskDispatcher with 12 workers.
 -> (artifact id: '57f8cb42693fe041c64716d849374329') in 0.015743 seconds
Number of updated asset objects reloaded before import = 0
Number of asset objects unloaded after import = 3
========================================================================
Received Import Request.
  Time since last request: 0.000013 seconds.
  path: Assets/Mod Assets/Mod Resources/Sprites/Props/Rocket.png
  artifactKey: Guid(f4a67fd4900458c42b8dba14da44d6ba) Importer(2089858483,0ecaa5967403d082aa24f35e1b516d23)
Start importing Assets/Mod Assets/Mod Resources/Sprites/Props/Rocket.png using Guid(f4a67fd4900458c42b8dba14da44d6ba) Importer(2089858483,0ecaa5967403d082aa24f35e1b516d23) [PhysX] Initialized MultithreadedTaskDispatcher with 12 workers.
 -> (artifact id: '358718a33b0539b5f8e8da6e3c324ed3') in 0.015127 seconds
Number of updated asset objects reloaded before import = 0
Number of asset objects unloaded after import = 3
========================================================================
Received Import Request.
  Time since last request: 0.000014 seconds.
  path: Assets/Mod Assets/Mod Resources/Sprites/Props/FirTree.png
  artifactKey: Guid(2570439c15d6200449de9cfa036c3de4) Importer(2089858483,0ecaa5967403d082aa24f35e1b516d23)
Start importing Assets/Mod Assets/Mod Resources/Sprites/Props/FirTree.png using Guid(2570439c15d6200449de9cfa036c3de4) Importer(2089858483,0ecaa5967403d082aa24f35e1b516d23) [PhysX] Initialized MultithreadedTaskDispatcher with 12 workers.
 -> (artifact id: 'd89ecc23933b6b076c97f3ce10c466d3') in 0.017315 seconds
Number of updated asset objects reloaded before import = 0
Number of asset objects unloaded after import = 3
========================================================================
Received Import Request.
  Time since last request: 0.000017 seconds.
  path: Assets/Tutorials/EditColors/EditColors 08.asset
  artifactKey: Guid(2eb84fb7cd13e4cd9980aa88309be383) Importer(2089858483,0ecaa5967403d082aa24f35e1b516d23)
Start importing Assets/Tutorials/EditColors/EditColors 08.asset using Guid(2eb84fb7cd13e4cd9980aa88309be383) Importer(2089858483,0ecaa5967403d082aa24f35e1b516d23) [PhysX] Initialized MultithreadedTaskDispatcher with 12 workers.
 -> (artifact id: 'd10005b2b585368ccdd80b937baf6474') in 0.012326 seconds
Number of updated asset objects reloaded before import = 0
Number of asset objects unloaded after import = 4
========================================================================
Received Import Request.
  Time since last request: 0.000015 seconds.
  path: Assets/Tutorials/BuildAndPublish/BuildAndPublish 020.asset
  artifactKey: Guid(6f964d3cc40f45747aebcf0c57f609ba) Importer(2089858483,0ecaa5967403d082aa24f35e1b516d23)
Start importing Assets/Tutorials/BuildAndPublish/BuildAndPublish 020.asset using Guid(6f964d3cc40f45747aebcf0c57f609ba) Importer(2089858483,0ecaa5967403d082aa24f35e1b516d23) [PhysX] Initialized MultithreadedTaskDispatcher with 12 workers.
 -> (artifact id: '28484297c071b45f9a095637c7edca7d') in 0.015227 seconds
Number of updated asset objects reloaded before import = 0
Number of asset objects unloaded after import = 6
========================================================================
Received Import Request.
  Time since last request: 0.000015 seconds.
  path: Assets/Tutorials/BuildAndPublish/5 BuildAndPublish.asset
  artifactKey: Guid(c122a1a2efeb58349b8154e42481067b) Importer(2089858483,0ecaa5967403d082aa24f35e1b516d23)
Start importing Assets/Tutorials/BuildAndPublish/5 BuildAndPublish.asset using Guid(c122a1a2efeb58349b8154e42481067b) Importer(2089858483,0ecaa5967403d082aa24f35e1b516d23) [PhysX] Initialized MultithreadedTaskDispatcher with 12 workers.
 -> (artifact id: '8292b6a63e7c2a4cc0a6ce57f2496fa3') in 0.070426 seconds
Number of updated asset objects reloaded before import = 0
Number of asset objects unloaded after import = 136
========================================================================
Received Import Request.
  Time since last request: 0.000019 seconds.
  path: Assets/Settings/Low_PipelineAsset_ForwardRenderer.asset
  artifactKey: Guid(8910cc6a7ede2764cad625e420c1b214) Importer(2089858483,0ecaa5967403d082aa24f35e1b516d23)
Start importing Assets/Settings/Low_PipelineAsset_ForwardRenderer.asset using Guid(8910cc6a7ede2764cad625e420c1b214) Importer(2089858483,0ecaa5967403d082aa24f35e1b516d23) [PhysX] Initialized MultithreadedTaskDispatcher with 12 workers.
 -> (artifact id: '777d31245d517d5bac8545719f463db7') in 0.014859 seconds
Number of updated asset objects reloaded before import = 0
Number of asset objects unloaded after import = 1
========================================================================
Received Import Request.
  Time since last request: 0.000017 seconds.
  path: Assets/Environment/Tiles/TileFloatingRightEdge.png
  artifactKey: Guid(e24334b602b4d401a8b95a58dbac51f7) Importer(2089858483,0ecaa5967403d082aa24f35e1b516d23)
Start importing Assets/Environment/Tiles/TileFloatingRightEdge.png using Guid(e24334b602b4d401a8b95a58dbac51f7) Importer(2089858483,0ecaa5967403d082aa24f35e1b516d23) [PhysX] Initialized MultithreadedTaskDispatcher with 12 workers.
 -> (artifact id: '8359d1f0fbadec1663bbd783bd8b01c8') in 0.016376 seconds
Number of updated asset objects reloaded before import = 0
Number of asset objects unloaded after import = 3
========================================================================
Received Import Request.
  Time since last request: 0.000019 seconds.
  path: Assets/Mod Assets/2D Props/Billboard Prefabs/BillboardWide.prefab
  artifactKey: Guid(6f5ec856a365844f480cf909c68da8f6) Importer(2089858483,0ecaa5967403d082aa24f35e1b516d23)
Start importing Assets/Mod Assets/2D Props/Billboard Prefabs/BillboardWide.prefab using Guid(6f5ec856a365844f480cf909c68da8f6) Importer(2089858483,0ecaa5967403d082aa24f35e1b516d23) [PhysX] Initialized MultithreadedTaskDispatcher with 12 workers.
 -> (artifact id: '3a1c9c0f6bae72eedc554a90cb96cdf3') in 0.022133 seconds
Number of updated asset objects reloaded before import = 0
Number of asset objects unloaded after import = 17
========================================================================
Received Import Request.
  Time since last request: 0.000021 seconds.
  path: Assets/Environment/Tiles/cloud.asset
  artifactKey: Guid(56f5bb9f90792974da49944f8627155c) Importer(2089858483,0ecaa5967403d082aa24f35e1b516d23)
Start importing Assets/Environment/Tiles/cloud.asset using Guid(56f5bb9f90792974da49944f8627155c) Importer(2089858483,0ecaa5967403d082aa24f35e1b516d23) [PhysX] Initialized MultithreadedTaskDispatcher with 12 workers.
 -> (artifact id: 'a772769be8eb75b04baba34610e08797') in 0.019144 seconds
Number of updated asset objects reloaded before import = 0
Number of asset objects unloaded after import = 3
========================================================================
Received Import Request.
  Time since last request: 0.000014 seconds.
  path: Assets/Audio/LandOnGround.wav
  artifactKey: Guid(dd6057fd464f77942a0bf39c54651b32) Importer(2089858483,0ecaa5967403d082aa24f35e1b516d23)
Start importing Assets/Audio/LandOnGround.wav using Guid(dd6057fd464f77942a0bf39c54651b32) Importer(2089858483,0ecaa5967403d082aa24f35e1b516d23) [PhysX] Initialized MultithreadedTaskDispatcher with 12 workers.
 -> (artifact id: '26f9a7636a4a7233b5e8ae9ee20c382f') in 0.029674 seconds
Number of updated asset objects reloaded before import = 0
Number of asset objects unloaded after import = 1
========================================================================
Received Import Request.
  Time since last request: 0.000016 seconds.
  path: Assets/Character/Sprites/EnemyRun.png
  artifactKey: Guid(38c1b0996c8e0457eb88644b8cb126f3) Importer(2089858483,0ecaa5967403d082aa24f35e1b516d23)
Start importing Assets/Character/Sprites/EnemyRun.png using Guid(38c1b0996c8e0457eb88644b8cb126f3) Importer(2089858483,0ecaa5967403d082aa24f35e1b516d23) [PhysX] Initialized MultithreadedTaskDispatcher with 12 workers.
 -> (artifact id: '5251f4a2d8c76c8c8aeca5eaff61da87') in 0.036446 seconds
Number of updated asset objects reloaded before import = 0
Number of asset objects unloaded after import = 17
========================================================================
Received Import Request.
  Time since last request: 0.000015 seconds.
  path: Assets/Tutorials/EditorControls/EditorControls 02-Scene-View - delete.asset
  artifactKey: Guid(13109c3c5779a483288f8fa77ffbcbd5) Importer(2089858483,0ecaa5967403d082aa24f35e1b516d23)
Start importing Assets/Tutorials/EditorControls/EditorControls 02-Scene-View - delete.asset using Guid(13109c3c5779a483288f8fa77ffbcbd5) Importer(2089858483,0ecaa5967403d082aa24f35e1b516d23) [PhysX] Initialized MultithreadedTaskDispatcher with 12 workers.
 -> (artifact id: '23df31d4fad53e8d2504431033239100') in 0.021579 seconds
Number of updated asset objects reloaded before import = 0
Number of asset objects unloaded after import = 3
========================================================================
Received Import Request.
  Time since last request: 0.000021 seconds.
  path: Assets/Environment/Tiles/fence.asset
  artifactKey: Guid(1c16b123186a167478d1f1c51f436e25) Importer(2089858483,0ecaa5967403d082aa24f35e1b516d23)
Start importing Assets/Environment/Tiles/fence.asset using Guid(1c16b123186a167478d1f1c51f436e25) Importer(2089858483,0ecaa5967403d082aa24f35e1b516d23) [PhysX] Initialized MultithreadedTaskDispatcher with 12 workers.
 -> (artifact id: '95e63064b9bba57a3c35e6465241adff') in 0.018273 seconds
Number of updated asset objects reloaded before import = 0
Number of asset objects unloaded after import = 3
========================================================================
Received Import Request.
  Time since last request: 0.000017 seconds.
  path: Assets/Scripts/Core/HeapQueue.cs
  artifactKey: Guid(f5b75bbf217f7490f9927130f30b446c) Importer(2089858483,0ecaa5967403d082aa24f35e1b516d23)
Start importing Assets/Scripts/Core/HeapQueue.cs using Guid(f5b75bbf217f7490f9927130f30b446c) Importer(2089858483,0ecaa5967403d082aa24f35e1b516d23) [PhysX] Initialized MultithreadedTaskDispatcher with 12 workers.
 -> (artifact id: '2f5458200cbd2ac23c15414880af4536') in 0.012455 seconds
Number of updated asset objects reloaded before import = 0
Number of asset objects unloaded after import = 1
========================================================================
Received Import Request.
  Time since last request: 0.000017 seconds.
  path: Assets/Mod Assets/Environment Sprites Colored/Gold/TileGroundDark_yellow.png
  artifactKey: Guid(9eb3ad597fdfd4d7e80626429e04a7b1) Importer(2089858483,0ecaa5967403d082aa24f35e1b516d23)
Start importing Assets/Mod Assets/Environment Sprites Colored/Gold/TileGroundDark_yellow.png using Guid(9eb3ad597fdfd4d7e80626429e04a7b1) Importer(2089858483,0ecaa5967403d082aa24f35e1b516d23) [PhysX] Initialized MultithreadedTaskDispatcher with 12 workers.
 -> (artifact id: 'fdd7cb12409acddf182bf388dd4ca44c') in 0.021876 seconds
Number of updated asset objects reloaded before import = 0
Number of asset objects unloaded after import = 3
Editor requested this worker to shutdown with reason: Scaling down because of idle timeout
TcpMessagingSession - receive error
AssetImportWorkerClient::OnTransportError - code=2 error=End of file
AssetImportWorker is now disconnected from the server
Process exiting
Exiting without the bug reporter. Application will terminate with return code 0