Using pre-set license
Built from '2022.3/staging' branch; Version is '2022.3.43f1 (85497d293fa1) revision 8735101'; Using compiler version '192829333'; Build Type 'Release'
OS: 'Windows 10  (10.0.19045) 64bit Core' Language: 'en' Physical Memory: 64683 MB
BatchMode: 1, IsHumanControllingUs: 0, StartBugReporterOnCrash: 0, Is64bit: 1, IsPro: 1

COMMAND LINE ARGUMENTS:
C:\Program Files\Unity\Hub\Editor\2022.3.43f1\Editor\Unity.exe
-adb2
-batchMode
-noUpm
-name
AssetImportWorker6
-projectPath
C:/Users/Jatin/Documents/GitHub/119-personal-repo/03c+Final Project/Burn in Hell
-logFile
Logs/AssetImportWorker6.log
-srvPort
53815
Successfully changed project path to: C:/Users/Jatin/Documents/GitHub/119-personal-repo/03c+Final Project/Burn in Hell
C:/Users/Jatin/Documents/GitHub/119-personal-repo/03c+Final Project/Burn in Hell
[UnityMemory] Configuration Parameters - Can be set up in boot.config
    "memorysetup-bucket-allocator-granularity=16"
    "memorysetup-bucket-allocator-bucket-count=8"
    "memorysetup-bucket-allocator-block-size=33554432"
    "memorysetup-bucket-allocator-block-count=8"
    "memorysetup-main-allocator-block-size=16777216"
    "memorysetup-thread-allocator-block-size=16777216"
    "memorysetup-gfx-main-allocator-block-size=16777216"
    "memorysetup-gfx-thread-allocator-block-size=16777216"
    "memorysetup-cache-allocator-block-size=4194304"
    "memorysetup-typetree-allocator-block-size=2097152"
    "memorysetup-profiler-bucket-allocator-granularity=16"
    "memorysetup-profiler-bucket-allocator-bucket-count=8"
    "memorysetup-profiler-bucket-allocator-block-size=33554432"
    "memorysetup-profiler-bucket-allocator-block-count=8"
    "memorysetup-profiler-allocator-block-size=16777216"
    "memorysetup-profiler-editor-allocator-block-size=1048576"
    "memorysetup-temp-allocator-size-main=16777216"
    "memorysetup-job-temp-allocator-block-size=2097152"
    "memorysetup-job-temp-allocator-block-size-background=1048576"
    "memorysetup-job-temp-allocator-reduction-small-platforms=262144"
    "memorysetup-allocator-temp-initial-block-size-main=262144"
    "memorysetup-allocator-temp-initial-block-size-worker=262144"
    "memorysetup-temp-allocator-size-background-worker=32768"
    "memorysetup-temp-allocator-size-job-worker=262144"
    "memorysetup-temp-allocator-size-preload-manager=33554432"
    "memorysetup-temp-allocator-size-nav-mesh-worker=65536"
    "memorysetup-temp-allocator-size-audio-worker=65536"
    "memorysetup-temp-allocator-size-cloud-worker=32768"
    "memorysetup-temp-allocator-size-gi-baking-worker=262144"
    "memorysetup-temp-allocator-size-gfx=262144"
Player connection [39288]  Target information:

Player connection [39288]  * "[IP] 192.168.86.37 [Port] 0 [Flags] 2 [Guid] 2615379221 [EditorId] 2615379221 [Version] 1048832 [Id] WindowsEditor(7,DESKTOP-L5QIT3H) [Debug] 1 [PackageName] WindowsEditor [ProjectName] Editor" 

Player connection [39288] Host joined multi-casting on [225.0.0.222:54997]...
Player connection [39288] Host joined alternative multi-casting on [225.0.0.222:34997]...
[PhysX] Initialized MultithreadedTaskDispatcher with 12 workers.
Refreshing native plugins compatible for Editor in 14.50 ms, found 4 plugins.
Preloading 0 native plugins for Editor in 0.00 ms.
Initialize engine version: 2022.3.43f1 (85497d293fa1)
[Subsystems] Discovering subsystems at path C:/Program Files/Unity/Hub/Editor/2022.3.43f1/Editor/Data/Resources/UnitySubsystems
[Subsystems] Discovering subsystems at path C:/Users/Jatin/Documents/GitHub/119-personal-repo/03c+Final Project/Burn in Hell/Assets
GfxDevice: creating device client; threaded=0; jobified=0
Direct3D:
    Version:  Direct3D 11.0 [level 11.1]
    Renderer: NVIDIA GeForce RTX 4070 Ti SUPER (ID=0x2705)
    Vendor:   NVIDIA
    VRAM:     16063 MB
    Driver:   32.0.15.7628
Initialize mono
Mono path[0] = 'C:/Program Files/Unity/Hub/Editor/2022.3.43f1/Editor/Data/Managed'
Mono path[1] = 'C:/Program Files/Unity/Hub/Editor/2022.3.43f1/Editor/Data/MonoBleedingEdge/lib/mono/unityjit-win32'
Mono config path = 'C:/Program Files/Unity/Hub/Editor/2022.3.43f1/Editor/Data/MonoBleedingEdge/etc'
Using monoOptions --debugger-agent=transport=dt_socket,embedding=1,server=y,suspend=n,address=127.0.0.1:56116
Begin MonoManager ReloadAssembly
Registering precompiled unity dll's ...
Register platform support module: C:/Program Files/Unity/Hub/Editor/2022.3.43f1/Editor/Data/PlaybackEngines/WindowsStandaloneSupport/UnityEditor.WindowsStandalone.Extensions.dll
Registered in 0.008163 seconds.
- Loaded All Assemblies, in  0.251 seconds
Native extension for WindowsStandalone target not found
Mono: successfully reloaded assembly
- Finished resetting the current domain, in  0.172 seconds
Domain Reload Profiling: 421ms
	BeginReloadAssembly (80ms)
		ExecutionOrderSort (0ms)
		DisableScriptedObjects (0ms)
		BackupInstance (0ms)
		ReleaseScriptingObjects (0ms)
		CreateAndSetChildDomain (0ms)
	RebuildCommonClasses (22ms)
	RebuildNativeTypeToScriptingClass (7ms)
	initialDomainReloadingComplete (43ms)
	LoadAllAssembliesAndSetupDomain (95ms)
		LoadAssemblies (78ms)
		RebuildTransferFunctionScriptingTraits (0ms)
		AnalyzeDomain (94ms)
			TypeCache.Refresh (92ms)
				TypeCache.ScanAssembly (82ms)
			ScanForSourceGeneratedMonoScriptInfo (1ms)
			ResolveRequiredComponents (0ms)
	FinalizeReload (172ms)
		ReleaseScriptCaches (0ms)
		RebuildScriptCaches (0ms)
		SetupLoadedEditorAssemblies (144ms)
			LogAssemblyErrors (0ms)
			InitializePlatformSupportModulesInManaged (7ms)
			SetLoadedEditorAssemblies (4ms)
			RefreshPlugins (0ms)
			BeforeProcessingInitializeOnLoad (1ms)
			ProcessInitializeOnLoadAttributes (99ms)
			ProcessInitializeOnLoadMethodAttributes (31ms)
			AfterProcessingInitializeOnLoad (0ms)
			EditorAssembliesLoaded (0ms)
		ExecutionOrderSort2 (0ms)
		AwakeInstancesAfterBackupRestoration (0ms)
========================================================================
Worker process is ready to serve import requests
Caller must complete domain reload
Begin MonoManager ReloadAssembly
- Loaded All Assemblies, in  0.547 seconds
Native extension for WindowsStandalone target not found
Mono: successfully reloaded assembly
- Finished resetting the current domain, in  0.505 seconds
Domain Reload Profiling: 1048ms
	BeginReloadAssembly (108ms)
		ExecutionOrderSort (0ms)
		DisableScriptedObjects (4ms)
		BackupInstance (0ms)
		ReleaseScriptingObjects (0ms)
		CreateAndSetChildDomain (18ms)
	RebuildCommonClasses (24ms)
	RebuildNativeTypeToScriptingClass (7ms)
	initialDomainReloadingComplete (32ms)
	LoadAllAssembliesAndSetupDomain (372ms)
		LoadAssemblies (256ms)
		RebuildTransferFunctionScriptingTraits (0ms)
		AnalyzeDomain (176ms)
			TypeCache.Refresh (147ms)
				TypeCache.ScanAssembly (135ms)
			ScanForSourceGeneratedMonoScriptInfo (20ms)
			ResolveRequiredComponents (7ms)
	FinalizeReload (506ms)
		ReleaseScriptCaches (0ms)
		RebuildScriptCaches (0ms)
		SetupLoadedEditorAssemblies (399ms)
			LogAssemblyErrors (0ms)
			InitializePlatformSupportModulesInManaged (5ms)
			SetLoadedEditorAssemblies (2ms)
			RefreshPlugins (0ms)
			BeforeProcessingInitializeOnLoad (68ms)
			ProcessInitializeOnLoadAttributes (256ms)
			ProcessInitializeOnLoadMethodAttributes (58ms)
			AfterProcessingInitializeOnLoad (8ms)
			EditorAssembliesLoaded (0ms)
		ExecutionOrderSort2 (0ms)
		AwakeInstancesAfterBackupRestoration (5ms)
Launched and connected shader compiler UnityShaderCompiler.exe after 0.03 seconds
Refreshing native plugins compatible for Editor in 6.44 ms, found 4 plugins.
Preloading 0 native plugins for Editor in 0.00 ms.
Unloading 6244 Unused Serialized files (Serialized files now loaded: 0)
Unloading 97 unused Assets / (3.8 MB). Loaded Objects now: 6661.
Memory consumption went from 228.5 MB to 224.7 MB.
Total: 4.468500 ms (FindLiveObjects: 0.557300 ms CreateObjectMapping: 0.099900 ms MarkObjects: 2.583600 ms  DeleteObjects: 1.227200 ms)

AssetImportParameters requested are different than current active one (requested -> active):
  custom:container-demuxer-ogg: 62fdf1f143b41e24485cea50d1cbac27 -> 
  custom:video-decoder-ogg-theora: a1e56fd34408186e4bbccfd4996cb3dc -> 
  custom:framework-win-MediaFoundation: 216162199b28c13a410421893ffa2e32 -> 
  custom:CustomObjectIndexerAttribute: 72b91833f83ae208fae7752999fa3104 -> 
  custom:container-demuxer-webm: 4f35f7cbe854078d1ac9338744f61a02 -> 
  custom:container-muxer-webm: aa71ff27fc2769a1b78a27578f13a17b -> 
  custom:video-decoder-webm-vp8: 9c59270c3fd7afecdb556c50c9e8de78 -> 
  custom:SearchIndexIgnoredProperties: e643bd26f0fe6173181afceb89e7c659 -> 
  custom:AudioImporter_EditorPlatform: d09bf68614088b80899f8185d706f6e7 -> 
  custom:scripting/monoscript/fileName/StartButtonPress.cs: 171652a4042feb5894da6f28cd16f8b1 -> 
  custom:video-encoder-webm-vp8: eb34c28f22e8b96e1ab97ce403110664 -> 
  custom:audio-decoder-ogg-vorbis: bf7c407c2cedff20999df2af8eb42d56 -> 
  custom:audio-encoder-webm-vorbis: bf7c407c2cedff20999df2af8eb42d56 -> 
========================================================================
Received Prepare
Caller must complete domain reload
Begin MonoManager ReloadAssembly
- Loaded All Assemblies, in  0.935 seconds
Native extension for WindowsStandalone target not found
Mono: successfully reloaded assembly
- Finished resetting the current domain, in  0.564 seconds
Domain Reload Profiling: 1496ms
	BeginReloadAssembly (680ms)
		ExecutionOrderSort (0ms)
		DisableScriptedObjects (552ms)
		BackupInstance (0ms)
		ReleaseScriptingObjects (0ms)
		CreateAndSetChildDomain (38ms)
	RebuildCommonClasses (22ms)
	RebuildNativeTypeToScriptingClass (8ms)
	initialDomainReloadingComplete (25ms)
	LoadAllAssembliesAndSetupDomain (197ms)
		LoadAssemblies (239ms)
		RebuildTransferFunctionScriptingTraits (0ms)
		AnalyzeDomain (16ms)
			TypeCache.Refresh (4ms)
				TypeCache.ScanAssembly (0ms)
			ScanForSourceGeneratedMonoScriptInfo (0ms)
			ResolveRequiredComponents (11ms)
	FinalizeReload (564ms)
		ReleaseScriptCaches (0ms)
		RebuildScriptCaches (0ms)
		SetupLoadedEditorAssemblies (406ms)
			LogAssemblyErrors (0ms)
			InitializePlatformSupportModulesInManaged (6ms)
			SetLoadedEditorAssemblies (3ms)
			RefreshPlugins (0ms)
			BeforeProcessingInitializeOnLoad (77ms)
			ProcessInitializeOnLoadAttributes (253ms)
			ProcessInitializeOnLoadMethodAttributes (58ms)
			AfterProcessingInitializeOnLoad (8ms)
			EditorAssembliesLoaded (0ms)
		ExecutionOrderSort2 (0ms)
		AwakeInstancesAfterBackupRestoration (12ms)
Refreshing native plugins compatible for Editor in 13.82 ms, found 4 plugins.
Preloading 0 native plugins for Editor in 0.00 ms.
Unloading 6130 Unused Serialized files (Serialized files now loaded: 0)
Unloading 72 unused Assets / (3.8 MB). Loaded Objects now: 6679.
Memory consumption went from 211.4 MB to 207.6 MB.
Total: 5.324100 ms (FindLiveObjects: 0.681000 ms CreateObjectMapping: 0.394100 ms MarkObjects: 2.651200 ms  DeleteObjects: 1.597200 ms)

Prepare: number of updated asset objects reloaded= 0
AssetImportParameters requested are different than current active one (requested -> active):
  custom:container-demuxer-ogg: 62fdf1f143b41e24485cea50d1cbac27 -> 
  custom:video-decoder-ogg-theora: a1e56fd34408186e4bbccfd4996cb3dc -> 
  custom:framework-win-MediaFoundation: 216162199b28c13a410421893ffa2e32 -> 
  custom:CustomObjectIndexerAttribute: 72b91833f83ae208fae7752999fa3104 -> 
  custom:container-demuxer-webm: 4f35f7cbe854078d1ac9338744f61a02 -> 
  custom:container-muxer-webm: aa71ff27fc2769a1b78a27578f13a17b -> 
  custom:video-decoder-webm-vp8: 9c59270c3fd7afecdb556c50c9e8de78 -> 
  custom:SearchIndexIgnoredProperties: e643bd26f0fe6173181afceb89e7c659 -> 
  custom:AudioImporter_EditorPlatform: d09bf68614088b80899f8185d706f6e7 -> 
  custom:scripting/monoscript/fileName/StartButtonPress.cs: 171652a4042feb5894da6f28cd16f8b1 -> 
  custom:video-encoder-webm-vp8: eb34c28f22e8b96e1ab97ce403110664 -> 
  custom:audio-decoder-ogg-vorbis: bf7c407c2cedff20999df2af8eb42d56 -> 
  custom:audio-encoder-webm-vorbis: bf7c407c2cedff20999df2af8eb42d56 -> 
========================================================================
Received Prepare
Caller must complete domain reload
Begin MonoManager ReloadAssembly
- Loaded All Assemblies, in  0.370 seconds
Native extension for WindowsStandalone target not found
Mono: successfully reloaded assembly
- Finished resetting the current domain, in  1.120 seconds
Domain Reload Profiling: 1485ms
	BeginReloadAssembly (122ms)
		ExecutionOrderSort (0ms)
		DisableScriptedObjects (7ms)
		BackupInstance (0ms)
		ReleaseScriptingObjects (0ms)
		CreateAndSetChildDomain (32ms)
	RebuildCommonClasses (22ms)
	RebuildNativeTypeToScriptingClass (8ms)
	initialDomainReloadingComplete (25ms)
	LoadAllAssembliesAndSetupDomain (188ms)
		LoadAssemblies (230ms)
		RebuildTransferFunctionScriptingTraits (0ms)
		AnalyzeDomain (14ms)
			TypeCache.Refresh (4ms)
				TypeCache.ScanAssembly (0ms)
			ScanForSourceGeneratedMonoScriptInfo (0ms)
			ResolveRequiredComponents (8ms)
	FinalizeReload (1120ms)
		ReleaseScriptCaches (0ms)
		RebuildScriptCaches (0ms)
		SetupLoadedEditorAssemblies (400ms)
			LogAssemblyErrors (0ms)
			InitializePlatformSupportModulesInManaged (6ms)
			SetLoadedEditorAssemblies (3ms)
			RefreshPlugins (0ms)
			BeforeProcessingInitializeOnLoad (72ms)
			ProcessInitializeOnLoadAttributes (254ms)
			ProcessInitializeOnLoadMethodAttributes (56ms)
			AfterProcessingInitializeOnLoad (8ms)
			EditorAssembliesLoaded (0ms)
		ExecutionOrderSort2 (0ms)
		AwakeInstancesAfterBackupRestoration (13ms)
Refreshing native plugins compatible for Editor in 10.05 ms, found 4 plugins.
Preloading 0 native plugins for Editor in 0.00 ms.
Unloading 6130 Unused Serialized files (Serialized files now loaded: 0)
Unloading 72 unused Assets / (3.8 MB). Loaded Objects now: 6696.
Memory consumption went from 211.4 MB to 207.6 MB.
Total: 11.657900 ms (FindLiveObjects: 0.710100 ms CreateObjectMapping: 0.235800 ms MarkObjects: 8.529500 ms  DeleteObjects: 2.181500 ms)

Prepare: number of updated asset objects reloaded= 0
AssetImportParameters requested are different than current active one (requested -> active):
  custom:container-demuxer-ogg: 62fdf1f143b41e24485cea50d1cbac27 -> 
  custom:video-decoder-ogg-theora: a1e56fd34408186e4bbccfd4996cb3dc -> 
  custom:framework-win-MediaFoundation: 216162199b28c13a410421893ffa2e32 -> 
  custom:CustomObjectIndexerAttribute: 72b91833f83ae208fae7752999fa3104 -> 
  custom:container-demuxer-webm: 4f35f7cbe854078d1ac9338744f61a02 -> 
  custom:container-muxer-webm: aa71ff27fc2769a1b78a27578f13a17b -> 
  custom:video-decoder-webm-vp8: 9c59270c3fd7afecdb556c50c9e8de78 -> 
  custom:SearchIndexIgnoredProperties: e643bd26f0fe6173181afceb89e7c659 -> 
  custom:AudioImporter_EditorPlatform: d09bf68614088b80899f8185d706f6e7 -> 
  custom:scripting/monoscript/fileName/StartButtonPress.cs: 171652a4042feb5894da6f28cd16f8b1 -> 
  custom:video-encoder-webm-vp8: eb34c28f22e8b96e1ab97ce403110664 -> 
  custom:audio-decoder-ogg-vorbis: bf7c407c2cedff20999df2af8eb42d56 -> 
  custom:audio-encoder-webm-vorbis: bf7c407c2cedff20999df2af8eb42d56 -> 
========================================================================
Received Prepare
Caller must complete domain reload
Begin MonoManager ReloadAssembly
- Loaded All Assemblies, in  0.367 seconds
Native extension for WindowsStandalone target not found
Mono: successfully reloaded assembly
- Finished resetting the current domain, in  1.134 seconds
Domain Reload Profiling: 1495ms
	BeginReloadAssembly (120ms)
		ExecutionOrderSort (0ms)
		DisableScriptedObjects (6ms)
		BackupInstance (0ms)
		ReleaseScriptingObjects (0ms)
		CreateAndSetChildDomain (31ms)
	RebuildCommonClasses (22ms)
	RebuildNativeTypeToScriptingClass (8ms)
	initialDomainReloadingComplete (24ms)
	LoadAllAssembliesAndSetupDomain (186ms)
		LoadAssemblies (228ms)
		RebuildTransferFunctionScriptingTraits (0ms)
		AnalyzeDomain (14ms)
			TypeCache.Refresh (4ms)
				TypeCache.ScanAssembly (0ms)
			ScanForSourceGeneratedMonoScriptInfo (0ms)
			ResolveRequiredComponents (9ms)
	FinalizeReload (1134ms)
		ReleaseScriptCaches (0ms)
		RebuildScriptCaches (0ms)
		SetupLoadedEditorAssemblies (411ms)
			LogAssemblyErrors (0ms)
			InitializePlatformSupportModulesInManaged (5ms)
			SetLoadedEditorAssemblies (3ms)
			RefreshPlugins (0ms)
			BeforeProcessingInitializeOnLoad (76ms)
			ProcessInitializeOnLoadAttributes (261ms)
			ProcessInitializeOnLoadMethodAttributes (57ms)
			AfterProcessingInitializeOnLoad (8ms)
			EditorAssembliesLoaded (0ms)
		ExecutionOrderSort2 (0ms)
		AwakeInstancesAfterBackupRestoration (12ms)
Refreshing native plugins compatible for Editor in 7.07 ms, found 4 plugins.
Preloading 0 native plugins for Editor in 0.00 ms.
Unloading 6130 Unused Serialized files (Serialized files now loaded: 0)
Unloading 72 unused Assets / (3.8 MB). Loaded Objects now: 6713.
Memory consumption went from 211.4 MB to 207.6 MB.
Total: 9.973400 ms (FindLiveObjects: 0.725600 ms CreateObjectMapping: 0.616800 ms MarkObjects: 6.259800 ms  DeleteObjects: 2.370300 ms)

Prepare: number of updated asset objects reloaded= 0
AssetImportParameters requested are different than current active one (requested -> active):
  custom:container-demuxer-ogg: 62fdf1f143b41e24485cea50d1cbac27 -> 
  custom:video-decoder-ogg-theora: a1e56fd34408186e4bbccfd4996cb3dc -> 
  custom:framework-win-MediaFoundation: 216162199b28c13a410421893ffa2e32 -> 
  custom:CustomObjectIndexerAttribute: 72b91833f83ae208fae7752999fa3104 -> 
  custom:container-demuxer-webm: 4f35f7cbe854078d1ac9338744f61a02 -> 
  custom:container-muxer-webm: aa71ff27fc2769a1b78a27578f13a17b -> 
  custom:video-decoder-webm-vp8: 9c59270c3fd7afecdb556c50c9e8de78 -> 
  custom:SearchIndexIgnoredProperties: e643bd26f0fe6173181afceb89e7c659 -> 
  custom:AudioImporter_EditorPlatform: d09bf68614088b80899f8185d706f6e7 -> 
  custom:scripting/monoscript/fileName/StartButtonPress.cs: 171652a4042feb5894da6f28cd16f8b1 -> 
  custom:video-encoder-webm-vp8: eb34c28f22e8b96e1ab97ce403110664 -> 
  custom:audio-decoder-ogg-vorbis: bf7c407c2cedff20999df2af8eb42d56 -> 
  custom:audio-encoder-webm-vorbis: bf7c407c2cedff20999df2af8eb42d56 -> 
========================================================================
Received Prepare
Caller must complete domain reload
Begin MonoManager ReloadAssembly
- Loaded All Assemblies, in  0.374 seconds
Native extension for WindowsStandalone target not found
Mono: successfully reloaded assembly
- Finished resetting the current domain, in  1.185 seconds
Domain Reload Profiling: 1553ms
	BeginReloadAssembly (125ms)
		ExecutionOrderSort (0ms)
		DisableScriptedObjects (6ms)
		BackupInstance (0ms)
		ReleaseScriptingObjects (0ms)
		CreateAndSetChildDomain (33ms)
	RebuildCommonClasses (22ms)
	RebuildNativeTypeToScriptingClass (8ms)
	initialDomainReloadingComplete (24ms)
	LoadAllAssembliesAndSetupDomain (190ms)
		LoadAssemblies (229ms)
		RebuildTransferFunctionScriptingTraits (0ms)
		AnalyzeDomain (17ms)
			TypeCache.Refresh (5ms)
				TypeCache.ScanAssembly (0ms)
			ScanForSourceGeneratedMonoScriptInfo (0ms)
			ResolveRequiredComponents (10ms)
	FinalizeReload (1185ms)
		ReleaseScriptCaches (0ms)
		RebuildScriptCaches (0ms)
		SetupLoadedEditorAssemblies (420ms)
			LogAssemblyErrors (0ms)
			InitializePlatformSupportModulesInManaged (6ms)
			SetLoadedEditorAssemblies (3ms)
			RefreshPlugins (0ms)
			BeforeProcessingInitializeOnLoad (82ms)
			ProcessInitializeOnLoadAttributes (261ms)
			ProcessInitializeOnLoadMethodAttributes (59ms)
			AfterProcessingInitializeOnLoad (9ms)
			EditorAssembliesLoaded (0ms)
		ExecutionOrderSort2 (0ms)
		AwakeInstancesAfterBackupRestoration (14ms)
Refreshing native plugins compatible for Editor in 10.44 ms, found 4 plugins.
Preloading 0 native plugins for Editor in 0.00 ms.
Unloading 6130 Unused Serialized files (Serialized files now loaded: 0)
Unloading 72 unused Assets / (3.8 MB). Loaded Objects now: 6730.
Memory consumption went from 211.4 MB to 207.6 MB.
Total: 4.564400 ms (FindLiveObjects: 0.424500 ms CreateObjectMapping: 0.113100 ms MarkObjects: 2.363200 ms  DeleteObjects: 1.662900 ms)

Prepare: number of updated asset objects reloaded= 0
AssetImportParameters requested are different than current active one (requested -> active):
  custom:container-demuxer-ogg: 62fdf1f143b41e24485cea50d1cbac27 -> 
  custom:video-decoder-ogg-theora: a1e56fd34408186e4bbccfd4996cb3dc -> 
  custom:framework-win-MediaFoundation: 216162199b28c13a410421893ffa2e32 -> 
  custom:CustomObjectIndexerAttribute: 72b91833f83ae208fae7752999fa3104 -> 
  custom:container-demuxer-webm: 4f35f7cbe854078d1ac9338744f61a02 -> 
  custom:container-muxer-webm: aa71ff27fc2769a1b78a27578f13a17b -> 
  custom:video-decoder-webm-vp8: 9c59270c3fd7afecdb556c50c9e8de78 -> 
  custom:SearchIndexIgnoredProperties: e643bd26f0fe6173181afceb89e7c659 -> 
  custom:AudioImporter_EditorPlatform: d09bf68614088b80899f8185d706f6e7 -> 
  custom:scripting/monoscript/fileName/StartButtonPress.cs: 171652a4042feb5894da6f28cd16f8b1 -> 
  custom:video-encoder-webm-vp8: eb34c28f22e8b96e1ab97ce403110664 -> 
  custom:audio-decoder-ogg-vorbis: bf7c407c2cedff20999df2af8eb42d56 -> 
  custom:audio-encoder-webm-vorbis: bf7c407c2cedff20999df2af8eb42d56 -> 
========================================================================
Received Prepare
Caller must complete domain reload
Begin MonoManager ReloadAssembly
- Loaded All Assemblies, in  0.396 seconds
Native extension for WindowsStandalone target not found
Mono: successfully reloaded assembly
- Finished resetting the current domain, in  1.117 seconds
Domain Reload Profiling: 1507ms
	BeginReloadAssembly (128ms)
		ExecutionOrderSort (0ms)
		DisableScriptedObjects (6ms)
		BackupInstance (0ms)
		ReleaseScriptingObjects (0ms)
		CreateAndSetChildDomain (34ms)
	RebuildCommonClasses (23ms)
	RebuildNativeTypeToScriptingClass (8ms)
	initialDomainReloadingComplete (23ms)
	LoadAllAssembliesAndSetupDomain (207ms)
		LoadAssemblies (233ms)
		RebuildTransferFunctionScriptingTraits (0ms)
		AnalyzeDomain (33ms)
			TypeCache.Refresh (7ms)
				TypeCache.ScanAssembly (0ms)
			ScanForSourceGeneratedMonoScriptInfo (17ms)
			ResolveRequiredComponents (8ms)
	FinalizeReload (1117ms)
		ReleaseScriptCaches (0ms)
		RebuildScriptCaches (0ms)
		SetupLoadedEditorAssemblies (345ms)
			LogAssemblyErrors (0ms)
			InitializePlatformSupportModulesInManaged (5ms)
			SetLoadedEditorAssemblies (2ms)
			RefreshPlugins (0ms)
			BeforeProcessingInitializeOnLoad (68ms)
			ProcessInitializeOnLoadAttributes (215ms)
			ProcessInitializeOnLoadMethodAttributes (48ms)
			AfterProcessingInitializeOnLoad (7ms)
			EditorAssembliesLoaded (0ms)
		ExecutionOrderSort2 (0ms)
		AwakeInstancesAfterBackupRestoration (11ms)
Refreshing native plugins compatible for Editor in 7.68 ms, found 4 plugins.
Preloading 0 native plugins for Editor in 0.00 ms.
Unloading 6130 Unused Serialized files (Serialized files now loaded: 0)
Unloading 72 unused Assets / (3.8 MB). Loaded Objects now: 6747.
Memory consumption went from 211.4 MB to 207.6 MB.
Total: 5.643700 ms (FindLiveObjects: 0.686100 ms CreateObjectMapping: 0.166400 ms MarkObjects: 3.153500 ms  DeleteObjects: 1.637000 ms)

Prepare: number of updated asset objects reloaded= 0
AssetImportParameters requested are different than current active one (requested -> active):
  custom:container-demuxer-ogg: 62fdf1f143b41e24485cea50d1cbac27 -> 
  custom:video-decoder-ogg-theora: a1e56fd34408186e4bbccfd4996cb3dc -> 
  custom:framework-win-MediaFoundation: 216162199b28c13a410421893ffa2e32 -> 
  custom:CustomObjectIndexerAttribute: 72b91833f83ae208fae7752999fa3104 -> 
  custom:container-demuxer-webm: 4f35f7cbe854078d1ac9338744f61a02 -> 
  custom:container-muxer-webm: aa71ff27fc2769a1b78a27578f13a17b -> 
  custom:video-decoder-webm-vp8: 9c59270c3fd7afecdb556c50c9e8de78 -> 
  custom:SearchIndexIgnoredProperties: e643bd26f0fe6173181afceb89e7c659 -> 
  custom:AudioImporter_EditorPlatform: d09bf68614088b80899f8185d706f6e7 -> 
  custom:scripting/monoscript/fileName/StartButtonPress.cs: 171652a4042feb5894da6f28cd16f8b1 -> 
  custom:video-encoder-webm-vp8: eb34c28f22e8b96e1ab97ce403110664 -> 
  custom:audio-decoder-ogg-vorbis: bf7c407c2cedff20999df2af8eb42d56 -> 
  custom:audio-encoder-webm-vorbis: bf7c407c2cedff20999df2af8eb42d56 -> 
========================================================================
Received Prepare
Caller must complete domain reload
Begin MonoManager ReloadAssembly
- Loaded All Assemblies, in  0.372 seconds
Native extension for WindowsStandalone target not found
Mono: successfully reloaded assembly
- Finished resetting the current domain, in  1.192 seconds
Domain Reload Profiling: 1559ms
	BeginReloadAssembly (125ms)
		ExecutionOrderSort (0ms)
		DisableScriptedObjects (7ms)
		BackupInstance (0ms)
		ReleaseScriptingObjects (0ms)
		CreateAndSetChildDomain (34ms)
	RebuildCommonClasses (23ms)
	RebuildNativeTypeToScriptingClass (8ms)
	initialDomainReloadingComplete (24ms)
	LoadAllAssembliesAndSetupDomain (189ms)
		LoadAssemblies (232ms)
		RebuildTransferFunctionScriptingTraits (0ms)
		AnalyzeDomain (14ms)
			TypeCache.Refresh (4ms)
				TypeCache.ScanAssembly (0ms)
			ScanForSourceGeneratedMonoScriptInfo (0ms)
			ResolveRequiredComponents (8ms)
	FinalizeReload (1192ms)
		ReleaseScriptCaches (0ms)
		RebuildScriptCaches (0ms)
		SetupLoadedEditorAssemblies (419ms)
			LogAssemblyErrors (0ms)
			InitializePlatformSupportModulesInManaged (6ms)
			SetLoadedEditorAssemblies (3ms)
			RefreshPlugins (0ms)
			BeforeProcessingInitializeOnLoad (83ms)
			ProcessInitializeOnLoadAttributes (262ms)
			ProcessInitializeOnLoadMethodAttributes (57ms)
			AfterProcessingInitializeOnLoad (9ms)
			EditorAssembliesLoaded (0ms)
		ExecutionOrderSort2 (0ms)
		AwakeInstancesAfterBackupRestoration (14ms)
Refreshing native plugins compatible for Editor in 13.68 ms, found 4 plugins.
Preloading 0 native plugins for Editor in 0.00 ms.
Unloading 6130 Unused Serialized files (Serialized files now loaded: 0)
Unloading 72 unused Assets / (3.9 MB). Loaded Objects now: 6764.
Memory consumption went from 211.5 MB to 207.6 MB.
Total: 8.032200 ms (FindLiveObjects: 1.099200 ms CreateObjectMapping: 0.460300 ms MarkObjects: 3.997600 ms  DeleteObjects: 2.473700 ms)

Prepare: number of updated asset objects reloaded= 0
AssetImportParameters requested are different than current active one (requested -> active):
  custom:container-demuxer-ogg: 62fdf1f143b41e24485cea50d1cbac27 -> 
  custom:video-decoder-ogg-theora: a1e56fd34408186e4bbccfd4996cb3dc -> 
  custom:framework-win-MediaFoundation: 216162199b28c13a410421893ffa2e32 -> 
  custom:CustomObjectIndexerAttribute: 72b91833f83ae208fae7752999fa3104 -> 
  custom:container-demuxer-webm: 4f35f7cbe854078d1ac9338744f61a02 -> 
  custom:container-muxer-webm: aa71ff27fc2769a1b78a27578f13a17b -> 
  custom:video-decoder-webm-vp8: 9c59270c3fd7afecdb556c50c9e8de78 -> 
  custom:SearchIndexIgnoredProperties: e643bd26f0fe6173181afceb89e7c659 -> 
  custom:AudioImporter_EditorPlatform: d09bf68614088b80899f8185d706f6e7 -> 
  custom:scripting/monoscript/fileName/StartButtonPress.cs: 171652a4042feb5894da6f28cd16f8b1 -> 
  custom:video-encoder-webm-vp8: eb34c28f22e8b96e1ab97ce403110664 -> 
  custom:audio-decoder-ogg-vorbis: bf7c407c2cedff20999df2af8eb42d56 -> 
  custom:audio-encoder-webm-vorbis: bf7c407c2cedff20999df2af8eb42d56 -> 
========================================================================
Received Prepare
Caller must complete domain reload
Begin MonoManager ReloadAssembly
- Loaded All Assemblies, in  0.372 seconds
Native extension for WindowsStandalone target not found
Mono: successfully reloaded assembly
- Finished resetting the current domain, in  1.242 seconds
Domain Reload Profiling: 1609ms
	BeginReloadAssembly (124ms)
		ExecutionOrderSort (0ms)
		DisableScriptedObjects (7ms)
		BackupInstance (0ms)
		ReleaseScriptingObjects (0ms)
		CreateAndSetChildDomain (31ms)
	RebuildCommonClasses (22ms)
	RebuildNativeTypeToScriptingClass (8ms)
	initialDomainReloadingComplete (23ms)
	LoadAllAssembliesAndSetupDomain (189ms)
		LoadAssemblies (233ms)
		RebuildTransferFunctionScriptingTraits (0ms)
		AnalyzeDomain (14ms)
			TypeCache.Refresh (5ms)
				TypeCache.ScanAssembly (0ms)
			ScanForSourceGeneratedMonoScriptInfo (0ms)
			ResolveRequiredComponents (8ms)
	FinalizeReload (1242ms)
		ReleaseScriptCaches (0ms)
		RebuildScriptCaches (0ms)
		SetupLoadedEditorAssemblies (339ms)
			LogAssemblyErrors (0ms)
			InitializePlatformSupportModulesInManaged (5ms)
			SetLoadedEditorAssemblies (2ms)
			RefreshPlugins (0ms)
			BeforeProcessingInitializeOnLoad (66ms)
			ProcessInitializeOnLoadAttributes (209ms)
			ProcessInitializeOnLoadMethodAttributes (49ms)
			AfterProcessingInitializeOnLoad (7ms)
			EditorAssembliesLoaded (0ms)
		ExecutionOrderSort2 (0ms)
		AwakeInstancesAfterBackupRestoration (10ms)
Refreshing native plugins compatible for Editor in 6.66 ms, found 4 plugins.
Preloading 0 native plugins for Editor in 0.00 ms.
Unloading 6130 Unused Serialized files (Serialized files now loaded: 0)
Unloading 72 unused Assets / (3.8 MB). Loaded Objects now: 6781.
Memory consumption went from 211.5 MB to 207.7 MB.
Total: 4.578800 ms (FindLiveObjects: 0.398100 ms CreateObjectMapping: 0.208900 ms MarkObjects: 2.385200 ms  DeleteObjects: 1.585800 ms)

Prepare: number of updated asset objects reloaded= 1
AssetImportParameters requested are different than current active one (requested -> active):
  custom:container-demuxer-ogg: 62fdf1f143b41e24485cea50d1cbac27 -> 
  custom:video-decoder-ogg-theora: a1e56fd34408186e4bbccfd4996cb3dc -> 
  custom:framework-win-MediaFoundation: 216162199b28c13a410421893ffa2e32 -> 
  custom:CustomObjectIndexerAttribute: 72b91833f83ae208fae7752999fa3104 -> 
  custom:container-demuxer-webm: 4f35f7cbe854078d1ac9338744f61a02 -> 
  custom:container-muxer-webm: aa71ff27fc2769a1b78a27578f13a17b -> 
  custom:video-decoder-webm-vp8: 9c59270c3fd7afecdb556c50c9e8de78 -> 
  custom:SearchIndexIgnoredProperties: e643bd26f0fe6173181afceb89e7c659 -> 
  custom:AudioImporter_EditorPlatform: d09bf68614088b80899f8185d706f6e7 -> 
  custom:scripting/monoscript/fileName/StartButtonPress.cs: 171652a4042feb5894da6f28cd16f8b1 -> 
  custom:video-encoder-webm-vp8: eb34c28f22e8b96e1ab97ce403110664 -> 
  custom:audio-decoder-ogg-vorbis: bf7c407c2cedff20999df2af8eb42d56 -> 
  custom:audio-encoder-webm-vorbis: bf7c407c2cedff20999df2af8eb42d56 -> 
========================================================================
Received Prepare
Caller must complete domain reload
Begin MonoManager ReloadAssembly
- Loaded All Assemblies, in  0.365 seconds
Native extension for WindowsStandalone target not found
Mono: successfully reloaded assembly
- Finished resetting the current domain, in  1.033 seconds
Domain Reload Profiling: 1393ms
	BeginReloadAssembly (122ms)
		ExecutionOrderSort (0ms)
		DisableScriptedObjects (7ms)
		BackupInstance (0ms)
		ReleaseScriptingObjects (0ms)
		CreateAndSetChildDomain (32ms)
	RebuildCommonClasses (21ms)
	RebuildNativeTypeToScriptingClass (7ms)
	initialDomainReloadingComplete (23ms)
	LoadAllAssembliesAndSetupDomain (186ms)
		LoadAssemblies (229ms)
		RebuildTransferFunctionScriptingTraits (0ms)
		AnalyzeDomain (14ms)
			TypeCache.Refresh (4ms)
				TypeCache.ScanAssembly (0ms)
			ScanForSourceGeneratedMonoScriptInfo (0ms)
			ResolveRequiredComponents (8ms)
	FinalizeReload (1033ms)
		ReleaseScriptCaches (0ms)
		RebuildScriptCaches (0ms)
		SetupLoadedEditorAssemblies (344ms)
			LogAssemblyErrors (0ms)
			InitializePlatformSupportModulesInManaged (5ms)
			SetLoadedEditorAssemblies (2ms)
			RefreshPlugins (0ms)
			BeforeProcessingInitializeOnLoad (69ms)
			ProcessInitializeOnLoadAttributes (213ms)
			ProcessInitializeOnLoadMethodAttributes (48ms)
			AfterProcessingInitializeOnLoad (7ms)
			EditorAssembliesLoaded (0ms)
		ExecutionOrderSort2 (0ms)
		AwakeInstancesAfterBackupRestoration (11ms)
Refreshing native plugins compatible for Editor in 7.19 ms, found 4 plugins.
Preloading 0 native plugins for Editor in 0.00 ms.
Unloading 6130 Unused Serialized files (Serialized files now loaded: 0)
Unloading 72 unused Assets / (3.8 MB). Loaded Objects now: 6798.
Memory consumption went from 211.4 MB to 207.7 MB.
Total: 3.781300 ms (FindLiveObjects: 0.376700 ms CreateObjectMapping: 0.092000 ms MarkObjects: 2.037500 ms  DeleteObjects: 1.274500 ms)

Prepare: number of updated asset objects reloaded= 0
AssetImportParameters requested are different than current active one (requested -> active):
  custom:container-demuxer-ogg: 62fdf1f143b41e24485cea50d1cbac27 -> 
  custom:video-decoder-ogg-theora: a1e56fd34408186e4bbccfd4996cb3dc -> 
  custom:framework-win-MediaFoundation: 216162199b28c13a410421893ffa2e32 -> 
  custom:CustomObjectIndexerAttribute: 72b91833f83ae208fae7752999fa3104 -> 
  custom:container-demuxer-webm: 4f35f7cbe854078d1ac9338744f61a02 -> 
  custom:container-muxer-webm: aa71ff27fc2769a1b78a27578f13a17b -> 
  custom:video-decoder-webm-vp8: 9c59270c3fd7afecdb556c50c9e8de78 -> 
  custom:SearchIndexIgnoredProperties: e643bd26f0fe6173181afceb89e7c659 -> 
  custom:AudioImporter_EditorPlatform: d09bf68614088b80899f8185d706f6e7 -> 
  custom:scripting/monoscript/fileName/StartButtonPress.cs: 171652a4042feb5894da6f28cd16f8b1 -> 
  custom:video-encoder-webm-vp8: eb34c28f22e8b96e1ab97ce403110664 -> 
  custom:audio-decoder-ogg-vorbis: bf7c407c2cedff20999df2af8eb42d56 -> 
  custom:audio-encoder-webm-vorbis: bf7c407c2cedff20999df2af8eb42d56 -> 
========================================================================
Received Prepare
Caller must complete domain reload
Begin MonoManager ReloadAssembly
- Loaded All Assemblies, in  0.377 seconds
Native extension for WindowsStandalone target not found
Mono: successfully reloaded assembly
- Finished resetting the current domain, in  1.121 seconds
Domain Reload Profiling: 1493ms
	BeginReloadAssembly (125ms)
		ExecutionOrderSort (0ms)
		DisableScriptedObjects (6ms)
		BackupInstance (0ms)
		ReleaseScriptingObjects (0ms)
		CreateAndSetChildDomain (31ms)
	RebuildCommonClasses (22ms)
	RebuildNativeTypeToScriptingClass (7ms)
	initialDomainReloadingComplete (25ms)
	LoadAllAssembliesAndSetupDomain (192ms)
		LoadAssemblies (237ms)
		RebuildTransferFunctionScriptingTraits (0ms)
		AnalyzeDomain (15ms)
			TypeCache.Refresh (5ms)
				TypeCache.ScanAssembly (0ms)
			ScanForSourceGeneratedMonoScriptInfo (0ms)
			ResolveRequiredComponents (9ms)
	FinalizeReload (1121ms)
		ReleaseScriptCaches (0ms)
		RebuildScriptCaches (0ms)
		SetupLoadedEditorAssemblies (345ms)
			LogAssemblyErrors (0ms)
			InitializePlatformSupportModulesInManaged (6ms)
			SetLoadedEditorAssemblies (2ms)
			RefreshPlugins (0ms)
			BeforeProcessingInitializeOnLoad (67ms)
			ProcessInitializeOnLoadAttributes (215ms)
			ProcessInitializeOnLoadMethodAttributes (49ms)
			AfterProcessingInitializeOnLoad (7ms)
			EditorAssembliesLoaded (0ms)
		ExecutionOrderSort2 (0ms)
		AwakeInstancesAfterBackupRestoration (11ms)
Refreshing native plugins compatible for Editor in 6.53 ms, found 4 plugins.
Preloading 0 native plugins for Editor in 0.00 ms.
Unloading 6130 Unused Serialized files (Serialized files now loaded: 0)
Unloading 72 unused Assets / (3.8 MB). Loaded Objects now: 6815.
Memory consumption went from 211.5 MB to 207.7 MB.
Total: 6.515400 ms (FindLiveObjects: 0.746700 ms CreateObjectMapping: 0.389800 ms MarkObjects: 3.200000 ms  DeleteObjects: 2.177800 ms)

Prepare: number of updated asset objects reloaded= 0
AssetImportParameters requested are different than current active one (requested -> active):
  custom:container-demuxer-ogg: 62fdf1f143b41e24485cea50d1cbac27 -> 
  custom:video-decoder-ogg-theora: a1e56fd34408186e4bbccfd4996cb3dc -> 
  custom:framework-win-MediaFoundation: 216162199b28c13a410421893ffa2e32 -> 
  custom:CustomObjectIndexerAttribute: 72b91833f83ae208fae7752999fa3104 -> 
  custom:container-demuxer-webm: 4f35f7cbe854078d1ac9338744f61a02 -> 
  custom:container-muxer-webm: aa71ff27fc2769a1b78a27578f13a17b -> 
  custom:video-decoder-webm-vp8: 9c59270c3fd7afecdb556c50c9e8de78 -> 
  custom:SearchIndexIgnoredProperties: e643bd26f0fe6173181afceb89e7c659 -> 
  custom:AudioImporter_EditorPlatform: d09bf68614088b80899f8185d706f6e7 -> 
  custom:scripting/monoscript/fileName/StartButtonPress.cs: 171652a4042feb5894da6f28cd16f8b1 -> 
  custom:video-encoder-webm-vp8: eb34c28f22e8b96e1ab97ce403110664 -> 
  custom:audio-decoder-ogg-vorbis: bf7c407c2cedff20999df2af8eb42d56 -> 
  custom:audio-encoder-webm-vorbis: bf7c407c2cedff20999df2af8eb42d56 -> 
========================================================================
Received Prepare
Caller must complete domain reload
Begin MonoManager ReloadAssembly
- Loaded All Assemblies, in  0.394 seconds
Native extension for WindowsStandalone target not found
Mono: successfully reloaded assembly
- Finished resetting the current domain, in  1.096 seconds
Domain Reload Profiling: 1485ms
	BeginReloadAssembly (123ms)
		ExecutionOrderSort (0ms)
		DisableScriptedObjects (7ms)
		BackupInstance (0ms)
		ReleaseScriptingObjects (0ms)
		CreateAndSetChildDomain (30ms)
	RebuildCommonClasses (21ms)
	RebuildNativeTypeToScriptingClass (8ms)
	initialDomainReloadingComplete (22ms)
	LoadAllAssembliesAndSetupDomain (213ms)
		LoadAssemblies (237ms)
		RebuildTransferFunctionScriptingTraits (0ms)
		AnalyzeDomain (35ms)
			TypeCache.Refresh (7ms)
				TypeCache.ScanAssembly (0ms)
			ScanForSourceGeneratedMonoScriptInfo (19ms)
			ResolveRequiredComponents (8ms)
	FinalizeReload (1097ms)
		ReleaseScriptCaches (0ms)
		RebuildScriptCaches (0ms)
		SetupLoadedEditorAssemblies (381ms)
			LogAssemblyErrors (0ms)
			InitializePlatformSupportModulesInManaged (5ms)
			SetLoadedEditorAssemblies (3ms)
			RefreshPlugins (0ms)
			BeforeProcessingInitializeOnLoad (74ms)
			ProcessInitializeOnLoadAttributes (236ms)
			ProcessInitializeOnLoadMethodAttributes (54ms)
			AfterProcessingInitializeOnLoad (8ms)
			EditorAssembliesLoaded (0ms)
		ExecutionOrderSort2 (0ms)
		AwakeInstancesAfterBackupRestoration (12ms)
Refreshing native plugins compatible for Editor in 7.59 ms, found 4 plugins.
Preloading 0 native plugins for Editor in 0.00 ms.
Unloading 6130 Unused Serialized files (Serialized files now loaded: 0)
Unloading 72 unused Assets / (3.8 MB). Loaded Objects now: 6832.
Memory consumption went from 211.4 MB to 207.7 MB.
Total: 7.803400 ms (FindLiveObjects: 1.632800 ms CreateObjectMapping: 0.554500 ms MarkObjects: 3.596400 ms  DeleteObjects: 2.018900 ms)

Prepare: number of updated asset objects reloaded= 0
AssetImportParameters requested are different than current active one (requested -> active):
  custom:container-demuxer-ogg: 62fdf1f143b41e24485cea50d1cbac27 -> 
  custom:video-decoder-ogg-theora: a1e56fd34408186e4bbccfd4996cb3dc -> 
  custom:framework-win-MediaFoundation: 216162199b28c13a410421893ffa2e32 -> 
  custom:CustomObjectIndexerAttribute: 72b91833f83ae208fae7752999fa3104 -> 
  custom:container-demuxer-webm: 4f35f7cbe854078d1ac9338744f61a02 -> 
  custom:container-muxer-webm: aa71ff27fc2769a1b78a27578f13a17b -> 
  custom:video-decoder-webm-vp8: 9c59270c3fd7afecdb556c50c9e8de78 -> 
  custom:SearchIndexIgnoredProperties: e643bd26f0fe6173181afceb89e7c659 -> 
  custom:AudioImporter_EditorPlatform: d09bf68614088b80899f8185d706f6e7 -> 
  custom:scripting/monoscript/fileName/StartButtonPress.cs: 171652a4042feb5894da6f28cd16f8b1 -> 
  custom:video-encoder-webm-vp8: eb34c28f22e8b96e1ab97ce403110664 -> 
  custom:audio-decoder-ogg-vorbis: bf7c407c2cedff20999df2af8eb42d56 -> 
  custom:audio-encoder-webm-vorbis: bf7c407c2cedff20999df2af8eb42d56 -> 
========================================================================
Received Prepare
Caller must complete domain reload
Begin MonoManager ReloadAssembly
- Loaded All Assemblies, in  0.391 seconds
Native extension for WindowsStandalone target not found
Mono: successfully reloaded assembly
- Finished resetting the current domain, in  1.084 seconds
Domain Reload Profiling: 1471ms
	BeginReloadAssembly (124ms)
		ExecutionOrderSort (0ms)
		DisableScriptedObjects (7ms)
		BackupInstance (0ms)
		ReleaseScriptingObjects (0ms)
		CreateAndSetChildDomain (30ms)
	RebuildCommonClasses (23ms)
	RebuildNativeTypeToScriptingClass (8ms)
	initialDomainReloadingComplete (23ms)
	LoadAllAssembliesAndSetupDomain (208ms)
		LoadAssemblies (234ms)
		RebuildTransferFunctionScriptingTraits (0ms)
		AnalyzeDomain (33ms)
			TypeCache.Refresh (8ms)
				TypeCache.ScanAssembly (0ms)
			ScanForSourceGeneratedMonoScriptInfo (16ms)
			ResolveRequiredComponents (8ms)
	FinalizeReload (1084ms)
		ReleaseScriptCaches (0ms)
		RebuildScriptCaches (0ms)
		SetupLoadedEditorAssemblies (365ms)
			LogAssemblyErrors (0ms)
			InitializePlatformSupportModulesInManaged (6ms)
			SetLoadedEditorAssemblies (2ms)
			RefreshPlugins (0ms)
			BeforeProcessingInitializeOnLoad (78ms)
			ProcessInitializeOnLoadAttributes (224ms)
			ProcessInitializeOnLoadMethodAttributes (48ms)
			AfterProcessingInitializeOnLoad (7ms)
			EditorAssembliesLoaded (0ms)
		ExecutionOrderSort2 (0ms)
		AwakeInstancesAfterBackupRestoration (12ms)
Refreshing native plugins compatible for Editor in 11.14 ms, found 4 plugins.
Preloading 0 native plugins for Editor in 0.00 ms.
Unloading 6130 Unused Serialized files (Serialized files now loaded: 0)
Unloading 72 unused Assets / (3.8 MB). Loaded Objects now: 6849.
Memory consumption went from 211.5 MB to 207.7 MB.
Total: 4.017000 ms (FindLiveObjects: 0.386300 ms CreateObjectMapping: 0.090400 ms MarkObjects: 2.275700 ms  DeleteObjects: 1.264100 ms)

Prepare: number of updated asset objects reloaded= 0
AssetImportParameters requested are different than current active one (requested -> active):
  custom:container-demuxer-ogg: 62fdf1f143b41e24485cea50d1cbac27 -> 
  custom:video-decoder-ogg-theora: a1e56fd34408186e4bbccfd4996cb3dc -> 
  custom:framework-win-MediaFoundation: 216162199b28c13a410421893ffa2e32 -> 
  custom:CustomObjectIndexerAttribute: 72b91833f83ae208fae7752999fa3104 -> 
  custom:container-demuxer-webm: 4f35f7cbe854078d1ac9338744f61a02 -> 
  custom:container-muxer-webm: aa71ff27fc2769a1b78a27578f13a17b -> 
  custom:video-decoder-webm-vp8: 9c59270c3fd7afecdb556c50c9e8de78 -> 
  custom:SearchIndexIgnoredProperties: e643bd26f0fe6173181afceb89e7c659 -> 
  custom:AudioImporter_EditorPlatform: d09bf68614088b80899f8185d706f6e7 -> 
  custom:scripting/monoscript/fileName/StartButtonPress.cs: 171652a4042feb5894da6f28cd16f8b1 -> 
  custom:video-encoder-webm-vp8: eb34c28f22e8b96e1ab97ce403110664 -> 
  custom:audio-decoder-ogg-vorbis: bf7c407c2cedff20999df2af8eb42d56 -> 
  custom:audio-encoder-webm-vorbis: bf7c407c2cedff20999df2af8eb42d56 -> 
========================================================================
Received Prepare
Caller must complete domain reload
Begin MonoManager ReloadAssembly
- Loaded All Assemblies, in  0.370 seconds
Native extension for WindowsStandalone target not found
Mono: successfully reloaded assembly
- Finished resetting the current domain, in  1.112 seconds
Domain Reload Profiling: 1478ms
	BeginReloadAssembly (124ms)
		ExecutionOrderSort (0ms)
		DisableScriptedObjects (7ms)
		BackupInstance (0ms)
		ReleaseScriptingObjects (0ms)
		CreateAndSetChildDomain (32ms)
	RebuildCommonClasses (24ms)
	RebuildNativeTypeToScriptingClass (7ms)
	initialDomainReloadingComplete (24ms)
	LoadAllAssembliesAndSetupDomain (186ms)
		LoadAssemblies (229ms)
		RebuildTransferFunctionScriptingTraits (0ms)
		AnalyzeDomain (15ms)
			TypeCache.Refresh (5ms)
				TypeCache.ScanAssembly (0ms)
			ScanForSourceGeneratedMonoScriptInfo (0ms)
			ResolveRequiredComponents (8ms)
	FinalizeReload (1113ms)
		ReleaseScriptCaches (0ms)
		RebuildScriptCaches (0ms)
		SetupLoadedEditorAssemblies (398ms)
			LogAssemblyErrors (0ms)
			InitializePlatformSupportModulesInManaged (5ms)
			SetLoadedEditorAssemblies (2ms)
			RefreshPlugins (0ms)
			BeforeProcessingInitializeOnLoad (68ms)
			ProcessInitializeOnLoadAttributes (257ms)
			ProcessInitializeOnLoadMethodAttributes (58ms)
			AfterProcessingInitializeOnLoad (7ms)
			EditorAssembliesLoaded (0ms)
		ExecutionOrderSort2 (0ms)
		AwakeInstancesAfterBackupRestoration (14ms)
Refreshing native plugins compatible for Editor in 10.93 ms, found 4 plugins.
Preloading 0 native plugins for Editor in 0.00 ms.
Unloading 6130 Unused Serialized files (Serialized files now loaded: 0)
Unloading 72 unused Assets / (3.8 MB). Loaded Objects now: 6866.
Memory consumption went from 211.6 MB to 207.8 MB.
Total: 9.662500 ms (FindLiveObjects: 0.886700 ms CreateObjectMapping: 0.183200 ms MarkObjects: 3.961300 ms  DeleteObjects: 4.630200 ms)

Prepare: number of updated asset objects reloaded= 0
AssetImportParameters requested are different than current active one (requested -> active):
  custom:container-demuxer-ogg: 62fdf1f143b41e24485cea50d1cbac27 -> 
  custom:video-decoder-ogg-theora: a1e56fd34408186e4bbccfd4996cb3dc -> 
  custom:framework-win-MediaFoundation: 216162199b28c13a410421893ffa2e32 -> 
  custom:CustomObjectIndexerAttribute: 72b91833f83ae208fae7752999fa3104 -> 
  custom:container-demuxer-webm: 4f35f7cbe854078d1ac9338744f61a02 -> 
  custom:container-muxer-webm: aa71ff27fc2769a1b78a27578f13a17b -> 
  custom:video-decoder-webm-vp8: 9c59270c3fd7afecdb556c50c9e8de78 -> 
  custom:SearchIndexIgnoredProperties: e643bd26f0fe6173181afceb89e7c659 -> 
  custom:AudioImporter_EditorPlatform: d09bf68614088b80899f8185d706f6e7 -> 
  custom:scripting/monoscript/fileName/StartButtonPress.cs: 171652a4042feb5894da6f28cd16f8b1 -> 
  custom:video-encoder-webm-vp8: eb34c28f22e8b96e1ab97ce403110664 -> 
  custom:audio-decoder-ogg-vorbis: bf7c407c2cedff20999df2af8eb42d56 -> 
  custom:audio-encoder-webm-vorbis: bf7c407c2cedff20999df2af8eb42d56 -> 
========================================================================
Received Prepare
Refreshing native plugins compatible for Editor in 6.68 ms, found 4 plugins.
Preloading 0 native plugins for Editor in 0.00 ms.
Unloading 53 Unused Serialized files (Serialized files now loaded: 0)
Unloading 53 unused Assets / (3.8 MB). Loaded Objects now: 6866.
Memory consumption went from 117.5 MB to 113.7 MB.
Total: 6.213700 ms (FindLiveObjects: 0.773000 ms CreateObjectMapping: 0.172500 ms MarkObjects: 3.345000 ms  DeleteObjects: 1.922300 ms)

Prepare: number of updated asset objects reloaded= 0
AssetImportParameters requested are different than current active one (requested -> active):
  custom:container-demuxer-ogg: 62fdf1f143b41e24485cea50d1cbac27 -> 
  custom:video-decoder-ogg-theora: a1e56fd34408186e4bbccfd4996cb3dc -> 
  custom:framework-win-MediaFoundation: 216162199b28c13a410421893ffa2e32 -> 
  custom:CustomObjectIndexerAttribute: 72b91833f83ae208fae7752999fa3104 -> 
  custom:container-demuxer-webm: 4f35f7cbe854078d1ac9338744f61a02 -> 
  custom:container-muxer-webm: aa71ff27fc2769a1b78a27578f13a17b -> 
  custom:video-decoder-webm-vp8: 9c59270c3fd7afecdb556c50c9e8de78 -> 
  custom:SearchIndexIgnoredProperties: e643bd26f0fe6173181afceb89e7c659 -> 
  custom:AudioImporter_EditorPlatform: d09bf68614088b80899f8185d706f6e7 -> 
  custom:scripting/monoscript/fileName/StartButtonPress.cs: 171652a4042feb5894da6f28cd16f8b1 -> 
  custom:video-encoder-webm-vp8: eb34c28f22e8b96e1ab97ce403110664 -> 
  custom:audio-decoder-ogg-vorbis: bf7c407c2cedff20999df2af8eb42d56 -> 
  custom:audio-encoder-webm-vorbis: bf7c407c2cedff20999df2af8eb42d56 -> 
========================================================================
Received Import Request.
  Time since last request: 96994.762312 seconds.
  path: Assets/ThirdPartyNotice.txt
  artifactKey: Guid(4465b7e51eb68d44ebca18b9807e6827) Importer(2089858483,0ecaa5967403d082aa24f35e1b516d23)
Start importing Assets/ThirdPartyNotice.txt using Guid(4465b7e51eb68d44ebca18b9807e6827) Importer(2089858483,0ecaa5967403d082aa24f35e1b516d23) [PhysX] Initialized MultithreadedTaskDispatcher with 12 workers.
 -> (artifact id: 'b046ec120af06d714df7518204aa66f8') in 0.124409 seconds
Number of updated asset objects reloaded before import = 0
Number of asset objects unloaded after import = 1
========================================================================
Received Import Request.
  Time since last request: 0.000017 seconds.
  path: Assets/Audio/LandOnEnemy.wav
  artifactKey: Guid(b7f741588644cd64bbee6387cb54a96d) Importer(2089858483,0ecaa5967403d082aa24f35e1b516d23)
Start importing Assets/Audio/LandOnEnemy.wav using Guid(b7f741588644cd64bbee6387cb54a96d) Importer(2089858483,0ecaa5967403d082aa24f35e1b516d23) [PhysX] Initialized MultithreadedTaskDispatcher with 12 workers.
 -> (artifact id: '84edc20e138efb67fb1e00c4010d827f') in 0.057843 seconds
Number of updated asset objects reloaded before import = 0
Number of asset objects unloaded after import = 1
========================================================================
Received Import Request.
  Time since last request: 0.000024 seconds.
  path: Assets/Settings/Low_PipelineAsset.asset
  artifactKey: Guid(7a703782105a16343b80ade775e6a05c) Importer(2089858483,0ecaa5967403d082aa24f35e1b516d23)
Start importing Assets/Settings/Low_PipelineAsset.asset using Guid(7a703782105a16343b80ade775e6a05c) Importer(2089858483,0ecaa5967403d082aa24f35e1b516d23) [PhysX] Initialized MultithreadedTaskDispatcher with 12 workers.
 -> (artifact id: '38cd6cb2f47d0671c1b1c5b75634ffda') in 0.051957 seconds
Number of updated asset objects reloaded before import = 0
Number of asset objects unloaded after import = 2
========================================================================
Received Import Request.
  Time since last request: 0.000015 seconds.
  path: Assets/Prefabs/TilePalette.prefab
  artifactKey: Guid(c02c4165d21a0fd488455befe67d7aac) Importer(2089858483,0ecaa5967403d082aa24f35e1b516d23)
Start importing Assets/Prefabs/TilePalette.prefab using Guid(c02c4165d21a0fd488455befe67d7aac) Importer(2089858483,0ecaa5967403d082aa24f35e1b516d23) [PhysX] Initialized MultithreadedTaskDispatcher with 12 workers.
 -> (artifact id: 'a2dee9d802ff2a7ce1af4cfbc9992f14') in 0.029948 seconds
Number of updated asset objects reloaded before import = 0
Number of asset objects unloaded after import = 10
========================================================================
Received Import Request.
  Time since last request: 0.000018 seconds.
  path: Assets/Scenes/Menu.unity
  artifactKey: Guid(4d7802bb5d6158b4ca2fe71be8b56209) Importer(2089858483,0ecaa5967403d082aa24f35e1b516d23)
Start importing Assets/Scenes/Menu.unity using Guid(4d7802bb5d6158b4ca2fe71be8b56209) Importer(2089858483,0ecaa5967403d082aa24f35e1b516d23) [PhysX] Initialized MultithreadedTaskDispatcher with 12 workers.
 -> (artifact id: 'ea2340cd677104c8ed9e356065b20ee7') in 0.012347 seconds
Number of updated asset objects reloaded before import = 0
Number of asset objects unloaded after import = 1
========================================================================
Received Import Request.
  Time since last request: 0.000019 seconds.
  path: Assets/Scenes/SampleSceneSettings.lighting
  artifactKey: Guid(cb493f2ff63eafd40ac4d138f90db5dc) Importer(2089858483,0ecaa5967403d082aa24f35e1b516d23)
Start importing Assets/Scenes/SampleSceneSettings.lighting using Guid(cb493f2ff63eafd40ac4d138f90db5dc) Importer(2089858483,0ecaa5967403d082aa24f35e1b516d23) [PhysX] Initialized MultithreadedTaskDispatcher with 12 workers.
 -> (artifact id: '3e5a9025b27a2182d01d7a23ac74d119') in 0.023062 seconds
Number of updated asset objects reloaded before import = 0
Number of asset objects unloaded after import = 1
========================================================================
Received Import Request.
  Time since last request: 0.000016 seconds.
  path: Assets/Audio/Walk02.wav
  artifactKey: Guid(3318e557ea5714340abb5376ce7fb8c6) Importer(2089858483,0ecaa5967403d082aa24f35e1b516d23)
Start importing Assets/Audio/Walk02.wav using Guid(3318e557ea5714340abb5376ce7fb8c6) Importer(2089858483,0ecaa5967403d082aa24f35e1b516d23) [PhysX] Initialized MultithreadedTaskDispatcher with 12 workers.
 -> (artifact id: 'c02ca5d0119878afb2a7cec615edac71') in 0.037567 seconds
Number of updated asset objects reloaded before import = 0
Number of asset objects unloaded after import = 1
========================================================================
Received Import Request.
  Time since last request: 0.000017 seconds.
  path: Assets/Prefabs/Player.prefab
  artifactKey: Guid(7d60c822c3f1b408ea7a00ecdb5e047a) Importer(2089858483,0ecaa5967403d082aa24f35e1b516d23)
Start importing Assets/Prefabs/Player.prefab using Guid(7d60c822c3f1b408ea7a00ecdb5e047a) Importer(2089858483,0ecaa5967403d082aa24f35e1b516d23) [PhysX] Initialized MultithreadedTaskDispatcher with 12 workers.
 -> (artifact id: '5413fd05856c1808ad324277ded1a080') in 0.010918 seconds
Number of updated asset objects reloaded before import = 0
Number of asset objects unloaded after import = 0
========================================================================
Received Import Request.
  Time since last request: 0.000019 seconds.
  path: Assets/Character/Sprites/EnemyHurt.png
  artifactKey: Guid(93c828a03eeb34779a4373e83c7e1bcc) Importer(2089858483,0ecaa5967403d082aa24f35e1b516d23)
Start importing Assets/Character/Sprites/EnemyHurt.png using Guid(93c828a03eeb34779a4373e83c7e1bcc) Importer(2089858483,0ecaa5967403d082aa24f35e1b516d23) [PhysX] Initialized MultithreadedTaskDispatcher with 12 workers.
 -> (artifact id: '60ee72e1c8377348868f60b3b3173374') in 0.072880 seconds
Number of updated asset objects reloaded before import = 0
Number of asset objects unloaded after import = 11
========================================================================
Received Import Request.
  Time since last request: 0.000019 seconds.
  path: Assets/Rendering/Universal Render Pipeline Asset_Renderer.asset
  artifactKey: Guid(3cd71fba6c9731045991cc8e58e233e4) Importer(2089858483,0ecaa5967403d082aa24f35e1b516d23)
Start importing Assets/Rendering/Universal Render Pipeline Asset_Renderer.asset using Guid(3cd71fba6c9731045991cc8e58e233e4) Importer(2089858483,0ecaa5967403d082aa24f35e1b516d23) [PhysX] Initialized MultithreadedTaskDispatcher with 12 workers.
 -> (artifact id: '6d64db8e5590dc3d520ed2983d9bc32b') in 0.029576 seconds
Number of updated asset objects reloaded before import = 0
Number of asset objects unloaded after import = 1
========================================================================
Received Import Request.
  Time since last request: 0.000029 seconds.
  path: Assets/Tutorials/TutorialHeader.png
  artifactKey: Guid(5384282a0273144fa9333beb77183cb4) Importer(2089858483,0ecaa5967403d082aa24f35e1b516d23)
Start importing Assets/Tutorials/TutorialHeader.png using Guid(5384282a0273144fa9333beb77183cb4) Importer(2089858483,0ecaa5967403d082aa24f35e1b516d23) [PhysX] Initialized MultithreadedTaskDispatcher with 12 workers.
 -> (artifact id: 'f9038d18b9e4b4960ed6e4f1698367a3') in 0.016710 seconds
Number of updated asset objects reloaded before import = 0
Number of asset objects unloaded after import = 1
========================================================================
Received Import Request.
  Time since last request: 0.000015 seconds.
  path: Assets/Character/Animations/PlayerSpawn.anim
  artifactKey: Guid(f382f645d530b48e2a2137bfbf095647) Importer(2089858483,0ecaa5967403d082aa24f35e1b516d23)
Start importing Assets/Character/Animations/PlayerSpawn.anim using Guid(f382f645d530b48e2a2137bfbf095647) Importer(2089858483,0ecaa5967403d082aa24f35e1b516d23) [PhysX] Initialized MultithreadedTaskDispatcher with 12 workers.
 -> (artifact id: 'e6a6de640965c82857bccd17370f00e0') in 0.034605 seconds
Number of updated asset objects reloaded before import = 0
Number of asset objects unloaded after import = 1
========================================================================
Received Import Request.
  Time since last request: 0.000018 seconds.
  path: Assets/Environment/Sprites/MidgroundFiller.png
  artifactKey: Guid(5bfb66baa66fb8249850422e5c04049c) Importer(2089858483,0ecaa5967403d082aa24f35e1b516d23)
Start importing Assets/Environment/Sprites/MidgroundFiller.png using Guid(5bfb66baa66fb8249850422e5c04049c) Importer(2089858483,0ecaa5967403d082aa24f35e1b516d23) [PhysX] Initialized MultithreadedTaskDispatcher with 12 workers.
 -> (artifact id: 'aca771b9bdee236f2a2ff4e13ea63ce0') in 0.023568 seconds
Number of updated asset objects reloaded before import = 0
Number of asset objects unloaded after import = 3
========================================================================
Received Import Request.
  Time since last request: 0.000019 seconds.
  path: Assets/Environment/Sprites/Midground 1_0.asset
  artifactKey: Guid(dfaa2dca3e8e6564fa3bd45f15b73f99) Importer(2089858483,0ecaa5967403d082aa24f35e1b516d23)
Start importing Assets/Environment/Sprites/Midground 1_0.asset using Guid(dfaa2dca3e8e6564fa3bd45f15b73f99) Importer(2089858483,0ecaa5967403d082aa24f35e1b516d23) [PhysX] Initialized MultithreadedTaskDispatcher with 12 workers.
 -> (artifact id: '7c2b45d1d1019cc725a2b9bea132f585') in 0.024141 seconds
Number of updated asset objects reloaded before import = 0
Number of asset objects unloaded after import = 3
========================================================================
Received Import Request.
  Time since last request: 0.000018 seconds.
  path: Assets/Character/Sprites/PlayerRespawn.png
  artifactKey: Guid(9d13ccf5d8c59714ab7969f0beed1f78) Importer(2089858483,0ecaa5967403d082aa24f35e1b516d23)
Start importing Assets/Character/Sprites/PlayerRespawn.png using Guid(9d13ccf5d8c59714ab7969f0beed1f78) Importer(2089858483,0ecaa5967403d082aa24f35e1b516d23) [PhysX] Initialized MultithreadedTaskDispatcher with 12 workers.
 -> (artifact id: 'b90392221c58f41697caa905d16da15d') in 0.041122 seconds
Number of updated asset objects reloaded before import = 0
Number of asset objects unloaded after import = 12
========================================================================
Received Import Request.
  Time since last request: 0.000019 seconds.
  path: Assets/Environment/Sprites/plant.png
  artifactKey: Guid(31100c1a6774a964a9f5502cff2fb6c2) Importer(2089858483,0ecaa5967403d082aa24f35e1b516d23)
Start importing Assets/Environment/Sprites/plant.png using Guid(31100c1a6774a964a9f5502cff2fb6c2) Importer(2089858483,0ecaa5967403d082aa24f35e1b516d23) [PhysX] Initialized MultithreadedTaskDispatcher with 12 workers.
 -> (artifact id: 'bf1ea5a44788ce171cdd7b31f0141c87') in 0.015267 seconds
Number of updated asset objects reloaded before import = 0
Number of asset objects unloaded after import = 3
========================================================================
Received Import Request.
  Time since last request: 0.000018 seconds.
  path: Assets/UI Assets+Sprites/TitleScreen Project.psd
  artifactKey: Guid(762179c944d10734b8406d885ed440e6) Importer(2089858483,0ecaa5967403d082aa24f35e1b516d23)
Start importing Assets/UI Assets+Sprites/TitleScreen Project.psd using Guid(762179c944d10734b8406d885ed440e6) Importer(2089858483,0ecaa5967403d082aa24f35e1b516d23) [PhysX] Initialized MultithreadedTaskDispatcher with 12 workers.
 -> (artifact id: '2438eda1419da8544f8450eee9e7a73b') in 0.018953 seconds
Number of updated asset objects reloaded before import = 0
Number of asset objects unloaded after import = 3
========================================================================
Received Import Request.
  Time since last request: 0.000015 seconds.
  path: Assets/Character/Animations/EnemyDeath.anim
  artifactKey: Guid(8151a21a86e8443db8efcec43314dece) Importer(2089858483,0ecaa5967403d082aa24f35e1b516d23)
Start importing Assets/Character/Animations/EnemyDeath.anim using Guid(8151a21a86e8443db8efcec43314dece) Importer(2089858483,0ecaa5967403d082aa24f35e1b516d23) [PhysX] Initialized MultithreadedTaskDispatcher with 12 workers.
 -> (artifact id: 'a9c3bd7a62fc3b1a2e36f2d1ec2213e6') in 0.020119 seconds
Number of updated asset objects reloaded before import = 0
Number of asset objects unloaded after import = 1
========================================================================
Received Import Request.
  Time since last request: 0.000018 seconds.
  path: Assets/Tiles/cloud.asset
  artifactKey: Guid(216e1d3fb32f7bc48a7a754adcfca76f) Importer(2089858483,0ecaa5967403d082aa24f35e1b516d23)
Start importing Assets/Tiles/cloud.asset using Guid(216e1d3fb32f7bc48a7a754adcfca76f) Importer(2089858483,0ecaa5967403d082aa24f35e1b516d23) [PhysX] Initialized MultithreadedTaskDispatcher with 12 workers.
 -> (artifact id: '3b5445a95c1bce4f46d39123e1b84dfd') in 0.023242 seconds
Number of updated asset objects reloaded before import = 0
Number of asset objects unloaded after import = 3
========================================================================
Received Import Request.
  Time since last request: 0.000023 seconds.
  path: Assets/Tutorials/Tutorial Project Settings.asset
  artifactKey: Guid(82ccda3adf0ba49e1ba86e30edff0cc5) Importer(2089858483,0ecaa5967403d082aa24f35e1b516d23)
Start importing Assets/Tutorials/Tutorial Project Settings.asset using Guid(82ccda3adf0ba49e1ba86e30edff0cc5) Importer(2089858483,0ecaa5967403d082aa24f35e1b516d23) [PhysX] Initialized MultithreadedTaskDispatcher with 12 workers.
 -> (artifact id: 'd02a343d8ca1ac1f464845b7d24a3241') in 0.114451 seconds
Number of updated asset objects reloaded before import = 0
Number of asset objects unloaded after import = 146
========================================================================
Received Import Request.
  Time since last request: 0.000017 seconds.
  path: Assets/Prefabs/CinemachineConfiner.prefab
  artifactKey: Guid(6f545478bd0fb7a478ed6f674a5210f5) Importer(2089858483,0ecaa5967403d082aa24f35e1b516d23)
Start importing Assets/Prefabs/CinemachineConfiner.prefab using Guid(6f545478bd0fb7a478ed6f674a5210f5) Importer(2089858483,0ecaa5967403d082aa24f35e1b516d23) [PhysX] Initialized MultithreadedTaskDispatcher with 12 workers.
 -> (artifact id: 'f2f4d821c1fc6118f6758b2892966dcf') in 0.024565 seconds
Number of updated asset objects reloaded before import = 0
Number of asset objects unloaded after import = 5
========================================================================
Received Import Request.
  Time since last request: 0.000018 seconds.
  path: Assets/Tiles/TileGroundTop.asset
  artifactKey: Guid(00c0f6fa8d57f7949864cfd4ba00f858) Importer(2089858483,0ecaa5967403d082aa24f35e1b516d23)
Start importing Assets/Tiles/TileGroundTop.asset using Guid(00c0f6fa8d57f7949864cfd4ba00f858) Importer(2089858483,0ecaa5967403d082aa24f35e1b516d23) [PhysX] Initialized MultithreadedTaskDispatcher with 12 workers.
 -> (artifact id: '3dbe8a099089cff217137c784c041db9') in 0.023457 seconds
Number of updated asset objects reloaded before import = 0
Number of asset objects unloaded after import = 3
========================================================================
Received Import Request.
  Time since last request: 0.000023 seconds.
  path: Assets/Tutorials/Pop.aiff
  artifactKey: Guid(93fbb109633e844259ea828442bda0cb) Importer(2089858483,0ecaa5967403d082aa24f35e1b516d23)
Start importing Assets/Tutorials/Pop.aiff using Guid(93fbb109633e844259ea828442bda0cb) Importer(2089858483,0ecaa5967403d082aa24f35e1b516d23) [PhysX] Initialized MultithreadedTaskDispatcher with 12 workers.
 -> (artifact id: 'bf094ce673d6e9f9905b55603dc1443b') in 0.028212 seconds
Number of updated asset objects reloaded before import = 0
Number of asset objects unloaded after import = 1
========================================================================
Received Import Request.
  Time since last request: 0.000020 seconds.
  path: Assets/Environment/Sprites/house.png
  artifactKey: Guid(94e3ad24efa41394381384e2f14d15a2) Importer(2089858483,0ecaa5967403d082aa24f35e1b516d23)
Start importing Assets/Environment/Sprites/house.png using Guid(94e3ad24efa41394381384e2f14d15a2) Importer(2089858483,0ecaa5967403d082aa24f35e1b516d23) [PhysX] Initialized MultithreadedTaskDispatcher with 12 workers.
 -> (artifact id: 'b5bccdc876095538c5ace2039b718096') in 0.024607 seconds
Number of updated asset objects reloaded before import = 0
Number of asset objects unloaded after import = 3
========================================================================
Received Import Request.
  Time since last request: 0.000024 seconds.
  path: Assets/Environment/Sprites/PlatformBG.png
  artifactKey: Guid(77cfaca05cc47744d84cf3eb672c3821) Importer(2089858483,0ecaa5967403d082aa24f35e1b516d23)
Start importing Assets/Environment/Sprites/PlatformBG.png using Guid(77cfaca05cc47744d84cf3eb672c3821) Importer(2089858483,0ecaa5967403d082aa24f35e1b516d23) [PhysX] Initialized MultithreadedTaskDispatcher with 12 workers.
 -> (artifact id: '52b437c496c471d408add1d9f9c12cff') in 0.035857 seconds
Number of updated asset objects reloaded before import = 0
Number of asset objects unloaded after import = 5
========================================================================
Received Import Request.
  Time since last request: 0.000017 seconds.
  path: Assets/Character/Animations/EnemyHurt.anim
  artifactKey: Guid(6d1eca749f9f840299a309e3fd0302af) Importer(2089858483,0ecaa5967403d082aa24f35e1b516d23)
Start importing Assets/Character/Animations/EnemyHurt.anim using Guid(6d1eca749f9f840299a309e3fd0302af) Importer(2089858483,0ecaa5967403d082aa24f35e1b516d23) [PhysX] Initialized MultithreadedTaskDispatcher with 12 workers.
 -> (artifact id: '23de7cb8c5cb0c0fa555fafbe3d581d1') in 0.020012 seconds
Number of updated asset objects reloaded before import = 0
Number of asset objects unloaded after import = 1
========================================================================
Received Import Request.
  Time since last request: 0.000029 seconds.
  path: Assets/Environment/Tiles/midground.png
  artifactKey: Guid(dfe8cc17c5361498c90aec6087a4ccc0) Importer(2089858483,0ecaa5967403d082aa24f35e1b516d23)
Start importing Assets/Environment/Tiles/midground.png using Guid(dfe8cc17c5361498c90aec6087a4ccc0) Importer(2089858483,0ecaa5967403d082aa24f35e1b516d23) [PhysX] Initialized MultithreadedTaskDispatcher with 12 workers.
 -> (artifact id: 'fd6627009e1ab08cfaac5287fb5c888c') in 0.032695 seconds
Number of updated asset objects reloaded before import = 0
Number of asset objects unloaded after import = 3
========================================================================
Received Import Request.
  Time since last request: 0.011965 seconds.
  path: Assets/Environment/Tiles/Midground 1.png
  artifactKey: Guid(d79e242832be00c488ad1402f7009ca6) Importer(2089858483,0ecaa5967403d082aa24f35e1b516d23)
Start importing Assets/Environment/Tiles/Midground 1.png using Guid(d79e242832be00c488ad1402f7009ca6) Importer(2089858483,0ecaa5967403d082aa24f35e1b516d23) [PhysX] Initialized MultithreadedTaskDispatcher with 12 workers.
 -> (artifact id: '1511bfae7976b9d523a8e4e9c9db73d5') in 0.022919 seconds
Number of updated asset objects reloaded before import = 0
Number of asset objects unloaded after import = 3
========================================================================
Received Import Request.
  Time since last request: 0.000015 seconds.
  path: Assets/Environment/Sprites/TileGroundTop.png
  artifactKey: Guid(74123a47f787b014e9cc87c75ed7460a) Importer(2089858483,0ecaa5967403d082aa24f35e1b516d23)
Start importing Assets/Environment/Sprites/TileGroundTop.png using Guid(74123a47f787b014e9cc87c75ed7460a) Importer(2089858483,0ecaa5967403d082aa24f35e1b516d23) [PhysX] Initialized MultithreadedTaskDispatcher with 12 workers.
 -> (artifact id: 'bb8dd20269c90e528c749197def03598') in 0.015550 seconds
Number of updated asset objects reloaded before import = 0
Number of asset objects unloaded after import = 3
========================================================================
Received Import Request.
  Time since last request: 0.000016 seconds.
  path: Assets/Environment/Tiles/Platform - Copy_0.asset
  artifactKey: Guid(3a79d3e641f01d940a5ee598f680a352) Importer(2089858483,0ecaa5967403d082aa24f35e1b516d23)
Start importing Assets/Environment/Tiles/Platform - Copy_0.asset using Guid(3a79d3e641f01d940a5ee598f680a352) Importer(2089858483,0ecaa5967403d082aa24f35e1b516d23) [PhysX] Initialized MultithreadedTaskDispatcher with 12 workers.
 -> (artifact id: 'c214af8ea23266afeccab5f27116e318') in 0.035412 seconds
Number of updated asset objects reloaded before import = 0
Number of asset objects unloaded after import = 3
========================================================================
Received Import Request.
  Time since last request: 0.000016 seconds.
  path: Assets/Environment/Sprites/TileGroundDark.png
  artifactKey: Guid(822726e40d7799b499000f517f3fdf25) Importer(2089858483,0ecaa5967403d082aa24f35e1b516d23)
Start importing Assets/Environment/Sprites/TileGroundDark.png using Guid(822726e40d7799b499000f517f3fdf25) Importer(2089858483,0ecaa5967403d082aa24f35e1b516d23) [PhysX] Initialized MultithreadedTaskDispatcher with 12 workers.
 -> (artifact id: '92d7efb7e56b239a91ff24c2b3e36a00') in 0.023060 seconds
Number of updated asset objects reloaded before import = 0
Number of asset objects unloaded after import = 3
========================================================================
Received Import Request.
  Time since last request: 0.000019 seconds.
  path: Assets/Environment/Sprites/TileGround.png
  artifactKey: Guid(4ab30a6b78053f440ad8969d54c83d95) Importer(2089858483,0ecaa5967403d082aa24f35e1b516d23)
Start importing Assets/Environment/Sprites/TileGround.png using Guid(4ab30a6b78053f440ad8969d54c83d95) Importer(2089858483,0ecaa5967403d082aa24f35e1b516d23) [PhysX] Initialized MultithreadedTaskDispatcher with 12 workers.
 -> (artifact id: '4029910d0e085c906e4633114217d913') in 0.023186 seconds
Number of updated asset objects reloaded before import = 0
Number of asset objects unloaded after import = 3
========================================================================
Received Import Request.
  Time since last request: 0.000025 seconds.
  path: Assets/Environment/Sprites/TileFloatingMiddle.png
  artifactKey: Guid(4b59a07770b3607408af06862bbf6de6) Importer(2089858483,0ecaa5967403d082aa24f35e1b516d23)
Start importing Assets/Environment/Sprites/TileFloatingMiddle.png using Guid(4b59a07770b3607408af06862bbf6de6) Importer(2089858483,0ecaa5967403d082aa24f35e1b516d23) [PhysX] Initialized MultithreadedTaskDispatcher with 12 workers.
 -> (artifact id: '9dda040f163a47146ada98324d315da1') in 0.022513 seconds
Number of updated asset objects reloaded before import = 0
Number of asset objects unloaded after import = 3
========================================================================
Received Import Request.
  Time since last request: 0.000015 seconds.
  path: Assets/Environment/Sprites/TileFloatingLeftEdge.png
  artifactKey: Guid(cbb2fe4d69e24da4db5d9340b9a78b41) Importer(2089858483,0ecaa5967403d082aa24f35e1b516d23)
Start importing Assets/Environment/Sprites/TileFloatingLeftEdge.png using Guid(cbb2fe4d69e24da4db5d9340b9a78b41) Importer(2089858483,0ecaa5967403d082aa24f35e1b516d23) [PhysX] Initialized MultithreadedTaskDispatcher with 12 workers.
 -> (artifact id: '5557d78fc851466b1497c409b3b25a38') in 0.030821 seconds
Number of updated asset objects reloaded before import = 0
Number of asset objects unloaded after import = 3
========================================================================
Received Import Request.
  Time since last request: 0.000016 seconds.
  path: Assets/Environment/Sprites/Platform - Copy.png
  artifactKey: Guid(5a1b758b33a521d419ca89f499e03058) Importer(2089858483,0ecaa5967403d082aa24f35e1b516d23)
Start importing Assets/Environment/Sprites/Platform - Copy.png using Guid(5a1b758b33a521d419ca89f499e03058) Importer(2089858483,0ecaa5967403d082aa24f35e1b516d23) [PhysX] Initialized MultithreadedTaskDispatcher with 12 workers.
 -> (artifact id: 'cc39a1185ff58804fb29a0e31ef30c78') in 0.016316 seconds
Number of updated asset objects reloaded before import = 0
Number of asset objects unloaded after import = 3
========================================================================
Received Import Request.
  Time since last request: 0.000016 seconds.
  path: Assets/Settings/Ultra_PipelineAsset_ForwardRenderer.asset
  artifactKey: Guid(1649bdc92ded20b47b6b1afd784b8320) Importer(2089858483,0ecaa5967403d082aa24f35e1b516d23)
Start importing Assets/Settings/Ultra_PipelineAsset_ForwardRenderer.asset using Guid(1649bdc92ded20b47b6b1afd784b8320) Importer(2089858483,0ecaa5967403d082aa24f35e1b516d23) [PhysX] Initialized MultithreadedTaskDispatcher with 12 workers.
 -> (artifact id: '4f72281621e0de85f871dfbeb7b51f53') in 0.014065 seconds
Number of updated asset objects reloaded before import = 0
Number of asset objects unloaded after import = 1
========================================================================
Received Import Request.
  Time since last request: 0.000015 seconds.
  path: Assets/Environment/Tiles/Background.png
  artifactKey: Guid(678ecb199836d9d429e48acdb5a69a27) Importer(2089858483,0ecaa5967403d082aa24f35e1b516d23)
Start importing Assets/Environment/Tiles/Background.png using Guid(678ecb199836d9d429e48acdb5a69a27) Importer(2089858483,0ecaa5967403d082aa24f35e1b516d23) [PhysX] Initialized MultithreadedTaskDispatcher with 12 workers.
 -> (artifact id: 'dfc867a77942c872b2aaf04e77f59fbd') in 0.030178 seconds
Number of updated asset objects reloaded before import = 0
Number of asset objects unloaded after import = 3
========================================================================
Received Import Request.
  Time since last request: 0.000016 seconds.
  path: Assets/Environment/Sprites/Background_0.asset
  artifactKey: Guid(ba5351f82b2bc514e85ff5336403f236) Importer(2089858483,0ecaa5967403d082aa24f35e1b516d23)
Start importing Assets/Environment/Sprites/Background_0.asset using Guid(ba5351f82b2bc514e85ff5336403f236) Importer(2089858483,0ecaa5967403d082aa24f35e1b516d23) [PhysX] Initialized MultithreadedTaskDispatcher with 12 workers.
 -> (artifact id: '36f79423b76fe4259858fc1fcd9acae0') in 0.021692 seconds
Number of updated asset objects reloaded before import = 0
Number of asset objects unloaded after import = 3
========================================================================
Received Import Request.
  Time since last request: 0.000014 seconds.
  path: Assets/Tutorials/Tutorials.asset
  artifactKey: Guid(977fb762f450240fd9006b8153a0f534) Importer(2089858483,0ecaa5967403d082aa24f35e1b516d23)
Start importing Assets/Tutorials/Tutorials.asset using Guid(977fb762f450240fd9006b8153a0f534) Importer(2089858483,0ecaa5967403d082aa24f35e1b516d23) [PhysX] Initialized MultithreadedTaskDispatcher with 12 workers.
 -> (artifact id: 'e266d32c83a6ae26b19dfff014473b56') in 0.089792 seconds
Number of updated asset objects reloaded before import = 0
Number of asset objects unloaded after import = 142
========================================================================
Received Import Request.
  Time since last request: 0.000017 seconds.
  path: Assets/Character/Sprites/TokenCollected.png
  artifactKey: Guid(d7f3ba40c95624407a79329e1af8b953) Importer(2089858483,0ecaa5967403d082aa24f35e1b516d23)
Start importing Assets/Character/Sprites/TokenCollected.png using Guid(d7f3ba40c95624407a79329e1af8b953) Importer(2089858483,0ecaa5967403d082aa24f35e1b516d23) [PhysX] Initialized MultithreadedTaskDispatcher with 12 workers.
 -> (artifact id: 'a94caa6bd423f4e86fd4dc4fda929ce7') in 0.023740 seconds
Number of updated asset objects reloaded before import = 0
Number of asset objects unloaded after import = 11
========================================================================
Received Import Request.
  Time since last request: 0.000028 seconds.
  path: Assets/Tiles/MidgroundFiller.asset
  artifactKey: Guid(8187bea14c4d7c849b76ae65d8bd9782) Importer(2089858483,0ecaa5967403d082aa24f35e1b516d23)
Start importing Assets/Tiles/MidgroundFiller.asset using Guid(8187bea14c4d7c849b76ae65d8bd9782) Importer(2089858483,0ecaa5967403d082aa24f35e1b516d23) [PhysX] Initialized MultithreadedTaskDispatcher with 12 workers.
 -> (artifact id: '2d7c4303e837053cdd2a9898e75f1318') in 0.018052 seconds
Number of updated asset objects reloaded before import = 0
Number of asset objects unloaded after import = 3
========================================================================
Received Import Request.
  Time since last request: 0.000014 seconds.
  path: Assets/Mod Assets/Custom Materials/Additive Blue.mat
  artifactKey: Guid(559e55ada8c25412a88f9d290cf3b99d) Importer(2089858483,0ecaa5967403d082aa24f35e1b516d23)
Start importing Assets/Mod Assets/Custom Materials/Additive Blue.mat using Guid(559e55ada8c25412a88f9d290cf3b99d) Importer(2089858483,0ecaa5967403d082aa24f35e1b516d23) [PhysX] Initialized MultithreadedTaskDispatcher with 12 workers.
 -> (artifact id: 'f6ab06b9c958693c6752ac6f6f0aca0f') in 0.025480 seconds
Number of updated asset objects reloaded before import = 0
Number of asset objects unloaded after import = 1
========================================================================
Received Import Request.
  Time since last request: 0.000021 seconds.
  path: Assets/Environment/Tiles/tree.png
  artifactKey: Guid(bc567a15625ed46c78d8c3653d3d446c) Importer(2089858483,0ecaa5967403d082aa24f35e1b516d23)
Start importing Assets/Environment/Tiles/tree.png using Guid(bc567a15625ed46c78d8c3653d3d446c) Importer(2089858483,0ecaa5967403d082aa24f35e1b516d23) [PhysX] Initialized MultithreadedTaskDispatcher with 12 workers.
 -> (artifact id: '41f456e1916d171dfc577076e9b00a89') in 0.031385 seconds
Number of updated asset objects reloaded before import = 0
Number of asset objects unloaded after import = 3
========================================================================
Received Import Request.
  Time since last request: 0.000016 seconds.
  path: Assets/Mod Assets/Custom Materials/Emissive Red.mat
  artifactKey: Guid(81f12af2d69874700b7e15004bd15886) Importer(2089858483,0ecaa5967403d082aa24f35e1b516d23)
Start importing Assets/Mod Assets/Custom Materials/Emissive Red.mat using Guid(81f12af2d69874700b7e15004bd15886) Importer(2089858483,0ecaa5967403d082aa24f35e1b516d23) [PhysX] Initialized MultithreadedTaskDispatcher with 12 workers.
 -> (artifact id: '6559a33c85a5592dea92b4c2f4c37798') in 0.010831 seconds
Number of updated asset objects reloaded before import = 0
Number of asset objects unloaded after import = 1
========================================================================
Received Import Request.
  Time since last request: 0.000019 seconds.
  path: Assets/Mod Assets/Custom Materials/Emissive Green.mat
  artifactKey: Guid(08006af621afc407eb6a5c8e8c83b0bf) Importer(2089858483,0ecaa5967403d082aa24f35e1b516d23)
Start importing Assets/Mod Assets/Custom Materials/Emissive Green.mat using Guid(08006af621afc407eb6a5c8e8c83b0bf) Importer(2089858483,0ecaa5967403d082aa24f35e1b516d23) [PhysX] Initialized MultithreadedTaskDispatcher with 12 workers.
 -> (artifact id: '9c6fa78638354932ff206367cbf39ec9') in 0.013463 seconds
Number of updated asset objects reloaded before import = 0
Number of asset objects unloaded after import = 1
========================================================================
Received Import Request.
  Time since last request: 0.000016 seconds.
  path: Assets/Mod Assets/Powerup Prefabs/Speedpad.prefab
  artifactKey: Guid(9f2793e97c0086e4ba601a5e059272ee) Importer(2089858483,0ecaa5967403d082aa24f35e1b516d23)
Start importing Assets/Mod Assets/Powerup Prefabs/Speedpad.prefab using Guid(9f2793e97c0086e4ba601a5e059272ee) Importer(2089858483,0ecaa5967403d082aa24f35e1b516d23) [PhysX] Initialized MultithreadedTaskDispatcher with 12 workers.
 -> (artifact id: '3bca15cb6ba5faab5e5e23b8f61f0ac2') in 0.008906 seconds
Number of updated asset objects reloaded before import = 0
Number of asset objects unloaded after import = 0
========================================================================
Received Import Request.
  Time since last request: 0.000016 seconds.
  path: Assets/Mod Assets/Custom Materials/Modulate Green.mat
  artifactKey: Guid(7e16423d12f4445cc93a21506562dffc) Importer(2089858483,0ecaa5967403d082aa24f35e1b516d23)
Start importing Assets/Mod Assets/Custom Materials/Modulate Green.mat using Guid(7e16423d12f4445cc93a21506562dffc) Importer(2089858483,0ecaa5967403d082aa24f35e1b516d23) [PhysX] Initialized MultithreadedTaskDispatcher with 12 workers.
 -> (artifact id: '2b9a17e0b132f7e4d7b1b99c43cd9948') in 0.009982 seconds
Number of updated asset objects reloaded before import = 0
Number of asset objects unloaded after import = 1
========================================================================
Received Import Request.
  Time since last request: 0.000016 seconds.
  path: Assets/Mod Assets/Custom Materials/Fade.mat
  artifactKey: Guid(a630977d94cfa41c49a492132e20f623) Importer(2089858483,0ecaa5967403d082aa24f35e1b516d23)
Start importing Assets/Mod Assets/Custom Materials/Fade.mat using Guid(a630977d94cfa41c49a492132e20f623) Importer(2089858483,0ecaa5967403d082aa24f35e1b516d23) [PhysX] Initialized MultithreadedTaskDispatcher with 12 workers.
 -> (artifact id: '12b0da906f95a7bad28bfba1f815dc3e') in 0.011664 seconds
Number of updated asset objects reloaded before import = 0
Number of asset objects unloaded after import = 1
========================================================================
Received Import Request.
  Time since last request: 0.000017 seconds.
  path: Assets/Mod Assets/Custom Materials/Subtractive.mat
  artifactKey: Guid(2d4335f212752412590d952b4ff9f248) Importer(2089858483,0ecaa5967403d082aa24f35e1b516d23)
Start importing Assets/Mod Assets/Custom Materials/Subtractive.mat using Guid(2d4335f212752412590d952b4ff9f248) Importer(2089858483,0ecaa5967403d082aa24f35e1b516d23) [PhysX] Initialized MultithreadedTaskDispatcher with 12 workers.
 -> (artifact id: '49f4a0484358a2e25aba3eef29fcef15') in 0.020160 seconds
Number of updated asset objects reloaded before import = 0
Number of asset objects unloaded after import = 1
========================================================================
Received Import Request.
  Time since last request: 0.000016 seconds.
  path: Assets/Mod Assets/Custom Materials/Additive Green.mat
  artifactKey: Guid(473f1c6b2d95343ce828c49da96210ca) Importer(2089858483,0ecaa5967403d082aa24f35e1b516d23)
Start importing Assets/Mod Assets/Custom Materials/Additive Green.mat using Guid(473f1c6b2d95343ce828c49da96210ca) Importer(2089858483,0ecaa5967403d082aa24f35e1b516d23) [PhysX] Initialized MultithreadedTaskDispatcher with 12 workers.
 -> (artifact id: 'ce6f7fbf9249838f2fbbeb54cdaad9f6') in 0.010211 seconds
Number of updated asset objects reloaded before import = 0
Number of asset objects unloaded after import = 1
========================================================================
Received Import Request.
  Time since last request: 0.000018 seconds.
  path: Assets/Tiles/TileGround.asset
  artifactKey: Guid(346d40452471dc54ba12d6c7e67a1920) Importer(2089858483,0ecaa5967403d082aa24f35e1b516d23)
Start importing Assets/Tiles/TileGround.asset using Guid(346d40452471dc54ba12d6c7e67a1920) Importer(2089858483,0ecaa5967403d082aa24f35e1b516d23) [PhysX] Initialized MultithreadedTaskDispatcher with 12 workers.
 -> (artifact id: 'b91f8e87a41838738729e05a8a432bc1') in 0.018739 seconds
Number of updated asset objects reloaded before import = 0
Number of asset objects unloaded after import = 3
========================================================================
Received Import Request.
  Time since last request: 0.000026 seconds.
  path: Assets/UI Assets+Sprites/SpriteAtlas.png
  artifactKey: Guid(268a73eece6b41845bd6f6e2cd47ca74) Importer(2089858483,0ecaa5967403d082aa24f35e1b516d23)
Start importing Assets/UI Assets+Sprites/SpriteAtlas.png using Guid(268a73eece6b41845bd6f6e2cd47ca74) Importer(2089858483,0ecaa5967403d082aa24f35e1b516d23) [PhysX] Initialized MultithreadedTaskDispatcher with 12 workers.
 -> (artifact id: '7d0584ae5c5a3650e467e7b6a89f8ad8') in 0.020128 seconds
Number of updated asset objects reloaded before import = 0
Number of asset objects unloaded after import = 7
========================================================================
Received Import Request.
  Time since last request: 0.000016 seconds.
  path: Assets/Tiles/TileFloatingLeftEdge.asset
  artifactKey: Guid(8ffc15ca897ef94428428a26ead7bd6d) Importer(2089858483,0ecaa5967403d082aa24f35e1b516d23)
Start importing Assets/Tiles/TileFloatingLeftEdge.asset using Guid(8ffc15ca897ef94428428a26ead7bd6d) Importer(2089858483,0ecaa5967403d082aa24f35e1b516d23) [PhysX] Initialized MultithreadedTaskDispatcher with 12 workers.
 -> (artifact id: '6e33ea40bb5c63ecdbbe0eb2cf618535') in 0.027561 seconds
Number of updated asset objects reloaded before import = 0
Number of asset objects unloaded after import = 3
========================================================================
Received Import Request.
  Time since last request: 0.000016 seconds.
  path: Assets/Character/Sprites/PlayerSpawn.png
  artifactKey: Guid(1a4bd6d8b694c4f65869fe4d44a0198b) Importer(2089858483,0ecaa5967403d082aa24f35e1b516d23)
Start importing Assets/Character/Sprites/PlayerSpawn.png using Guid(1a4bd6d8b694c4f65869fe4d44a0198b) Importer(2089858483,0ecaa5967403d082aa24f35e1b516d23) [PhysX] Initialized MultithreadedTaskDispatcher with 12 workers.
 -> (artifact id: 'e3ff75ed1c69c910562f3c539ee5aaa4') in 0.041216 seconds
Number of updated asset objects reloaded before import = 0
Number of asset objects unloaded after import = 22
========================================================================
Received Import Request.
  Time since last request: 0.000014 seconds.
  path: Assets/Tiles/fence.asset
  artifactKey: Guid(bb5d933e6627d374c8b68f8c7c95d5c4) Importer(2089858483,0ecaa5967403d082aa24f35e1b516d23)
Start importing Assets/Tiles/fence.asset using Guid(bb5d933e6627d374c8b68f8c7c95d5c4) Importer(2089858483,0ecaa5967403d082aa24f35e1b516d23) [PhysX] Initialized MultithreadedTaskDispatcher with 12 workers.
 -> (artifact id: '04468fca314fe94655812ec9ff719733') in 0.025086 seconds
Number of updated asset objects reloaded before import = 0
Number of asset objects unloaded after import = 3
========================================================================
Received Import Request.
  Time since last request: 0.000015 seconds.
  path: Assets/Tiles/midground.asset
  artifactKey: Guid(5b1ed690790872f45abca6cc98ea40b3) Importer(2089858483,0ecaa5967403d082aa24f35e1b516d23)
Start importing Assets/Tiles/midground.asset using Guid(5b1ed690790872f45abca6cc98ea40b3) Importer(2089858483,0ecaa5967403d082aa24f35e1b516d23) [PhysX] Initialized MultithreadedTaskDispatcher with 12 workers.
 -> (artifact id: '4accf6b283349ce7971a9dd24676ba45') in 0.023592 seconds
Number of updated asset objects reloaded before import = 0
Number of asset objects unloaded after import = 3
========================================================================
Received Import Request.
  Time since last request: 0.000017 seconds.
  path: Assets/Character/Sprites/EnemyDeath.png
  artifactKey: Guid(0d22f52a800554566bb7a5bd62041458) Importer(2089858483,0ecaa5967403d082aa24f35e1b516d23)
Start importing Assets/Character/Sprites/EnemyDeath.png using Guid(0d22f52a800554566bb7a5bd62041458) Importer(2089858483,0ecaa5967403d082aa24f35e1b516d23) [PhysX] Initialized MultithreadedTaskDispatcher with 12 workers.
 -> (artifact id: 'aaaf795e45011898b40f5b83049d1b18') in 0.022286 seconds
Number of updated asset objects reloaded before import = 0
Number of asset objects unloaded after import = 10
========================================================================
Received Import Request.
  Time since last request: 0.000015 seconds.
  path: Assets/Tutorials/TutorialCallbacks.asset
  artifactKey: Guid(25807e83b802152438a49f8e07814842) Importer(2089858483,0ecaa5967403d082aa24f35e1b516d23)
Start importing Assets/Tutorials/TutorialCallbacks.asset using Guid(25807e83b802152438a49f8e07814842) Importer(2089858483,0ecaa5967403d082aa24f35e1b516d23) [PhysX] Initialized MultithreadedTaskDispatcher with 12 workers.
 -> (artifact id: '93140518c55b5900228daa2cc1f9e4c8') in 0.011122 seconds
Number of updated asset objects reloaded before import = 0
Number of asset objects unloaded after import = 1
========================================================================
Received Import Request.
  Time since last request: 0.000017 seconds.
  path: Assets/Environment/Sprites/TallBuilding.png
  artifactKey: Guid(fc837eb64bd35a64dbff20cd45295fab) Importer(2089858483,0ecaa5967403d082aa24f35e1b516d23)
Start importing Assets/Environment/Sprites/TallBuilding.png using Guid(fc837eb64bd35a64dbff20cd45295fab) Importer(2089858483,0ecaa5967403d082aa24f35e1b516d23) [PhysX] Initialized MultithreadedTaskDispatcher with 12 workers.
 -> (artifact id: '86f57aed69a6d7b565996d3359994113') in 0.033877 seconds
Number of updated asset objects reloaded before import = 0
Number of asset objects unloaded after import = 3
========================================================================
Received Import Request.
  Time since last request: 0.000018 seconds.
  path: Assets/Mod Assets/Custom Materials/Additive.mat
  artifactKey: Guid(7284664b1aa4f45f0a118f80f5ec1349) Importer(2089858483,0ecaa5967403d082aa24f35e1b516d23)
Start importing Assets/Mod Assets/Custom Materials/Additive.mat using Guid(7284664b1aa4f45f0a118f80f5ec1349) Importer(2089858483,0ecaa5967403d082aa24f35e1b516d23) [PhysX] Initialized MultithreadedTaskDispatcher with 12 workers.
 -> (artifact id: '04e7735fd42ce53434cf2906922339a1') in 0.016285 seconds
Number of updated asset objects reloaded before import = 0
Number of asset objects unloaded after import = 1
========================================================================
Received Import Request.
  Time since last request: 0.000025 seconds.
  path: Assets/Environment/Sprites/TileFloatingRightEdge.png
  artifactKey: Guid(3e2b02880f6f91b43a412e910b8943a4) Importer(2089858483,0ecaa5967403d082aa24f35e1b516d23)
Start importing Assets/Environment/Sprites/TileFloatingRightEdge.png using Guid(3e2b02880f6f91b43a412e910b8943a4) Importer(2089858483,0ecaa5967403d082aa24f35e1b516d23) [PhysX] Initialized MultithreadedTaskDispatcher with 12 workers.
 -> (artifact id: '2caf5ec308c56e87d875223bfd2745ba') in 0.021098 seconds
Number of updated asset objects reloaded before import = 0
Number of asset objects unloaded after import = 3
========================================================================
Received Import Request.
  Time since last request: 0.000018 seconds.
  path: Assets/Settings/Very High_PipelineAsset_ForwardRenderer.asset
  artifactKey: Guid(30ea57c89a55e3346ae075952ff1f2ef) Importer(2089858483,0ecaa5967403d082aa24f35e1b516d23)
Start importing Assets/Settings/Very High_PipelineAsset_ForwardRenderer.asset using Guid(30ea57c89a55e3346ae075952ff1f2ef) Importer(2089858483,0ecaa5967403d082aa24f35e1b516d23) [PhysX] Initialized MultithreadedTaskDispatcher with 12 workers.
 -> (artifact id: '54e22443b289bdad1282af9b5126c199') in 0.015381 seconds
Number of updated asset objects reloaded before import = 0
Number of asset objects unloaded after import = 1
========================================================================
Received Import Request.
  Time since last request: 0.000024 seconds.
  path: Assets/Tiles/tree.asset
  artifactKey: Guid(425a6ca6169e0e14ba0dd745b3d35cb2) Importer(2089858483,0ecaa5967403d082aa24f35e1b516d23)
Start importing Assets/Tiles/tree.asset using Guid(425a6ca6169e0e14ba0dd745b3d35cb2) Importer(2089858483,0ecaa5967403d082aa24f35e1b516d23) [PhysX] Initialized MultithreadedTaskDispatcher with 12 workers.
 -> (artifact id: '4ebadd6344626fd0f18113ccf0c95f0c') in 0.019612 seconds
Number of updated asset objects reloaded before import = 0
Number of asset objects unloaded after import = 3
========================================================================
Received Import Request.
  Time since last request: 0.000016 seconds.
  path: Assets/Scripts/UI/MainUIController.cs
  artifactKey: Guid(75fa2f9ea4cb54f34aaac731aabe3733) Importer(2089858483,0ecaa5967403d082aa24f35e1b516d23)
Start importing Assets/Scripts/UI/MainUIController.cs using Guid(75fa2f9ea4cb54f34aaac731aabe3733) Importer(2089858483,0ecaa5967403d082aa24f35e1b516d23) [PhysX] Initialized MultithreadedTaskDispatcher with 12 workers.
 -> (artifact id: '4f030455886741ae5dd16b223f4ef147') in 0.022429 seconds
Number of updated asset objects reloaded before import = 0
Number of asset objects unloaded after import = 1
========================================================================
Received Import Request.
  Time since last request: 0.000018 seconds.
  path: Assets/Scripts/Mechanics/DeathZone.cs
  artifactKey: Guid(f9473387ae50744bf946308793bd64e9) Importer(2089858483,0ecaa5967403d082aa24f35e1b516d23)
Start importing Assets/Scripts/Mechanics/DeathZone.cs using Guid(f9473387ae50744bf946308793bd64e9) Importer(2089858483,0ecaa5967403d082aa24f35e1b516d23) [PhysX] Initialized MultithreadedTaskDispatcher with 12 workers.
 -> (artifact id: '6487f81db3d881b79b97d0f88ded755c') in 0.011042 seconds
Number of updated asset objects reloaded before import = 0
Number of asset objects unloaded after import = 1
========================================================================
Received Import Request.
  Time since last request: 0.000017 seconds.
  path: Assets/Scripts/Mechanics/TokenInstance.cs
  artifactKey: Guid(92e2dcc1fb4364cdf887c66f39f76f82) Importer(2089858483,0ecaa5967403d082aa24f35e1b516d23)
Start importing Assets/Scripts/Mechanics/TokenInstance.cs using Guid(92e2dcc1fb4364cdf887c66f39f76f82) Importer(2089858483,0ecaa5967403d082aa24f35e1b516d23) [PhysX] Initialized MultithreadedTaskDispatcher with 12 workers.
 -> (artifact id: '5ae2f141da12cb7f3cb4e6e92da66e8c') in 0.010287 seconds
Number of updated asset objects reloaded before import = 0
Number of asset objects unloaded after import = 1
========================================================================
Received Import Request.
  Time since last request: 0.000016 seconds.
  path: Assets/Scripts/Core/Quit.cs
  artifactKey: Guid(c42d508495ca0a544b0ee95f041cb653) Importer(2089858483,0ecaa5967403d082aa24f35e1b516d23)
Start importing Assets/Scripts/Core/Quit.cs using Guid(c42d508495ca0a544b0ee95f041cb653) Importer(2089858483,0ecaa5967403d082aa24f35e1b516d23) [PhysX] Initialized MultithreadedTaskDispatcher with 12 workers.
 -> (artifact id: '8853ff92e82fa180791449640e14bbcd') in 0.008410 seconds
Number of updated asset objects reloaded before import = 0
Number of asset objects unloaded after import = 1
========================================================================
Received Import Request.
  Time since last request: 0.000015 seconds.
  path: Assets/Mod Assets/Trail Prefabs/SubtleTrail.prefab
  artifactKey: Guid(66a23a41bc72040c580ec1ae0a348142) Importer(2089858483,0ecaa5967403d082aa24f35e1b516d23)
Start importing Assets/Mod Assets/Trail Prefabs/SubtleTrail.prefab using Guid(66a23a41bc72040c580ec1ae0a348142) Importer(2089858483,0ecaa5967403d082aa24f35e1b516d23) [PhysX] Initialized MultithreadedTaskDispatcher with 12 workers.
 -> (artifact id: '9a2ad95b67e9b1b467934b725e414048') in 0.025448 seconds
Number of updated asset objects reloaded before import = 0
Number of asset objects unloaded after import = 5
========================================================================
Received Import Request.
  Time since last request: 0.000013 seconds.
  path: Assets/Scripts/Core/Simulation.cs
  artifactKey: Guid(49acb6b35735642baab9470acce76368) Importer(2089858483,0ecaa5967403d082aa24f35e1b516d23)
Start importing Assets/Scripts/Core/Simulation.cs using Guid(49acb6b35735642baab9470acce76368) Importer(2089858483,0ecaa5967403d082aa24f35e1b516d23) [PhysX] Initialized MultithreadedTaskDispatcher with 12 workers.
 -> (artifact id: 'c0edf94b512c8776da653d66f5b0699a') in 0.010159 seconds
Number of updated asset objects reloaded before import = 0
Number of asset objects unloaded after import = 1
========================================================================
Received Import Request.
  Time since last request: 0.000016 seconds.
  path: Assets/Scripts/Gameplay/PlayerStopJump.cs
  artifactKey: Guid(f192dfa6aa5634c23ad0160e80332bde) Importer(2089858483,0ecaa5967403d082aa24f35e1b516d23)
Start importing Assets/Scripts/Gameplay/PlayerStopJump.cs using Guid(f192dfa6aa5634c23ad0160e80332bde) Importer(2089858483,0ecaa5967403d082aa24f35e1b516d23) [PhysX] Initialized MultithreadedTaskDispatcher with 12 workers.
 -> (artifact id: 'ca2364f77723d5e60f8920c8d93a3803') in 0.011551 seconds
Number of updated asset objects reloaded before import = 0
Number of asset objects unloaded after import = 1
========================================================================
Received Import Request.
  Time since last request: 0.000018 seconds.
  path: Assets/Scripts/Gameplay/EnemyDeath.cs
  artifactKey: Guid(372c5a0e9ae09479a837b93ab71d1e7a) Importer(2089858483,0ecaa5967403d082aa24f35e1b516d23)
Start importing Assets/Scripts/Gameplay/EnemyDeath.cs using Guid(372c5a0e9ae09479a837b93ab71d1e7a) Importer(2089858483,0ecaa5967403d082aa24f35e1b516d23) [PhysX] Initialized MultithreadedTaskDispatcher with 12 workers.
 -> (artifact id: '0f34a0671952ee7c18a3388aa7c7ef9b') in 0.010798 seconds
Number of updated asset objects reloaded before import = 0
Number of asset objects unloaded after import = 1
========================================================================
Received Import Request.
  Time since last request: 0.000016 seconds.
  path: Assets/Scripts/Gameplay/HealthIsZero.cs
  artifactKey: Guid(292255fa2d1a944a18cc65545b54cbe1) Importer(2089858483,0ecaa5967403d082aa24f35e1b516d23)
Start importing Assets/Scripts/Gameplay/HealthIsZero.cs using Guid(292255fa2d1a944a18cc65545b54cbe1) Importer(2089858483,0ecaa5967403d082aa24f35e1b516d23) [PhysX] Initialized MultithreadedTaskDispatcher with 12 workers.
 -> (artifact id: 'f79939169eb2a7062f7787111f85a712') in 0.011596 seconds
Number of updated asset objects reloaded before import = 0
Number of asset objects unloaded after import = 1
========================================================================
Received Import Request.
  Time since last request: 0.000023 seconds.
  path: Assets/TextMesh Pro/Documentation/TextMesh Pro User Guide 2016.pdf
  artifactKey: Guid(1b8d251f9af63b746bf2f7ffe00ebb9b) Importer(2089858483,0ecaa5967403d082aa24f35e1b516d23)
Start importing Assets/TextMesh Pro/Documentation/TextMesh Pro User Guide 2016.pdf using Guid(1b8d251f9af63b746bf2f7ffe00ebb9b) Importer(2089858483,0ecaa5967403d082aa24f35e1b516d23) [PhysX] Initialized MultithreadedTaskDispatcher with 12 workers.
 -> (artifact id: '0eea3f581c0b6a3f665c16a7382e1a83') in 0.010623 seconds
Number of updated asset objects reloaded before import = 0
Number of asset objects unloaded after import = 1
========================================================================
Received Import Request.
  Time since last request: 0.000016 seconds.
  path: Assets/Scripts/Mechanics/PlayAudioClip.cs
  artifactKey: Guid(1715bf1b7a5e8480aba89c75b75ce7cd) Importer(2089858483,0ecaa5967403d082aa24f35e1b516d23)
Start importing Assets/Scripts/Mechanics/PlayAudioClip.cs using Guid(1715bf1b7a5e8480aba89c75b75ce7cd) Importer(2089858483,0ecaa5967403d082aa24f35e1b516d23) [PhysX] Initialized MultithreadedTaskDispatcher with 12 workers.
 -> (artifact id: '2ad1314f0b41f6fee239e0f4a24c992b') in 0.011920 seconds
Number of updated asset objects reloaded before import = 0
Number of asset objects unloaded after import = 1
========================================================================
Received Import Request.
  Time since last request: 0.000014 seconds.
  path: Assets/Scripts/Model/PlatformerModel.cs
  artifactKey: Guid(76778dfacd2bc4a1993874eec5ccfe34) Importer(2089858483,0ecaa5967403d082aa24f35e1b516d23)
Start importing Assets/Scripts/Model/PlatformerModel.cs using Guid(76778dfacd2bc4a1993874eec5ccfe34) Importer(2089858483,0ecaa5967403d082aa24f35e1b516d23) [PhysX] Initialized MultithreadedTaskDispatcher with 12 workers.
 -> (artifact id: 'af4db966016c406749945402a0545bd0') in 0.010674 seconds
Number of updated asset objects reloaded before import = 0
Number of asset objects unloaded after import = 1
========================================================================
Received Import Request.
  Time since last request: 0.000014 seconds.
  path: Assets/Scripts/Mechanics/TokenController.cs
  artifactKey: Guid(8eabb3e8a9f87443da0ea2a1a2101fb8) Importer(2089858483,0ecaa5967403d082aa24f35e1b516d23)
Start importing Assets/Scripts/Mechanics/TokenController.cs using Guid(8eabb3e8a9f87443da0ea2a1a2101fb8) Importer(2089858483,0ecaa5967403d082aa24f35e1b516d23) [PhysX] Initialized MultithreadedTaskDispatcher with 12 workers.
 -> (artifact id: 'df38f3755a8f7329cd9e033d7b9167b9') in 0.022946 seconds
Number of updated asset objects reloaded before import = 0
Number of asset objects unloaded after import = 1
========================================================================
Received Import Request.
  Time since last request: 0.000017 seconds.
  path: Assets/Mod Assets/Bounce Effect Prefabs/BouncySparkly.prefab
  artifactKey: Guid(757c3553bc78148bab809d2e1d440dcf) Importer(2089858483,0ecaa5967403d082aa24f35e1b516d23)
Start importing Assets/Mod Assets/Bounce Effect Prefabs/BouncySparkly.prefab using Guid(757c3553bc78148bab809d2e1d440dcf) Importer(2089858483,0ecaa5967403d082aa24f35e1b516d23) [PhysX] Initialized MultithreadedTaskDispatcher with 12 workers.
 -> (artifact id: '987e7bee482fcc0698e4ba3cc8c34f32') in 0.010540 seconds
Number of updated asset objects reloaded before import = 0
Number of asset objects unloaded after import = 0
========================================================================
Received Import Request.
  Time since last request: 0.000017 seconds.
  path: Assets/TextMesh Pro/Resources/TMP Settings.asset
  artifactKey: Guid(3f5b5dff67a942289a9defa416b206f3) Importer(2089858483,0ecaa5967403d082aa24f35e1b516d23)
Start importing Assets/TextMesh Pro/Resources/TMP Settings.asset using Guid(3f5b5dff67a942289a9defa416b206f3) Importer(2089858483,0ecaa5967403d082aa24f35e1b516d23) [PhysX] Initialized MultithreadedTaskDispatcher with 12 workers.
 -> (artifact id: '4234feeb2534e2ae64b23f90d9990d2a') in 0.048204 seconds
Number of updated asset objects reloaded before import = 0
Number of asset objects unloaded after import = 11
========================================================================
Received Import Request.
  Time since last request: 0.000014 seconds.
  path: Assets/Scripts/Core/Fuzzy.cs
  artifactKey: Guid(83505d070f34d4a13807e938baeb0cbb) Importer(2089858483,0ecaa5967403d082aa24f35e1b516d23)
Start importing Assets/Scripts/Core/Fuzzy.cs using Guid(83505d070f34d4a13807e938baeb0cbb) Importer(2089858483,0ecaa5967403d082aa24f35e1b516d23) [PhysX] Initialized MultithreadedTaskDispatcher with 12 workers.
 -> (artifact id: 'b276359d2054ba127675aea399c0f53a') in 0.011479 seconds
Number of updated asset objects reloaded before import = 0
Number of asset objects unloaded after import = 1
========================================================================
Received Import Request.
  Time since last request: 0.000017 seconds.
  path: Assets/Mod Assets/Custom Materials/Modulate.mat
  artifactKey: Guid(84ea6144bfb124db4931bad91ce2b996) Importer(2089858483,0ecaa5967403d082aa24f35e1b516d23)
Start importing Assets/Mod Assets/Custom Materials/Modulate.mat using Guid(84ea6144bfb124db4931bad91ce2b996) Importer(2089858483,0ecaa5967403d082aa24f35e1b516d23) [PhysX] Initialized MultithreadedTaskDispatcher with 12 workers.
 -> (artifact id: '9ca453a187189d2a21f200cf6dd13045') in 0.010246 seconds
Number of updated asset objects reloaded before import = 0
Number of asset objects unloaded after import = 1
========================================================================
Received Import Request.
  Time since last request: 0.000013 seconds.
  path: Assets/Tutorials/PlatformerIcon.png
  artifactKey: Guid(f792378c1b6aa4c3c95bb1c9e55cd7d7) Importer(2089858483,0ecaa5967403d082aa24f35e1b516d23)
Start importing Assets/Tutorials/PlatformerIcon.png using Guid(f792378c1b6aa4c3c95bb1c9e55cd7d7) Importer(2089858483,0ecaa5967403d082aa24f35e1b516d23) [PhysX] Initialized MultithreadedTaskDispatcher with 12 workers.
 -> (artifact id: '52fa847caf10166b027fead5221fd154') in 0.023058 seconds
Number of updated asset objects reloaded before import = 0
Number of asset objects unloaded after import = 3
========================================================================
Received Import Request.
  Time since last request: 0.000018 seconds.
  path: Assets/Settings/High_PipelineAsset_ForwardRenderer.asset
  artifactKey: Guid(22206c6295b02ba4faf8d17839ce1206) Importer(2089858483,0ecaa5967403d082aa24f35e1b516d23)
Start importing Assets/Settings/High_PipelineAsset_ForwardRenderer.asset using Guid(22206c6295b02ba4faf8d17839ce1206) Importer(2089858483,0ecaa5967403d082aa24f35e1b516d23) [PhysX] Initialized MultithreadedTaskDispatcher with 12 workers.
 -> (artifact id: '47889181c291bdd23dcab73cecd028b1') in 0.015199 seconds
Number of updated asset objects reloaded before import = 0
Number of asset objects unloaded after import = 1
========================================================================
Received Import Request.
  Time since last request: 0.000018 seconds.
  path: Assets/Scripts/Gameplay/PlayerEnemyCollision.cs
  artifactKey: Guid(c8dbdd402c7594d3984ae281ba568775) Importer(2089858483,0ecaa5967403d082aa24f35e1b516d23)
Start importing Assets/Scripts/Gameplay/PlayerEnemyCollision.cs using Guid(c8dbdd402c7594d3984ae281ba568775) Importer(2089858483,0ecaa5967403d082aa24f35e1b516d23) [PhysX] Initialized MultithreadedTaskDispatcher with 12 workers.
 -> (artifact id: '8ed7a3bf64b799b1769d58e7eb2a8ca3') in 0.019592 seconds
Number of updated asset objects reloaded before import = 0
Number of asset objects unloaded after import = 1
========================================================================
Received Import Request.
  Time since last request: 0.000022 seconds.
  path: Assets/Environment/Sprites/mountains.png
  artifactKey: Guid(ae15cd3a7745ebf48a7b644b11834130) Importer(2089858483,0ecaa5967403d082aa24f35e1b516d23)
Start importing Assets/Environment/Sprites/mountains.png using Guid(ae15cd3a7745ebf48a7b644b11834130) Importer(2089858483,0ecaa5967403d082aa24f35e1b516d23) [PhysX] Initialized MultithreadedTaskDispatcher with 12 workers.
 -> (artifact id: '320ff1d0f2c13bf992b19baf4015a3f5') in 0.015765 seconds
Number of updated asset objects reloaded before import = 0
Number of asset objects unloaded after import = 3
========================================================================
Received Import Request.
  Time since last request: 0.000015 seconds.
  path: Assets/Scripts/Mechanics/AnimationController.cs
  artifactKey: Guid(be4d02721cd9d4baa869d3b890cec48f) Importer(2089858483,0ecaa5967403d082aa24f35e1b516d23)
Start importing Assets/Scripts/Mechanics/AnimationController.cs using Guid(be4d02721cd9d4baa869d3b890cec48f) Importer(2089858483,0ecaa5967403d082aa24f35e1b516d23) [PhysX] Initialized MultithreadedTaskDispatcher with 12 workers.
 -> (artifact id: '1f45a384dd3a68316bd3deebd26dbb50') in 0.011900 seconds
Number of updated asset objects reloaded before import = 0
Number of asset objects unloaded after import = 1
========================================================================
Received Import Request.
  Time since last request: 0.000018 seconds.
  path: Assets/Environment/Sprites/hillside.png
  artifactKey: Guid(6484ca7da7c3c4b4f81cadedb9b18e9b) Importer(2089858483,0ecaa5967403d082aa24f35e1b516d23)
Start importing Assets/Environment/Sprites/hillside.png using Guid(6484ca7da7c3c4b4f81cadedb9b18e9b) Importer(2089858483,0ecaa5967403d082aa24f35e1b516d23) [PhysX] Initialized MultithreadedTaskDispatcher with 12 workers.
 -> (artifact id: '02007a0168c2d27cebd4c7d388cd9945') in 0.014951 seconds
Number of updated asset objects reloaded before import = 0
Number of asset objects unloaded after import = 3
========================================================================
Received Import Request.
  Time since last request: 0.000014 seconds.
  path: Assets/Prefabs/UI Canvas.prefab
  artifactKey: Guid(9a1bd12ebb35d4dc997aa0c5494eda9b) Importer(2089858483,0ecaa5967403d082aa24f35e1b516d23)
Start importing Assets/Prefabs/UI Canvas.prefab using Guid(9a1bd12ebb35d4dc997aa0c5494eda9b) Importer(2089858483,0ecaa5967403d082aa24f35e1b516d23) [PhysX] Initialized MultithreadedTaskDispatcher with 12 workers.
 -> (artifact id: 'b1c87b0b5f934e2664ef8f11f9fc06b7') in 0.009883 seconds
Number of updated asset objects reloaded before import = 0
Number of asset objects unloaded after import = 0
========================================================================
Received Import Request.
  Time since last request: 0.000028 seconds.
  path: Assets/Settings/Very Low_PipelineAsset.asset
  artifactKey: Guid(0567e0382a44b18468a17351a0abef99) Importer(2089858483,0ecaa5967403d082aa24f35e1b516d23)
Start importing Assets/Settings/Very Low_PipelineAsset.asset using Guid(0567e0382a44b18468a17351a0abef99) Importer(2089858483,0ecaa5967403d082aa24f35e1b516d23) [PhysX] Initialized MultithreadedTaskDispatcher with 12 workers.
 -> (artifact id: '3461bbb3414db3ef883a84d597fce09e') in 0.014460 seconds
Number of updated asset objects reloaded before import = 0
Number of asset objects unloaded after import = 2
========================================================================
Received Import Request.
  Time since last request: 0.000014 seconds.
  path: Assets/Mod Assets/Powerup Prefabs/Bouncepad.prefab
  artifactKey: Guid(dd00d6cc7f67e5e45afd4c44b776fd91) Importer(2089858483,0ecaa5967403d082aa24f35e1b516d23)
Start importing Assets/Mod Assets/Powerup Prefabs/Bouncepad.prefab using Guid(dd00d6cc7f67e5e45afd4c44b776fd91) Importer(2089858483,0ecaa5967403d082aa24f35e1b516d23) [PhysX] Initialized MultithreadedTaskDispatcher with 12 workers.
 -> (artifact id: '36b1e48657a644cf2710286da81e5b91') in 0.009161 seconds
Number of updated asset objects reloaded before import = 0
Number of asset objects unloaded after import = 0
========================================================================
Received Import Request.
  Time since last request: 0.000015 seconds.
  path: Assets/Tutorials/EditColors/3 EditColors.asset
  artifactKey: Guid(5d0306ad1c1d347ed8eb91190a9e45c2) Importer(2089858483,0ecaa5967403d082aa24f35e1b516d23)
Start importing Assets/Tutorials/EditColors/3 EditColors.asset using Guid(5d0306ad1c1d347ed8eb91190a9e45c2) Importer(2089858483,0ecaa5967403d082aa24f35e1b516d23) [PhysX] Initialized MultithreadedTaskDispatcher with 12 workers.
 -> (artifact id: '8769a96c96e2190601c5322ec3bf4b6b') in 0.083987 seconds
Number of updated asset objects reloaded before import = 0
Number of asset objects unloaded after import = 136
========================================================================
Received Import Request.
  Time since last request: 0.000015 seconds.
  path: Assets/Tutorials/EditorControls/EditorControls 06-Zoom-Scene.asset
  artifactKey: Guid(a2e36b4c574d748b99f00191d18a7deb) Importer(2089858483,0ecaa5967403d082aa24f35e1b516d23)
Start importing Assets/Tutorials/EditorControls/EditorControls 06-Zoom-Scene.asset using Guid(a2e36b4c574d748b99f00191d18a7deb) Importer(2089858483,0ecaa5967403d082aa24f35e1b516d23) [PhysX] Initialized MultithreadedTaskDispatcher with 12 workers.
 -> (artifact id: '5101f5736be13f96ada0cf301d72aef0') in 0.017050 seconds
Number of updated asset objects reloaded before import = 0
Number of asset objects unloaded after import = 4
========================================================================
Received Import Request.
  Time since last request: 0.000028 seconds.
  path: Assets/Tutorials/AddAnEnemy/EnemyPrefabLayout.wlt
  artifactKey: Guid(aabebff491dfd4297a7e001a33a1fa1a) Importer(2089858483,0ecaa5967403d082aa24f35e1b516d23)
Start importing Assets/Tutorials/AddAnEnemy/EnemyPrefabLayout.wlt using Guid(aabebff491dfd4297a7e001a33a1fa1a) Importer(2089858483,0ecaa5967403d082aa24f35e1b516d23) [PhysX] Initialized MultithreadedTaskDispatcher with 12 workers.
 -> (artifact id: '2430b425eb66c2a689c8ecbad63270b0') in 0.008642 seconds
Number of updated asset objects reloaded before import = 0
Number of asset objects unloaded after import = 1
========================================================================
Received Import Request.
  Time since last request: 0.000024 seconds.
  path: Assets/Tutorials/BuildAndPublish/BuildAndPublish 010.asset
  artifactKey: Guid(fcca6e4cbcfd27e49bf16a7c3a6eb019) Importer(2089858483,0ecaa5967403d082aa24f35e1b516d23)
Start importing Assets/Tutorials/BuildAndPublish/BuildAndPublish 010.asset using Guid(fcca6e4cbcfd27e49bf16a7c3a6eb019) Importer(2089858483,0ecaa5967403d082aa24f35e1b516d23) [PhysX] Initialized MultithreadedTaskDispatcher with 12 workers.
 -> (artifact id: '2a60aaea6671480a4427ffde64d20ff9') in 0.012789 seconds
Number of updated asset objects reloaded before import = 0
Number of asset objects unloaded after import = 4
========================================================================
Received Import Request.
  Time since last request: 0.000015 seconds.
  path: Assets/TextMesh Pro/Sprites/EmojiOne.png
  artifactKey: Guid(dffef66376be4fa480fb02b19edbe903) Importer(2089858483,0ecaa5967403d082aa24f35e1b516d23)
Start importing Assets/TextMesh Pro/Sprites/EmojiOne.png using Guid(dffef66376be4fa480fb02b19edbe903) Importer(2089858483,0ecaa5967403d082aa24f35e1b516d23) [PhysX] Initialized MultithreadedTaskDispatcher with 12 workers.
 -> (artifact id: '918ce3dcb0aaebffac4990fe80580e3e') in 0.016113 seconds
Number of updated asset objects reloaded before import = 0
Number of asset objects unloaded after import = 1
========================================================================
Received Import Request.
  Time since last request: 0.000015 seconds.
  path: Assets/Tutorials/EditorControls/2 EditorControls.asset
  artifactKey: Guid(97ff54290d4d54a86b2e22ed724ab843) Importer(2089858483,0ecaa5967403d082aa24f35e1b516d23)
Start importing Assets/Tutorials/EditorControls/2 EditorControls.asset using Guid(97ff54290d4d54a86b2e22ed724ab843) Importer(2089858483,0ecaa5967403d082aa24f35e1b516d23) [PhysX] Initialized MultithreadedTaskDispatcher with 12 workers.
 -> (artifact id: 'f3fb792c21d908415aad65dc3d076115') in 0.072560 seconds
Number of updated asset objects reloaded before import = 0
Number of asset objects unloaded after import = 136
========================================================================
Received Import Request.
  Time since last request: 0.000016 seconds.
  path: Assets/Tutorials/AddAnEnemy/AddAnEnemy 040.asset
  artifactKey: Guid(46684c162973f4cffa567151334e2457) Importer(2089858483,0ecaa5967403d082aa24f35e1b516d23)
Start importing Assets/Tutorials/AddAnEnemy/AddAnEnemy 040.asset using Guid(46684c162973f4cffa567151334e2457) Importer(2089858483,0ecaa5967403d082aa24f35e1b516d23) [PhysX] Initialized MultithreadedTaskDispatcher with 12 workers.
 -> (artifact id: '00eee5faa8d6a450acb9bb631ce18b82') in 0.079016 seconds
Number of updated asset objects reloaded before import = 0
Number of asset objects unloaded after import = 136
========================================================================
Received Import Request.
  Time since last request: 0.000016 seconds.
  path: Assets/Tutorials/EditColors/WT-Sprite-Color.png
  artifactKey: Guid(0aa8ba82709a24241885cb2322326094) Importer(2089858483,0ecaa5967403d082aa24f35e1b516d23)
Start importing Assets/Tutorials/EditColors/WT-Sprite-Color.png using Guid(0aa8ba82709a24241885cb2322326094) Importer(2089858483,0ecaa5967403d082aa24f35e1b516d23) [PhysX] Initialized MultithreadedTaskDispatcher with 12 workers.
 -> (artifact id: '6fe10002cfc91f2022194506ae1e24ec') in 0.026429 seconds
Number of updated asset objects reloaded before import = 0
Number of asset objects unloaded after import = 3
========================================================================
Received Import Request.
  Time since last request: 0.000020 seconds.
  path: Assets/Tutorials/EditorControls/EditorControls 07-Select-Object.asset
  artifactKey: Guid(ed23ec0a283764ccfb7663a95b0e6140) Importer(2089858483,0ecaa5967403d082aa24f35e1b516d23)
Start importing Assets/Tutorials/EditorControls/EditorControls 07-Select-Object.asset using Guid(ed23ec0a283764ccfb7663a95b0e6140) Importer(2089858483,0ecaa5967403d082aa24f35e1b516d23) [PhysX] Initialized MultithreadedTaskDispatcher with 12 workers.
 -> (artifact id: '070023397752a2d308b18b193f42451d') in 0.017889 seconds
Number of updated asset objects reloaded before import = 0
Number of asset objects unloaded after import = 6
========================================================================
Received Import Request.
  Time since last request: 0.000027 seconds.
  path: Assets/TextMesh Pro/Sprites/EmojiOne Attribution.txt
  artifactKey: Guid(381dcb09d5029d14897e55f98031fca5) Importer(2089858483,0ecaa5967403d082aa24f35e1b516d23)
Start importing Assets/TextMesh Pro/Sprites/EmojiOne Attribution.txt using Guid(381dcb09d5029d14897e55f98031fca5) Importer(2089858483,0ecaa5967403d082aa24f35e1b516d23) [PhysX] Initialized MultithreadedTaskDispatcher with 12 workers.
 -> (artifact id: '79270dd832141fff1c22b94cfa85740c') in 0.020303 seconds
Number of updated asset objects reloaded before import = 0
Number of asset objects unloaded after import = 1
========================================================================
Received Import Request.
  Time since last request: 0.000018 seconds.
  path: Assets/Tutorials/BuildAndPublish/header-completed.png
  artifactKey: Guid(6cfb2b038fd554ea98621af589e38de2) Importer(2089858483,0ecaa5967403d082aa24f35e1b516d23)
Start importing Assets/Tutorials/BuildAndPublish/header-completed.png using Guid(6cfb2b038fd554ea98621af589e38de2) Importer(2089858483,0ecaa5967403d082aa24f35e1b516d23) [PhysX] Initialized MultithreadedTaskDispatcher with 12 workers.
 -> (artifact id: 'd1da79c52be9443f3e80e88a4dc542c5') in 0.016812 seconds
Number of updated asset objects reloaded before import = 0
Number of asset objects unloaded after import = 1
========================================================================
Received Import Request.
  Time since last request: 0.000018 seconds.
  path: Assets/Tutorials/BuildAndPublish/WT-Publish-Click.mov
  artifactKey: Guid(9a57a535c647a4a9aa37a3512e533a12) Importer(2089858483,0ecaa5967403d082aa24f35e1b516d23)
Start importing Assets/Tutorials/BuildAndPublish/WT-Publish-Click.mov using Guid(9a57a535c647a4a9aa37a3512e533a12) Importer(2089858483,0ecaa5967403d082aa24f35e1b516d23) [PhysX] Initialized MultithreadedTaskDispatcher with 12 workers.
 -> (artifact id: '4b840ca21952d9c9f1a986c0112ab2c4') in 0.009997 seconds
Number of updated asset objects reloaded before import = 0
Number of asset objects unloaded after import = 1
========================================================================
Received Import Request.
  Time since last request: 0.000019 seconds.
  path: Assets/Tutorials/BuildAndPublish/BuildAndPublish 014.asset
  artifactKey: Guid(eb4604b43980b3740a07722643b2ecbe) Importer(2089858483,0ecaa5967403d082aa24f35e1b516d23)
Start importing Assets/Tutorials/BuildAndPublish/BuildAndPublish 014.asset using Guid(eb4604b43980b3740a07722643b2ecbe) Importer(2089858483,0ecaa5967403d082aa24f35e1b516d23) [PhysX] Initialized MultithreadedTaskDispatcher with 12 workers.
 -> (artifact id: '6ec19cf3501a03e9a33171888a771966') in 0.015159 seconds
Number of updated asset objects reloaded before import = 0
Number of asset objects unloaded after import = 5
========================================================================
Received Import Request.
  Time since last request: 0.000015 seconds.
  path: Assets/Tutorials/BuildAndPublish/WT-Publish.png
  artifactKey: Guid(3158e76594f2c37418ede32eca8ee207) Importer(2089858483,0ecaa5967403d082aa24f35e1b516d23)
Start importing Assets/Tutorials/BuildAndPublish/WT-Publish.png using Guid(3158e76594f2c37418ede32eca8ee207) Importer(2089858483,0ecaa5967403d082aa24f35e1b516d23) [PhysX] Initialized MultithreadedTaskDispatcher with 12 workers.
 -> (artifact id: 'dfdf7c3b4a5c8441fda0d525e08cc24f') in 0.016025 seconds
Number of updated asset objects reloaded before import = 0
Number of asset objects unloaded after import = 1
========================================================================
Received Import Request.
  Time since last request: 0.000014 seconds.
  path: Assets/Tutorials/BuildAndPublish/WT-Sign-In.png
  artifactKey: Guid(9a16bbce5eded43a6888104b05ae9bd0) Importer(2089858483,0ecaa5967403d082aa24f35e1b516d23)
Start importing Assets/Tutorials/BuildAndPublish/WT-Sign-In.png using Guid(9a16bbce5eded43a6888104b05ae9bd0) Importer(2089858483,0ecaa5967403d082aa24f35e1b516d23) [PhysX] Initialized MultithreadedTaskDispatcher with 12 workers.
 -> (artifact id: '5a934d40554a2308e1e12228445e7128') in 0.017228 seconds
Number of updated asset objects reloaded before import = 0
Number of asset objects unloaded after import = 1
========================================================================
Received Import Request.
  Time since last request: 0.000016 seconds.
  path: Assets/Tutorials/AddAnEnemy/AddAnEnemy 005.asset
  artifactKey: Guid(0dc14045fb36344f4bf9f8e3a8d37ffe) Importer(2089858483,0ecaa5967403d082aa24f35e1b516d23)
Start importing Assets/Tutorials/AddAnEnemy/AddAnEnemy 005.asset using Guid(0dc14045fb36344f4bf9f8e3a8d37ffe) Importer(2089858483,0ecaa5967403d082aa24f35e1b516d23) [PhysX] Initialized MultithreadedTaskDispatcher with 12 workers.
 -> (artifact id: 'bce19f956755ff4e3015fb20058b0144') in 0.014593 seconds
Number of updated asset objects reloaded before import = 0
Number of asset objects unloaded after import = 3
========================================================================
Received Import Request.
  Time since last request: 0.000016 seconds.
  path: Assets/Tutorials/EditorControls/EditorControls 60-Done.asset
  artifactKey: Guid(e3dc744887c6e4362a59a5f0c10b2035) Importer(2089858483,0ecaa5967403d082aa24f35e1b516d23)
Start importing Assets/Tutorials/EditorControls/EditorControls 60-Done.asset using Guid(e3dc744887c6e4362a59a5f0c10b2035) Importer(2089858483,0ecaa5967403d082aa24f35e1b516d23) [PhysX] Initialized MultithreadedTaskDispatcher with 12 workers.
 -> (artifact id: '3d0f24c8fc822d4a0c09a02ecd7359f0') in 0.080440 seconds
Number of updated asset objects reloaded before import = 0
Number of asset objects unloaded after import = 136
========================================================================
Received Import Request.
  Time since last request: 0.000015 seconds.
  path: Assets/Mod Assets/2D Props/Ancient/Obelisk.prefab
  artifactKey: Guid(2ab74df90f3902b43bbc93eedcc7fbe4) Importer(2089858483,0ecaa5967403d082aa24f35e1b516d23)
Start importing Assets/Mod Assets/2D Props/Ancient/Obelisk.prefab using Guid(2ab74df90f3902b43bbc93eedcc7fbe4) Importer(2089858483,0ecaa5967403d082aa24f35e1b516d23) [PhysX] Initialized MultithreadedTaskDispatcher with 12 workers.
 -> (artifact id: 'f90cb6cc192208970dd37f78b5013f30') in 0.029482 seconds
Number of updated asset objects reloaded before import = 0
Number of asset objects unloaded after import = 8
========================================================================
Received Import Request.
  Time since last request: 0.000023 seconds.
  path: Assets/Tutorials/WhatsNext/WT-JuniorPgmr.png
  artifactKey: Guid(8d7d04bee915d874186cb9fe24374366) Importer(2089858483,0ecaa5967403d082aa24f35e1b516d23)
Start importing Assets/Tutorials/WhatsNext/WT-JuniorPgmr.png using Guid(8d7d04bee915d874186cb9fe24374366) Importer(2089858483,0ecaa5967403d082aa24f35e1b516d23) [PhysX] Initialized MultithreadedTaskDispatcher with 12 workers.
 -> (artifact id: '0a4c59e1bc70e42c6a2d0ed35dd4d8c5') in 0.014173 seconds
Number of updated asset objects reloaded before import = 0
Number of asset objects unloaded after import = 3
========================================================================
Received Import Request.
  Time since last request: 0.000016 seconds.
  path: Assets/Tutorials/Playtest/WT-Select-Property.mov
  artifactKey: Guid(87d213d9011a74f4790e16e70e97351b) Importer(2089858483,0ecaa5967403d082aa24f35e1b516d23)
Start importing Assets/Tutorials/Playtest/WT-Select-Property.mov using Guid(87d213d9011a74f4790e16e70e97351b) Importer(2089858483,0ecaa5967403d082aa24f35e1b516d23) [PhysX] Initialized MultithreadedTaskDispatcher with 12 workers.
 -> (artifact id: '38177682932ada8012d58e6b0c173092') in 0.010407 seconds
Number of updated asset objects reloaded before import = 0
Number of asset objects unloaded after import = 1
========================================================================
Received Import Request.
  Time since last request: 0.000018 seconds.
  path: Assets/Mod Assets/2D Props/Ancient/Pillar.prefab
  artifactKey: Guid(ab5640a546e165146a4f6cfefff2c4d6) Importer(2089858483,0ecaa5967403d082aa24f35e1b516d23)
Start importing Assets/Mod Assets/2D Props/Ancient/Pillar.prefab using Guid(ab5640a546e165146a4f6cfefff2c4d6) Importer(2089858483,0ecaa5967403d082aa24f35e1b516d23) [PhysX] Initialized MultithreadedTaskDispatcher with 12 workers.
 -> (artifact id: '41494e9d9d5d3e4617b4056034fcc2a1') in 0.042493 seconds
Number of updated asset objects reloaded before import = 0
Number of asset objects unloaded after import = 8
========================================================================
Received Import Request.
  Time since last request: 0.000016 seconds.
  path: Assets/Mod Assets/2D Props/Ancient/MoaiHead.prefab
  artifactKey: Guid(a2ede2a4824c2ce449415449a5d93482) Importer(2089858483,0ecaa5967403d082aa24f35e1b516d23)
Start importing Assets/Mod Assets/2D Props/Ancient/MoaiHead.prefab using Guid(a2ede2a4824c2ce449415449a5d93482) Importer(2089858483,0ecaa5967403d082aa24f35e1b516d23) [PhysX] Initialized MultithreadedTaskDispatcher with 12 workers.
 -> (artifact id: '3e45b4987f090c77c818e1cc13c81ed4') in 0.027628 seconds
Number of updated asset objects reloaded before import = 0
Number of asset objects unloaded after import = 8
========================================================================
Received Import Request.
  Time since last request: 0.000016 seconds.
  path: Assets/Tutorials/EditorControls/WT-Select-and-Frame.mov
  artifactKey: Guid(391160322e3334e87987cb97f1125c42) Importer(2089858483,0ecaa5967403d082aa24f35e1b516d23)
Start importing Assets/Tutorials/EditorControls/WT-Select-and-Frame.mov using Guid(391160322e3334e87987cb97f1125c42) Importer(2089858483,0ecaa5967403d082aa24f35e1b516d23) [PhysX] Initialized MultithreadedTaskDispatcher with 12 workers.
 -> (artifact id: 'd61df3fd7b39cd8a4f89c8c8d3006e78') in 0.021972 seconds
Number of updated asset objects reloaded before import = 0
Number of asset objects unloaded after import = 1
========================================================================
Received Import Request.
  Time since last request: 0.000017 seconds.
  path: Assets/Tutorials/Playtest/Playtest 10-Done.asset
  artifactKey: Guid(04f3f078480314da88c1a2b875c18b80) Importer(2089858483,0ecaa5967403d082aa24f35e1b516d23)
Start importing Assets/Tutorials/Playtest/Playtest 10-Done.asset using Guid(04f3f078480314da88c1a2b875c18b80) Importer(2089858483,0ecaa5967403d082aa24f35e1b516d23) [PhysX] Initialized MultithreadedTaskDispatcher with 12 workers.
 -> (artifact id: 'e6f436bf7de34dc75ee582bd90f084af') in 0.083405 seconds
Number of updated asset objects reloaded before import = 0
Number of asset objects unloaded after import = 136
========================================================================
Received Import Request.
  Time since last request: 0.000022 seconds.
  path: Assets/Tutorials/WhatsNext/WT-Essentials.png
  artifactKey: Guid(e6bde9c089de7ab41b8dde2e2938024b) Importer(2089858483,0ecaa5967403d082aa24f35e1b516d23)
Start importing Assets/Tutorials/WhatsNext/WT-Essentials.png using Guid(e6bde9c089de7ab41b8dde2e2938024b) Importer(2089858483,0ecaa5967403d082aa24f35e1b516d23) [PhysX] Initialized MultithreadedTaskDispatcher with 12 workers.
 -> (artifact id: 'd08f9c4e68eb145ee784234a97d831fd') in 0.014466 seconds
Number of updated asset objects reloaded before import = 0
Number of asset objects unloaded after import = 3
========================================================================
Received Import Request.
  Time since last request: 0.000023 seconds.
  path: Assets/Tutorials/EditColors/EditColors 20 - delete.asset
  artifactKey: Guid(6938093719faa485c8f62557dabb2ce2) Importer(2089858483,0ecaa5967403d082aa24f35e1b516d23)
Start importing Assets/Tutorials/EditColors/EditColors 20 - delete.asset using Guid(6938093719faa485c8f62557dabb2ce2) Importer(2089858483,0ecaa5967403d082aa24f35e1b516d23) [PhysX] Initialized MultithreadedTaskDispatcher with 12 workers.
 -> (artifact id: '9892e63f3a48130bbfe16b39a04b935a') in 0.023887 seconds
Number of updated asset objects reloaded before import = 0
Number of asset objects unloaded after import = 3
========================================================================
Received Import Request.
  Time since last request: 0.000017 seconds.
  path: Assets/Tutorials/AddAnEnemy/WT-Scale-Object.mov
  artifactKey: Guid(7f3cef5e0a5454fda88c29f03c3615ab) Importer(2089858483,0ecaa5967403d082aa24f35e1b516d23)
Start importing Assets/Tutorials/AddAnEnemy/WT-Scale-Object.mov using Guid(7f3cef5e0a5454fda88c29f03c3615ab) Importer(2089858483,0ecaa5967403d082aa24f35e1b516d23) [PhysX] Initialized MultithreadedTaskDispatcher with 12 workers.
 -> (artifact id: '922ce73d207e7ee037f98aceef8ace2b') in 0.020231 seconds
Number of updated asset objects reloaded before import = 0
Number of asset objects unloaded after import = 1
========================================================================
Received Import Request.
  Time since last request: 0.000018 seconds.
  path: Assets/Mod Assets/2D Props/Billboard Prefabs/BillboardBasic.prefab
  artifactKey: Guid(4091d26b994b6414cab06dc53284e1e9) Importer(2089858483,0ecaa5967403d082aa24f35e1b516d23)
Start importing Assets/Mod Assets/2D Props/Billboard Prefabs/BillboardBasic.prefab using Guid(4091d26b994b6414cab06dc53284e1e9) Importer(2089858483,0ecaa5967403d082aa24f35e1b516d23) [PhysX] Initialized MultithreadedTaskDispatcher with 12 workers.
 -> (artifact id: 'eab3f83c94457202c8cfba0e1f1988cf') in 0.057873 seconds
Number of updated asset objects reloaded before import = 0
Number of asset objects unloaded after import = 17
========================================================================
Received Import Request.
  Time since last request: 0.000014 seconds.
  path: Assets/Tutorials/AddAnEnemy/WT-Select-Move.mov
  artifactKey: Guid(08838b9a8e2894fa5bb97769d0279807) Importer(2089858483,0ecaa5967403d082aa24f35e1b516d23)
Start importing Assets/Tutorials/AddAnEnemy/WT-Select-Move.mov using Guid(08838b9a8e2894fa5bb97769d0279807) Importer(2089858483,0ecaa5967403d082aa24f35e1b516d23) [PhysX] Initialized MultithreadedTaskDispatcher with 12 workers.
 -> (artifact id: '9332713be8fc5b43ede8e0735cb83f9c') in 0.010905 seconds
Number of updated asset objects reloaded before import = 0
Number of asset objects unloaded after import = 1
========================================================================
Received Import Request.
  Time since last request: 0.000016 seconds.
  path: Assets/Tutorials/Playtest/Playtest 03-Exit-Play.asset
  artifactKey: Guid(9d8534870475e4fa9b66e42843a86a19) Importer(2089858483,0ecaa5967403d082aa24f35e1b516d23)
Start importing Assets/Tutorials/Playtest/Playtest 03-Exit-Play.asset using Guid(9d8534870475e4fa9b66e42843a86a19) Importer(2089858483,0ecaa5967403d082aa24f35e1b516d23) [PhysX] Initialized MultithreadedTaskDispatcher with 12 workers.
 -> (artifact id: 'dbf8458a24324c6448c8864fdb997786') in 0.013836 seconds
Number of updated asset objects reloaded before import = 0
Number of asset objects unloaded after import = 4
========================================================================
Received Import Request.
  Time since last request: 0.000016 seconds.
  path: Assets/Mod Assets/Environment Sprites Colored/Brown/fence_brown.png
  artifactKey: Guid(0d92e8a89df6b4e80a4182cd76ec42b1) Importer(2089858483,0ecaa5967403d082aa24f35e1b516d23)
Start importing Assets/Mod Assets/Environment Sprites Colored/Brown/fence_brown.png using Guid(0d92e8a89df6b4e80a4182cd76ec42b1) Importer(2089858483,0ecaa5967403d082aa24f35e1b516d23) [PhysX] Initialized MultithreadedTaskDispatcher with 12 workers.
 -> (artifact id: '69af2b9dd8043eb1d699e49b7e534b11') in 0.025381 seconds
Number of updated asset objects reloaded before import = 0
Number of asset objects unloaded after import = 3
========================================================================
Received Import Request.
  Time since last request: 0.000017 seconds.
  path: Assets/Mod Assets/2D Props/Nature/FirTree.prefab
  artifactKey: Guid(311a2f28e16c3fb4e964240be44c83b9) Importer(2089858483,0ecaa5967403d082aa24f35e1b516d23)
Start importing Assets/Mod Assets/2D Props/Nature/FirTree.prefab using Guid(311a2f28e16c3fb4e964240be44c83b9) Importer(2089858483,0ecaa5967403d082aa24f35e1b516d23) [PhysX] Initialized MultithreadedTaskDispatcher with 12 workers.
 -> (artifact id: 'aa9836d21c791e402ae28e1833e83ee4') in 0.041007 seconds
Number of updated asset objects reloaded before import = 0
Number of asset objects unloaded after import = 8
========================================================================
Received Import Request.
  Time since last request: 0.000015 seconds.
  path: Assets/Mod Assets/Environment Sprites Colored/Brown/midground_brown.png
  artifactKey: Guid(be24990b5509a4523ada538f9679ac39) Importer(2089858483,0ecaa5967403d082aa24f35e1b516d23)
Start importing Assets/Mod Assets/Environment Sprites Colored/Brown/midground_brown.png using Guid(be24990b5509a4523ada538f9679ac39) Importer(2089858483,0ecaa5967403d082aa24f35e1b516d23) [PhysX] Initialized MultithreadedTaskDispatcher with 12 workers.
 -> (artifact id: '4bf157a1a1faba4c75075017301d8a45') in 0.038385 seconds
Number of updated asset objects reloaded before import = 0
Number of asset objects unloaded after import = 3
========================================================================
Received Import Request.
  Time since last request: 0.000022 seconds.
  path: Assets/Mod Assets/Environment Sprites Colored/Brown/TileFloatingMiddle_red.png
  artifactKey: Guid(7d8817ae1a4704d98a8779961624e73a) Importer(2089858483,0ecaa5967403d082aa24f35e1b516d23)
Start importing Assets/Mod Assets/Environment Sprites Colored/Brown/TileFloatingMiddle_red.png using Guid(7d8817ae1a4704d98a8779961624e73a) Importer(2089858483,0ecaa5967403d082aa24f35e1b516d23) [PhysX] Initialized MultithreadedTaskDispatcher with 12 workers.
 -> (artifact id: '0ce90edcf627ce43272d95b47fbac2cb') in 0.020344 seconds
Number of updated asset objects reloaded before import = 0
Number of asset objects unloaded after import = 3
========================================================================
Received Import Request.
  Time since last request: 0.000016 seconds.
  path: Assets/Mod Assets/2D Props/Nature/FlowerBush.prefab
  artifactKey: Guid(41235e2b938a3ea40b02af6e6a8a7d30) Importer(2089858483,0ecaa5967403d082aa24f35e1b516d23)
Start importing Assets/Mod Assets/2D Props/Nature/FlowerBush.prefab using Guid(41235e2b938a3ea40b02af6e6a8a7d30) Importer(2089858483,0ecaa5967403d082aa24f35e1b516d23) [PhysX] Initialized MultithreadedTaskDispatcher with 12 workers.
 -> (artifact id: '6d4a8b6410d4b245cb3e00ffb6c612b7') in 0.031934 seconds
Number of updated asset objects reloaded before import = 0
Number of asset objects unloaded after import = 8
========================================================================
Received Import Request.
  Time since last request: 0.000020 seconds.
  path: Assets/Mod Assets/2D Props/Food/Licorice.prefab
  artifactKey: Guid(18bef1f0270dd5f40836039210252a0e) Importer(2089858483,0ecaa5967403d082aa24f35e1b516d23)
Start importing Assets/Mod Assets/2D Props/Food/Licorice.prefab using Guid(18bef1f0270dd5f40836039210252a0e) Importer(2089858483,0ecaa5967403d082aa24f35e1b516d23) [PhysX] Initialized MultithreadedTaskDispatcher with 12 workers.
 -> (artifact id: '3a1e8e48e1369af193ab90083c7b7c66') in 0.034717 seconds
Number of updated asset objects reloaded before import = 0
Number of asset objects unloaded after import = 8
========================================================================
Received Import Request.
  Time since last request: 0.000018 seconds.
  path: Assets/Mod Assets/2D Props/Space/Crystal.prefab
  artifactKey: Guid(2475c644a7bc7774da72a4e443afe9ac) Importer(2089858483,0ecaa5967403d082aa24f35e1b516d23)
Start importing Assets/Mod Assets/2D Props/Space/Crystal.prefab using Guid(2475c644a7bc7774da72a4e443afe9ac) Importer(2089858483,0ecaa5967403d082aa24f35e1b516d23) [PhysX] Initialized MultithreadedTaskDispatcher with 12 workers.
 -> (artifact id: '657ed01559cf495a8d4c9c6365b8e24f') in 0.038722 seconds
Number of updated asset objects reloaded before import = 0
Number of asset objects unloaded after import = 8
========================================================================
Received Import Request.
  Time since last request: 0.000017 seconds.
  path: Assets/Mod Assets/2D Props/Food/Donut.prefab
  artifactKey: Guid(b1c254a593a41bd44951a1fd01136f1d) Importer(2089858483,0ecaa5967403d082aa24f35e1b516d23)
Start importing Assets/Mod Assets/2D Props/Food/Donut.prefab using Guid(b1c254a593a41bd44951a1fd01136f1d) Importer(2089858483,0ecaa5967403d082aa24f35e1b516d23) [PhysX] Initialized MultithreadedTaskDispatcher with 12 workers.
 -> (artifact id: '379b1baa87d8265a55c612b88adcd98f') in 0.027265 seconds
Number of updated asset objects reloaded before import = 0
Number of asset objects unloaded after import = 8
========================================================================
Received Import Request.
  Time since last request: 0.000015 seconds.
  path: Assets/Mod Assets/2D Props/Food/Cookie.prefab
  artifactKey: Guid(02a7eb52a33a2de4fafd64660a1fe663) Importer(2089858483,0ecaa5967403d082aa24f35e1b516d23)
Start importing Assets/Mod Assets/2D Props/Food/Cookie.prefab using Guid(02a7eb52a33a2de4fafd64660a1fe663) Importer(2089858483,0ecaa5967403d082aa24f35e1b516d23) [PhysX] Initialized MultithreadedTaskDispatcher with 12 workers.
 -> (artifact id: '7800d83f35d86c62551976170b2a7ae7') in 0.029707 seconds
Number of updated asset objects reloaded before import = 0
Number of asset objects unloaded after import = 8
========================================================================
Received Import Request.
  Time since last request: 0.000015 seconds.
  path: Assets/Mod Assets/2D Props/Nature/Cactus.prefab
  artifactKey: Guid(49056c16ab63e6e44a3b6e4a5479e072) Importer(2089858483,0ecaa5967403d082aa24f35e1b516d23)
Start importing Assets/Mod Assets/2D Props/Nature/Cactus.prefab using Guid(49056c16ab63e6e44a3b6e4a5479e072) Importer(2089858483,0ecaa5967403d082aa24f35e1b516d23) [PhysX] Initialized MultithreadedTaskDispatcher with 12 workers.
 -> (artifact id: '8aeeb9d9db610ab2bcaf6307c483d6eb') in 0.014207 seconds
Number of updated asset objects reloaded before import = 0
Number of asset objects unloaded after import = 8
========================================================================
Received Import Request.
  Time since last request: 0.000017 seconds.
  path: Assets/Mod Assets/Environment Sprites Colored/Brown/TallBuilding_brown.png
  artifactKey: Guid(3c36b4c486ce84b388f40e751ed0edb1) Importer(2089858483,0ecaa5967403d082aa24f35e1b516d23)
Start importing Assets/Mod Assets/Environment Sprites Colored/Brown/TallBuilding_brown.png using Guid(3c36b4c486ce84b388f40e751ed0edb1) Importer(2089858483,0ecaa5967403d082aa24f35e1b516d23) [PhysX] Initialized MultithreadedTaskDispatcher with 12 workers.
 -> (artifact id: 'dcb32b20df3d24e9ac51d770fe3b22d5') in 0.028229 seconds
Number of updated asset objects reloaded before import = 0
Number of asset objects unloaded after import = 3
========================================================================
Received Import Request.
  Time since last request: 0.000027 seconds.
  path: Assets/Mod Assets/Environment Sprites Colored/Brown/cloud_brown.png
  artifactKey: Guid(aceab528aad394768a4d9a61af903866) Importer(2089858483,0ecaa5967403d082aa24f35e1b516d23)
Start importing Assets/Mod Assets/Environment Sprites Colored/Brown/cloud_brown.png using Guid(aceab528aad394768a4d9a61af903866) Importer(2089858483,0ecaa5967403d082aa24f35e1b516d23) [PhysX] Initialized MultithreadedTaskDispatcher with 12 workers.
 -> (artifact id: 'fc1f3e7f52fb05a43ecc13037bf703b9') in 0.024802 seconds
Number of updated asset objects reloaded before import = 0
Number of asset objects unloaded after import = 3
========================================================================
Received Import Request.
  Time since last request: 0.000015 seconds.
  path: Assets/Mod Assets/2D Props/Billboard Prefabs/BillboardTall.prefab
  artifactKey: Guid(fe65a6c2ced93428d9720493d56c3177) Importer(2089858483,0ecaa5967403d082aa24f35e1b516d23)
Start importing Assets/Mod Assets/2D Props/Billboard Prefabs/BillboardTall.prefab using Guid(fe65a6c2ced93428d9720493d56c3177) Importer(2089858483,0ecaa5967403d082aa24f35e1b516d23) [PhysX] Initialized MultithreadedTaskDispatcher with 12 workers.
 -> (artifact id: '8d44ed6d354129aa7df06c984c663b04') in 0.053364 seconds
Number of updated asset objects reloaded before import = 0
Number of asset objects unloaded after import = 17
========================================================================
Received Import Request.
  Time since last request: 0.000016 seconds.
  path: Assets/Mod Assets/Environment Sprites Colored/Brown/house_brown.png
  artifactKey: Guid(b81846ef5cfe344758af2068c1886e06) Importer(2089858483,0ecaa5967403d082aa24f35e1b516d23)
Start importing Assets/Mod Assets/Environment Sprites Colored/Brown/house_brown.png using Guid(b81846ef5cfe344758af2068c1886e06) Importer(2089858483,0ecaa5967403d082aa24f35e1b516d23) [PhysX] Initialized MultithreadedTaskDispatcher with 12 workers.
 -> (artifact id: 'e5768c44f96f4910630b9869b38605a3') in 0.064704 seconds
Number of updated asset objects reloaded before import = 0
Number of asset objects unloaded after import = 3
========================================================================
Received Import Request.
  Time since last request: 0.000018 seconds.
  path: Assets/Mod Assets/Environment Sprites Colored/Gold/TileGroundTop_yellow.png
  artifactKey: Guid(64814a8d749cd4fb096743f22a469411) Importer(2089858483,0ecaa5967403d082aa24f35e1b516d23)
Start importing Assets/Mod Assets/Environment Sprites Colored/Gold/TileGroundTop_yellow.png using Guid(64814a8d749cd4fb096743f22a469411) Importer(2089858483,0ecaa5967403d082aa24f35e1b516d23) [PhysX] Initialized MultithreadedTaskDispatcher with 12 workers.
 -> (artifact id: '7ec7f8747f37b564b023960827c4bcba') in 0.022584 seconds
Number of updated asset objects reloaded before import = 0
Number of asset objects unloaded after import = 3
========================================================================
Received Import Request.
  Time since last request: 0.000013 seconds.
  path: Assets/Mod Assets/Environment Sprites Colored/Green/fence_green.png
  artifactKey: Guid(0feaea75575634319bbb7906ba4f6fb2) Importer(2089858483,0ecaa5967403d082aa24f35e1b516d23)
Start importing Assets/Mod Assets/Environment Sprites Colored/Green/fence_green.png using Guid(0feaea75575634319bbb7906ba4f6fb2) Importer(2089858483,0ecaa5967403d082aa24f35e1b516d23) [PhysX] Initialized MultithreadedTaskDispatcher with 12 workers.
 -> (artifact id: '01b45cb37df9525c21c003d56852d0ab') in 0.022080 seconds
Number of updated asset objects reloaded before import = 0
Number of asset objects unloaded after import = 3
========================================================================
Received Import Request.
  Time since last request: 0.000013 seconds.
  path: Assets/Mod Assets/Environment Sprites Colored/Gold/ShortBuilding_yellow.png
  artifactKey: Guid(26a73491373bd4d21a8319a08156a761) Importer(2089858483,0ecaa5967403d082aa24f35e1b516d23)
Start importing Assets/Mod Assets/Environment Sprites Colored/Gold/ShortBuilding_yellow.png using Guid(26a73491373bd4d21a8319a08156a761) Importer(2089858483,0ecaa5967403d082aa24f35e1b516d23) [PhysX] Initialized MultithreadedTaskDispatcher with 12 workers.
 -> (artifact id: 'ea4baf150eef67f74c6784f56b710e7b') in 0.034440 seconds
Number of updated asset objects reloaded before import = 0
Number of asset objects unloaded after import = 3
========================================================================
Received Import Request.
  Time since last request: 0.000017 seconds.
  path: Assets/Mod Assets/Environment Sprites Colored/Gold/fence_yellow.png
  artifactKey: Guid(c3a509627b36e426897fff62e8c1f553) Importer(2089858483,0ecaa5967403d082aa24f35e1b516d23)
Start importing Assets/Mod Assets/Environment Sprites Colored/Gold/fence_yellow.png using Guid(c3a509627b36e426897fff62e8c1f553) Importer(2089858483,0ecaa5967403d082aa24f35e1b516d23) [PhysX] Initialized MultithreadedTaskDispatcher with 12 workers.
 -> (artifact id: 'edd749dd48246cc26b2baf2d0e887492') in 0.022341 seconds
Number of updated asset objects reloaded before import = 0
Number of asset objects unloaded after import = 3
========================================================================
Received Import Request.
  Time since last request: 0.000022 seconds.
  path: Assets/Mod Assets/Environment Sprites Colored/Green/MidgroundFiller_green.png
  artifactKey: Guid(f80cb9971cddf494bbf0c087eb3af547) Importer(2089858483,0ecaa5967403d082aa24f35e1b516d23)
Start importing Assets/Mod Assets/Environment Sprites Colored/Green/MidgroundFiller_green.png using Guid(f80cb9971cddf494bbf0c087eb3af547) Importer(2089858483,0ecaa5967403d082aa24f35e1b516d23) [PhysX] Initialized MultithreadedTaskDispatcher with 12 workers.
 -> (artifact id: '9fc7ba86b11bb78a8aa5bea236ab76db') in 0.024908 seconds
Number of updated asset objects reloaded before import = 0
Number of asset objects unloaded after import = 3
========================================================================
Received Import Request.
  Time since last request: 0.000020 seconds.
  path: Assets/Mod Assets/Environment Sprites Colored/Green/ShortBuilding_green.png
  artifactKey: Guid(427dc81beda3140108cf53f168e63838) Importer(2089858483,0ecaa5967403d082aa24f35e1b516d23)
Start importing Assets/Mod Assets/Environment Sprites Colored/Green/ShortBuilding_green.png using Guid(427dc81beda3140108cf53f168e63838) Importer(2089858483,0ecaa5967403d082aa24f35e1b516d23) [PhysX] Initialized MultithreadedTaskDispatcher with 12 workers.
 -> (artifact id: '27163695fdd1977fb498dde36ba1e0b5') in 0.025441 seconds
Number of updated asset objects reloaded before import = 0
Number of asset objects unloaded after import = 3
========================================================================
Received Import Request.
  Time since last request: 0.000030 seconds.
  path: Assets/Mod Assets/Environment Sprites Colored/Gold/plant_yellow.png
  artifactKey: Guid(b18572fb181224b5f98fff26efe9be59) Importer(2089858483,0ecaa5967403d082aa24f35e1b516d23)
Start importing Assets/Mod Assets/Environment Sprites Colored/Gold/plant_yellow.png using Guid(b18572fb181224b5f98fff26efe9be59) Importer(2089858483,0ecaa5967403d082aa24f35e1b516d23) [PhysX] Initialized MultithreadedTaskDispatcher with 12 workers.
 -> (artifact id: 'df596dcd833797c0b50e590edab3cf2c') in 0.033302 seconds
Number of updated asset objects reloaded before import = 0
Number of asset objects unloaded after import = 3
========================================================================
Received Import Request.
  Time since last request: 0.000016 seconds.
  path: Assets/Mod Assets/Environment Sprites Colored/Gold/TallBuilding_yellow.png
  artifactKey: Guid(3d6b1d1fd20464510a7cf17ae128e411) Importer(2089858483,0ecaa5967403d082aa24f35e1b516d23)
Start importing Assets/Mod Assets/Environment Sprites Colored/Gold/TallBuilding_yellow.png using Guid(3d6b1d1fd20464510a7cf17ae128e411) Importer(2089858483,0ecaa5967403d082aa24f35e1b516d23) [PhysX] Initialized MultithreadedTaskDispatcher with 12 workers.
 -> (artifact id: '0ddad548e9e9adb0598c395450bf526c') in 0.024162 seconds
Number of updated asset objects reloaded before import = 0
Number of asset objects unloaded after import = 3
========================================================================
Received Import Request.
  Time since last request: 0.000019 seconds.
  path: Assets/Mod Assets/Environment Sprites Colored/Brown/mountains_brown.png
  artifactKey: Guid(34724a97ee23b4fb6982962e3ba84831) Importer(2089858483,0ecaa5967403d082aa24f35e1b516d23)
Start importing Assets/Mod Assets/Environment Sprites Colored/Brown/mountains_brown.png using Guid(34724a97ee23b4fb6982962e3ba84831) Importer(2089858483,0ecaa5967403d082aa24f35e1b516d23) [PhysX] Initialized MultithreadedTaskDispatcher with 12 workers.
 -> (artifact id: '86f07dcc7ae4d805951c20e672170b82') in 0.036693 seconds
Number of updated asset objects reloaded before import = 0
Number of asset objects unloaded after import = 3
========================================================================
Received Import Request.
  Time since last request: 0.000018 seconds.
  path: Assets/Mod Assets/Environment Sprites Colored/Gold/cloud_yellow.png
  artifactKey: Guid(2dd0df57bd14741b5a32f78ba307976a) Importer(2089858483,0ecaa5967403d082aa24f35e1b516d23)
Start importing Assets/Mod Assets/Environment Sprites Colored/Gold/cloud_yellow.png using Guid(2dd0df57bd14741b5a32f78ba307976a) Importer(2089858483,0ecaa5967403d082aa24f35e1b516d23) [PhysX] Initialized MultithreadedTaskDispatcher with 12 workers.
 -> (artifact id: '9b8022ba3923a039aee6819514e2b79c') in 0.024178 seconds
Number of updated asset objects reloaded before import = 0
Number of asset objects unloaded after import = 3
========================================================================
Received Import Request.
  Time since last request: 0.000016 seconds.
  path: Assets/Mod Assets/Environment Sprites Colored/Green/house_green.png
  artifactKey: Guid(9691843fa5b754494a1163a8c830ee90) Importer(2089858483,0ecaa5967403d082aa24f35e1b516d23)
Start importing Assets/Mod Assets/Environment Sprites Colored/Green/house_green.png using Guid(9691843fa5b754494a1163a8c830ee90) Importer(2089858483,0ecaa5967403d082aa24f35e1b516d23) [PhysX] Initialized MultithreadedTaskDispatcher with 12 workers.
 -> (artifact id: '84aa99ed6428c748cbcdc65d73730155') in 0.028277 seconds
Number of updated asset objects reloaded before import = 0
Number of asset objects unloaded after import = 3
========================================================================
Received Import Request.
  Time since last request: 0.000017 seconds.
  path: Assets/Mod Assets/Environment Sprites Colored/Brown/TileGround_red.png
  artifactKey: Guid(747cb647662d548c0949304a23e94246) Importer(2089858483,0ecaa5967403d082aa24f35e1b516d23)
Start importing Assets/Mod Assets/Environment Sprites Colored/Brown/TileGround_red.png using Guid(747cb647662d548c0949304a23e94246) Importer(2089858483,0ecaa5967403d082aa24f35e1b516d23) [PhysX] Initialized MultithreadedTaskDispatcher with 12 workers.
 -> (artifact id: '95e54110fb8954b9f7bc86eaa61effde') in 0.037390 seconds
Number of updated asset objects reloaded before import = 0
Number of asset objects unloaded after import = 3
========================================================================
Received Import Request.
  Time since last request: 0.000024 seconds.
  path: Assets/Tutorials/Playtest/Playtest 09-Exit-Play.asset
  artifactKey: Guid(ddc55b581006f4185be4b75ca500bb2d) Importer(2089858483,0ecaa5967403d082aa24f35e1b516d23)
Start importing Assets/Tutorials/Playtest/Playtest 09-Exit-Play.asset using Guid(ddc55b581006f4185be4b75ca500bb2d) Importer(2089858483,0ecaa5967403d082aa24f35e1b516d23) [PhysX] Initialized MultithreadedTaskDispatcher with 12 workers.
 -> (artifact id: '450da325dc5bdfe75d7f92d4018b994e') in 0.012938 seconds
Number of updated asset objects reloaded before import = 0
Number of asset objects unloaded after import = 4
========================================================================
Received Import Request.
  Time since last request: 0.000016 seconds.
  path: Assets/Tutorials/BuildAndPublish/WT-Get-Started-Click.mov
  artifactKey: Guid(18934230bcad14b3fb113e46ad744bc1) Importer(2089858483,0ecaa5967403d082aa24f35e1b516d23)
Start importing Assets/Tutorials/BuildAndPublish/WT-Get-Started-Click.mov using Guid(18934230bcad14b3fb113e46ad744bc1) Importer(2089858483,0ecaa5967403d082aa24f35e1b516d23) [PhysX] Initialized MultithreadedTaskDispatcher with 12 workers.
 -> (artifact id: 'b70eb99eb695782675afdb500f4011ad') in 0.011222 seconds
Number of updated asset objects reloaded before import = 0
Number of asset objects unloaded after import = 1
========================================================================
Received Import Request.
  Time since last request: 0.000020 seconds.
  path: Assets/Tiles/TallBuilding.asset
  artifactKey: Guid(49ad221d69f75804d98336ca8956e57e) Importer(2089858483,0ecaa5967403d082aa24f35e1b516d23)
Start importing Assets/Tiles/TallBuilding.asset using Guid(49ad221d69f75804d98336ca8956e57e) Importer(2089858483,0ecaa5967403d082aa24f35e1b516d23) [PhysX] Initialized MultithreadedTaskDispatcher with 12 workers.
 -> (artifact id: '16452e320e77c1e4565485de936051fd') in 0.017233 seconds
Number of updated asset objects reloaded before import = 0
Number of asset objects unloaded after import = 3
========================================================================
Received Import Request.
  Time since last request: 0.000017 seconds.
  path: Assets/Character/Sprites/PlayerIdle.png
  artifactKey: Guid(ba86c7b200abe499cb750833482830b3) Importer(2089858483,0ecaa5967403d082aa24f35e1b516d23)
Start importing Assets/Character/Sprites/PlayerIdle.png using Guid(ba86c7b200abe499cb750833482830b3) Importer(2089858483,0ecaa5967403d082aa24f35e1b516d23) [PhysX] Initialized MultithreadedTaskDispatcher with 12 workers.
 -> (artifact id: '584192fcac90613772fc99fee12273c5') in 0.080582 seconds
Number of updated asset objects reloaded before import = 0
Number of asset objects unloaded after import = 40
========================================================================
Received Import Request.
  Time since last request: 0.000068 seconds.
  path: Assets/Mod Assets/Environment Sprites Colored/Teal/TileGroundDark_teal.png
  artifactKey: Guid(36b0d948198a542d3bf1dceeae828a04) Importer(2089858483,0ecaa5967403d082aa24f35e1b516d23)
Start importing Assets/Mod Assets/Environment Sprites Colored/Teal/TileGroundDark_teal.png using Guid(36b0d948198a542d3bf1dceeae828a04) Importer(2089858483,0ecaa5967403d082aa24f35e1b516d23) [PhysX] Initialized MultithreadedTaskDispatcher with 12 workers.
 -> (artifact id: 'aa1564352d85167edd9b13c56e0faba3') in 0.021918 seconds
Number of updated asset objects reloaded before import = 0
Number of asset objects unloaded after import = 3
========================================================================
Received Import Request.
  Time since last request: 0.000018 seconds.
  path: Assets/Mod Assets/Environment Sprites Colored/Magenta/mountains_pink.png
  artifactKey: Guid(59fe7c0d7120f49699d5ea1be5dd9cae) Importer(2089858483,0ecaa5967403d082aa24f35e1b516d23)
Start importing Assets/Mod Assets/Environment Sprites Colored/Magenta/mountains_pink.png using Guid(59fe7c0d7120f49699d5ea1be5dd9cae) Importer(2089858483,0ecaa5967403d082aa24f35e1b516d23) [PhysX] Initialized MultithreadedTaskDispatcher with 12 workers.
 -> (artifact id: '998e9c87553a1b2356467d58604d7f4b') in 0.027257 seconds
Number of updated asset objects reloaded before import = 0
Number of asset objects unloaded after import = 3
========================================================================
Received Import Request.
  Time since last request: 0.000019 seconds.
  path: Assets/Mod Assets/Environment Sprites Colored/Magenta/house_pink.png
  artifactKey: Guid(fb6453d108bac4352b9141f271418199) Importer(2089858483,0ecaa5967403d082aa24f35e1b516d23)
Start importing Assets/Mod Assets/Environment Sprites Colored/Magenta/house_pink.png using Guid(fb6453d108bac4352b9141f271418199) Importer(2089858483,0ecaa5967403d082aa24f35e1b516d23) [PhysX] Initialized MultithreadedTaskDispatcher with 12 workers.
 -> (artifact id: 'b6410ed1d48e70f9d09a5f1132695709') in 0.025966 seconds
Number of updated asset objects reloaded before import = 0
Number of asset objects unloaded after import = 3
========================================================================
Received Import Request.
  Time since last request: 0.000022 seconds.
  path: Assets/Mod Assets/Environment Sprites Colored/Magenta/midground_pink.png
  artifactKey: Guid(500ceab6ebad1476e865a3738ca391dd) Importer(2089858483,0ecaa5967403d082aa24f35e1b516d23)
Start importing Assets/Mod Assets/Environment Sprites Colored/Magenta/midground_pink.png using Guid(500ceab6ebad1476e865a3738ca391dd) Importer(2089858483,0ecaa5967403d082aa24f35e1b516d23) [PhysX] Initialized MultithreadedTaskDispatcher with 12 workers.
 -> (artifact id: 'e0d11d5a63240b01858e8e2b0014afc3') in 0.040010 seconds
Number of updated asset objects reloaded before import = 0
Number of asset objects unloaded after import = 3
========================================================================
Received Import Request.
  Time since last request: 0.000024 seconds.
  path: Assets/Mod Assets/Environment Sprites Colored/Magenta/ShortBuilding_pink.png
  artifactKey: Guid(91be9bd823991446b886262539d52dd2) Importer(2089858483,0ecaa5967403d082aa24f35e1b516d23)
Start importing Assets/Mod Assets/Environment Sprites Colored/Magenta/ShortBuilding_pink.png using Guid(91be9bd823991446b886262539d52dd2) Importer(2089858483,0ecaa5967403d082aa24f35e1b516d23) [PhysX] Initialized MultithreadedTaskDispatcher with 12 workers.
 -> (artifact id: 'e5427419f6cb3e6a4f971baa9086de74') in 0.044249 seconds
Number of updated asset objects reloaded before import = 0
Number of asset objects unloaded after import = 3
========================================================================
Received Import Request.
  Time since last request: 0.000013 seconds.
  path: Assets/Mod Assets/Environment Sprites Colored/Green/TileGroundDark_green.png
  artifactKey: Guid(f52361a01fb9d44369ffc2ea4d4cf021) Importer(2089858483,0ecaa5967403d082aa24f35e1b516d23)
Start importing Assets/Mod Assets/Environment Sprites Colored/Green/TileGroundDark_green.png using Guid(f52361a01fb9d44369ffc2ea4d4cf021) Importer(2089858483,0ecaa5967403d082aa24f35e1b516d23) [PhysX] Initialized MultithreadedTaskDispatcher with 12 workers.
 -> (artifact id: 'd4b74dfccc2dfbcc0bb982fe30e78ce3') in 0.022133 seconds
Number of updated asset objects reloaded before import = 0
Number of asset objects unloaded after import = 3
========================================================================
Received Import Request.
  Time since last request: 0.000019 seconds.
  path: Assets/Mod Assets/Environment Sprites Colored/Teal/TileGround_teal.png
  artifactKey: Guid(e06d260a2a755418bb7d79b087db3b9b) Importer(2089858483,0ecaa5967403d082aa24f35e1b516d23)
Start importing Assets/Mod Assets/Environment Sprites Colored/Teal/TileGround_teal.png using Guid(e06d260a2a755418bb7d79b087db3b9b) Importer(2089858483,0ecaa5967403d082aa24f35e1b516d23) [PhysX] Initialized MultithreadedTaskDispatcher with 12 workers.
 -> (artifact id: 'cfff648ec4639d09da01df8cc69b55b4') in 0.021688 seconds
Number of updated asset objects reloaded before import = 0
Number of asset objects unloaded after import = 3
========================================================================
Received Import Request.
  Time since last request: 0.000017 seconds.
  path: Assets/Mod Assets/Environment Sprites Colored/Teal/cloud_teal.png
  artifactKey: Guid(30efd09d063374386920ef39a98be3a5) Importer(2089858483,0ecaa5967403d082aa24f35e1b516d23)
Start importing Assets/Mod Assets/Environment Sprites Colored/Teal/cloud_teal.png using Guid(30efd09d063374386920ef39a98be3a5) Importer(2089858483,0ecaa5967403d082aa24f35e1b516d23) [PhysX] Initialized MultithreadedTaskDispatcher with 12 workers.
 -> (artifact id: '1a3258fb891cd6853373e2c06ee55192') in 0.019845 seconds
Number of updated asset objects reloaded before import = 0
Number of asset objects unloaded after import = 3
========================================================================
Received Import Request.
  Time since last request: 0.000019 seconds.
  path: Assets/Mod Assets/Environment Sprites Colored/Magenta/MidgroundFiller_pink.png
  artifactKey: Guid(0aa71243a17f64fe3b5744d333d15e1c) Importer(2089858483,0ecaa5967403d082aa24f35e1b516d23)
Start importing Assets/Mod Assets/Environment Sprites Colored/Magenta/MidgroundFiller_pink.png using Guid(0aa71243a17f64fe3b5744d333d15e1c) Importer(2089858483,0ecaa5967403d082aa24f35e1b516d23) [PhysX] Initialized MultithreadedTaskDispatcher with 12 workers.
 -> (artifact id: '624e6db9534268e7107d5164b6273403') in 0.033710 seconds
Number of updated asset objects reloaded before import = 0
Number of asset objects unloaded after import = 3
========================================================================
Received Import Request.
  Time since last request: 0.000018 seconds.
  path: Assets/Mod Assets/Environment Sprites Colored/Teal/fence_teal.png
  artifactKey: Guid(c0a53364920574b8d8576c49ca4a240e) Importer(2089858483,0ecaa5967403d082aa24f35e1b516d23)
Start importing Assets/Mod Assets/Environment Sprites Colored/Teal/fence_teal.png using Guid(c0a53364920574b8d8576c49ca4a240e) Importer(2089858483,0ecaa5967403d082aa24f35e1b516d23) [PhysX] Initialized MultithreadedTaskDispatcher with 12 workers.
 -> (artifact id: '185b4b766fc8d461842259e5a705a27a') in 0.020055 seconds
Number of updated asset objects reloaded before import = 0
Number of asset objects unloaded after import = 3
========================================================================
Received Import Request.
  Time since last request: 0.000015 seconds.
  path: Assets/Mod Assets/Environment Sprites Colored/Magenta/plant_pink.png
  artifactKey: Guid(c4da3236a23a5463785369522f808e90) Importer(2089858483,0ecaa5967403d082aa24f35e1b516d23)
Start importing Assets/Mod Assets/Environment Sprites Colored/Magenta/plant_pink.png using Guid(c4da3236a23a5463785369522f808e90) Importer(2089858483,0ecaa5967403d082aa24f35e1b516d23) [PhysX] Initialized MultithreadedTaskDispatcher with 12 workers.
 -> (artifact id: 'eaf4f381b58a6a65062e7575c5bb1e15') in 0.020098 seconds
Number of updated asset objects reloaded before import = 0
Number of asset objects unloaded after import = 3
========================================================================
Received Import Request.
  Time since last request: 0.000017 seconds.
  path: Assets/Mod Assets/Environment Sprites Colored/Magenta/TileFloatingLeftEdge_pink.png
  artifactKey: Guid(75f8547f9de1045c6bc679abc57ea589) Importer(2089858483,0ecaa5967403d082aa24f35e1b516d23)
Start importing Assets/Mod Assets/Environment Sprites Colored/Magenta/TileFloatingLeftEdge_pink.png using Guid(75f8547f9de1045c6bc679abc57ea589) Importer(2089858483,0ecaa5967403d082aa24f35e1b516d23) [PhysX] Initialized MultithreadedTaskDispatcher with 12 workers.
 -> (artifact id: '8cf1e75737540ece169d3fd1d929702a') in 0.023955 seconds
Number of updated asset objects reloaded before import = 0
Number of asset objects unloaded after import = 3
========================================================================
Received Import Request.
  Time since last request: 0.000021 seconds.
  path: Assets/Mod Assets/Environment Sprites Colored/Magenta/fence_pink.png
  artifactKey: Guid(3992f564c616645b0aa6d00135510fdc) Importer(2089858483,0ecaa5967403d082aa24f35e1b516d23)
Start importing Assets/Mod Assets/Environment Sprites Colored/Magenta/fence_pink.png using Guid(3992f564c616645b0aa6d00135510fdc) Importer(2089858483,0ecaa5967403d082aa24f35e1b516d23) [PhysX] Initialized MultithreadedTaskDispatcher with 12 workers.
 -> (artifact id: '05131538a9d8f16ecbc674d476f1016d') in 0.024829 seconds
Number of updated asset objects reloaded before import = 0
Number of asset objects unloaded after import = 3
========================================================================
Received Import Request.
  Time since last request: 0.000015 seconds.
  path: Assets/Mod Assets/Environment Sprites Colored/Green/TileGroundTop_green.png
  artifactKey: Guid(47b73910b31fb422ca0c0164c2c70dfd) Importer(2089858483,0ecaa5967403d082aa24f35e1b516d23)
Start importing Assets/Mod Assets/Environment Sprites Colored/Green/TileGroundTop_green.png using Guid(47b73910b31fb422ca0c0164c2c70dfd) Importer(2089858483,0ecaa5967403d082aa24f35e1b516d23) [PhysX] Initialized MultithreadedTaskDispatcher with 12 workers.
 -> (artifact id: '05b4ffbd2a58d4f45446b73ca6de98ef') in 0.031720 seconds
Number of updated asset objects reloaded before import = 0
Number of asset objects unloaded after import = 3
========================================================================
Received Import Request.
  Time since last request: 0.000020 seconds.
  path: Assets/Mod Assets/Environment Sprites Colored/Teal/mountains_teal.png
  artifactKey: Guid(f3f3344c27ca54650871a22124869d7b) Importer(2089858483,0ecaa5967403d082aa24f35e1b516d23)
Start importing Assets/Mod Assets/Environment Sprites Colored/Teal/mountains_teal.png using Guid(f3f3344c27ca54650871a22124869d7b) Importer(2089858483,0ecaa5967403d082aa24f35e1b516d23) [PhysX] Initialized MultithreadedTaskDispatcher with 12 workers.
 -> (artifact id: '9c3c113fee3d7dcf9db34be451e0c94d') in 0.028574 seconds
Number of updated asset objects reloaded before import = 0
Number of asset objects unloaded after import = 3
========================================================================
Received Import Request.
  Time since last request: 0.000014 seconds.
  path: Assets/Tutorials/BuildAndPublish/WT-Create-Build-Click.mov
  artifactKey: Guid(344a1e18d48a943338c6eb2c8c46cc92) Importer(2089858483,0ecaa5967403d082aa24f35e1b516d23)
Start importing Assets/Tutorials/BuildAndPublish/WT-Create-Build-Click.mov using Guid(344a1e18d48a943338c6eb2c8c46cc92) Importer(2089858483,0ecaa5967403d082aa24f35e1b516d23) [PhysX] Initialized MultithreadedTaskDispatcher with 12 workers.
 -> (artifact id: '4db373c4eb29a1067340a4489220cfe9') in 0.012533 seconds
Number of updated asset objects reloaded before import = 0
Number of asset objects unloaded after import = 1
========================================================================
Received Import Request.
  Time since last request: 0.000014 seconds.
  path: Assets/TextMesh Pro/Resources/Fonts & Materials/LiberationSans SDF - Drop Shadow.mat
  artifactKey: Guid(e73a58f6e2794ae7b1b7e50b7fb811b0) Importer(2089858483,0ecaa5967403d082aa24f35e1b516d23)
Start importing Assets/TextMesh Pro/Resources/Fonts & Materials/LiberationSans SDF - Drop Shadow.mat using Guid(e73a58f6e2794ae7b1b7e50b7fb811b0) Importer(2089858483,0ecaa5967403d082aa24f35e1b516d23) [PhysX] Initialized MultithreadedTaskDispatcher with 12 workers.
 -> (artifact id: '3e0c37004054cc49062cc5a758479dcf') in 0.023926 seconds
Number of updated asset objects reloaded before import = 0
Number of asset objects unloaded after import = 2
========================================================================
Received Import Request.
  Time since last request: 0.000017 seconds.
  path: Assets/TextMesh Pro/Resources/Shaders/TMP_SDF-Surface-Mobile.shader
  artifactKey: Guid(85187c2149c549c5b33f0cdb02836b17) Importer(2089858483,0ecaa5967403d082aa24f35e1b516d23)
Start importing Assets/TextMesh Pro/Resources/Shaders/TMP_SDF-Surface-Mobile.shader using Guid(85187c2149c549c5b33f0cdb02836b17) Importer(2089858483,0ecaa5967403d082aa24f35e1b516d23) [PhysX] Initialized MultithreadedTaskDispatcher with 12 workers.
 -> (artifact id: '169161c228bac1d9c85ee2ea99998517') in 0.013330 seconds
Number of updated asset objects reloaded before import = 0
Number of asset objects unloaded after import = 1
========================================================================
Received Import Request.
  Time since last request: 0.000016 seconds.
  path: Assets/Mod Assets/Mod Resources/Fonts/DancingScript-Regular SDF.asset
  artifactKey: Guid(7b50419dd5d254755b7929b05d413472) Importer(2089858483,0ecaa5967403d082aa24f35e1b516d23)
Start importing Assets/Mod Assets/Mod Resources/Fonts/DancingScript-Regular SDF.asset using Guid(7b50419dd5d254755b7929b05d413472) Importer(2089858483,0ecaa5967403d082aa24f35e1b516d23) [PhysX] Initialized MultithreadedTaskDispatcher with 12 workers.
 -> (artifact id: 'fe8829f031e69b987c465ff55a61b8ea') in 0.038529 seconds
Number of updated asset objects reloaded before import = 0
Number of asset objects unloaded after import = 4
========================================================================
Received Import Request.
  Time since last request: 0.000016 seconds.
  path: Assets/Mod Assets/Mod Resources/Trail Materials/LongTrailMaterial.mat
  artifactKey: Guid(dbd73125b5e3c429ea6c920ebcc9dd92) Importer(2089858483,0ecaa5967403d082aa24f35e1b516d23)
Start importing Assets/Mod Assets/Mod Resources/Trail Materials/LongTrailMaterial.mat using Guid(dbd73125b5e3c429ea6c920ebcc9dd92) Importer(2089858483,0ecaa5967403d082aa24f35e1b516d23) [PhysX] Initialized MultithreadedTaskDispatcher with 12 workers.
 -> (artifact id: '5fad4aa08a753cd7d376b824dac3fbcb') in 0.012085 seconds
Number of updated asset objects reloaded before import = 0
Number of asset objects unloaded after import = 1
========================================================================
Received Import Request.
  Time since last request: 0.000018 seconds.
  path: Assets/TextMesh Pro/Resources/Shaders/TMP_SDF.shader
  artifactKey: Guid(68e6db2ebdc24f95958faec2be5558d6) Importer(2089858483,0ecaa5967403d082aa24f35e1b516d23)
Start importing Assets/TextMesh Pro/Resources/Shaders/TMP_SDF.shader using Guid(68e6db2ebdc24f95958faec2be5558d6) Importer(2089858483,0ecaa5967403d082aa24f35e1b516d23) [PhysX] Initialized MultithreadedTaskDispatcher with 12 workers.
 -> (artifact id: '5792d66abd4fe7ff3bda724d459ee697') in 0.011945 seconds
Number of updated asset objects reloaded before import = 0
Number of asset objects unloaded after import = 1
========================================================================
Received Import Request.
  Time since last request: 0.000023 seconds.
  path: Assets/TextMesh Pro/Resources/Shaders/TMP_SDF-Mobile Overlay.shader
  artifactKey: Guid(a02a7d8c237544f1962732b55a9aebf1) Importer(2089858483,0ecaa5967403d082aa24f35e1b516d23)
Start importing Assets/TextMesh Pro/Resources/Shaders/TMP_SDF-Mobile Overlay.shader using Guid(a02a7d8c237544f1962732b55a9aebf1) Importer(2089858483,0ecaa5967403d082aa24f35e1b516d23) [PhysX] Initialized MultithreadedTaskDispatcher with 12 workers.
 -> (artifact id: '06cc8f0c3ebb08e71acf16e31133eb23') in 0.010308 seconds
Number of updated asset objects reloaded before import = 0
Number of asset objects unloaded after import = 1
========================================================================
Received Import Request.
  Time since last request: 0.000015 seconds.
  path: Assets/Mod Assets/Mod Resources/Fonts/Raleway-Regular SDF.asset
  artifactKey: Guid(2abf75d6e0d8a4aa6910fae6ee5d638b) Importer(2089858483,0ecaa5967403d082aa24f35e1b516d23)
Start importing Assets/Mod Assets/Mod Resources/Fonts/Raleway-Regular SDF.asset using Guid(2abf75d6e0d8a4aa6910fae6ee5d638b) Importer(2089858483,0ecaa5967403d082aa24f35e1b516d23) [PhysX] Initialized MultithreadedTaskDispatcher with 12 workers.
 -> (artifact id: '279d02c84231a4c6b67e3c1a6518e3f6') in 0.023269 seconds
Number of updated asset objects reloaded before import = 0
Number of asset objects unloaded after import = 4
========================================================================
Received Import Request.
  Time since last request: 0.000015 seconds.
  path: Assets/Mod Assets/Mod Resources/Trail Materials/RainbowTrailMaterial.mat
  artifactKey: Guid(711224fcf6d6c40faafe946b2f78b361) Importer(2089858483,0ecaa5967403d082aa24f35e1b516d23)
Start importing Assets/Mod Assets/Mod Resources/Trail Materials/RainbowTrailMaterial.mat using Guid(711224fcf6d6c40faafe946b2f78b361) Importer(2089858483,0ecaa5967403d082aa24f35e1b516d23) [PhysX] Initialized MultithreadedTaskDispatcher with 12 workers.
 -> (artifact id: '05818303683e0c9a25e19d2da777c422') in 0.018681 seconds
Number of updated asset objects reloaded before import = 0
Number of asset objects unloaded after import = 2
========================================================================
Received Import Request.
  Time since last request: 0.000016 seconds.
  path: Assets/Mod Assets/Mod Resources/Trail Materials/FireTrailMaterial.mat
  artifactKey: Guid(1cdc620dc87bd45acbd2dfd2cc6560eb) Importer(2089858483,0ecaa5967403d082aa24f35e1b516d23)
Start importing Assets/Mod Assets/Mod Resources/Trail Materials/FireTrailMaterial.mat using Guid(1cdc620dc87bd45acbd2dfd2cc6560eb) Importer(2089858483,0ecaa5967403d082aa24f35e1b516d23) [PhysX] Initialized MultithreadedTaskDispatcher with 12 workers.
 -> (artifact id: 'ef2d11c9bfcae65e35b7a26a7e6cab19') in 0.012184 seconds
Number of updated asset objects reloaded before import = 0
Number of asset objects unloaded after import = 1
========================================================================
Received Import Request.
  Time since last request: 0.000015 seconds.
  path: Assets/Mod Assets/Mod Resources/Shaders/SpritesHue.shader
  artifactKey: Guid(1af7aa0c4bbc40243accca84055907cc) Importer(2089858483,0ecaa5967403d082aa24f35e1b516d23)
Start importing Assets/Mod Assets/Mod Resources/Shaders/SpritesHue.shader using Guid(1af7aa0c4bbc40243accca84055907cc) Importer(2089858483,0ecaa5967403d082aa24f35e1b516d23) [PhysX] Initialized MultithreadedTaskDispatcher with 12 workers.
 -> (artifact id: '195d6d4b74ee2f1e7fb169f0e3b9166c') in 0.010881 seconds
Number of updated asset objects reloaded before import = 0
Number of asset objects unloaded after import = 1
========================================================================
Received Import Request.
  Time since last request: 0.000021 seconds.
  path: Assets/TextMesh Pro/Resources/Shaders/TMP_SDF-Mobile Masking.shader
  artifactKey: Guid(bc1ede39bf3643ee8e493720e4259791) Importer(2089858483,0ecaa5967403d082aa24f35e1b516d23)
Start importing Assets/TextMesh Pro/Resources/Shaders/TMP_SDF-Mobile Masking.shader using Guid(bc1ede39bf3643ee8e493720e4259791) Importer(2089858483,0ecaa5967403d082aa24f35e1b516d23) [PhysX] Initialized MultithreadedTaskDispatcher with 12 workers.
 -> (artifact id: '019b5e4c2f4477be75cb5b3347e1e346') in 0.009590 seconds
Number of updated asset objects reloaded before import = 0
Number of asset objects unloaded after import = 1
========================================================================
Received Import Request.
  Time since last request: 0.000018 seconds.
  path: Assets/TextMesh Pro/Resources/Fonts & Materials/LiberationSans SDF - Outline.mat
  artifactKey: Guid(79459efec17a4d00a321bdcc27bbc385) Importer(2089858483,0ecaa5967403d082aa24f35e1b516d23)
Start importing Assets/TextMesh Pro/Resources/Fonts & Materials/LiberationSans SDF - Outline.mat using Guid(79459efec17a4d00a321bdcc27bbc385) Importer(2089858483,0ecaa5967403d082aa24f35e1b516d23) [PhysX] Initialized MultithreadedTaskDispatcher with 12 workers.
 -> (artifact id: '64b5acd73326799e908baedc6df27d78') in 0.034862 seconds
Number of updated asset objects reloaded before import = 0
Number of asset objects unloaded after import = 2
========================================================================
Received Import Request.
  Time since last request: 0.000016 seconds.
  path: Assets/Mod Assets/Mod Resources/Materials/SpritesHue.mat
  artifactKey: Guid(65adb638edb2db449a5dce43480aeae5) Importer(2089858483,0ecaa5967403d082aa24f35e1b516d23)
Start importing Assets/Mod Assets/Mod Resources/Materials/SpritesHue.mat using Guid(65adb638edb2db449a5dce43480aeae5) Importer(2089858483,0ecaa5967403d082aa24f35e1b516d23) [PhysX] Initialized MultithreadedTaskDispatcher with 12 workers.
 -> (artifact id: 'e0b29719261e22fa3456c9a43197c897') in 0.031508 seconds
Number of updated asset objects reloaded before import = 0
Number of asset objects unloaded after import = 1
========================================================================
Received Import Request.
  Time since last request: 0.000016 seconds.
  path: Assets/TextMesh Pro/Resources/Shaders/TMP_Bitmap-Mobile.shader
  artifactKey: Guid(1e3b057af24249748ff873be7fafee47) Importer(2089858483,0ecaa5967403d082aa24f35e1b516d23)
Start importing Assets/TextMesh Pro/Resources/Shaders/TMP_Bitmap-Mobile.shader using Guid(1e3b057af24249748ff873be7fafee47) Importer(2089858483,0ecaa5967403d082aa24f35e1b516d23) [PhysX] Initialized MultithreadedTaskDispatcher with 12 workers.
 -> (artifact id: '8f7189b2d56d64af0f84e65178a88cd8') in 0.011188 seconds
Number of updated asset objects reloaded before import = 0
Number of asset objects unloaded after import = 1
========================================================================
Received Import Request.
  Time since last request: 0.000018 seconds.
  path: Assets/TextMesh Pro/Resources/Sprite Assets/EmojiOne.asset
  artifactKey: Guid(c41005c129ba4d66911b75229fd70b45) Importer(2089858483,0ecaa5967403d082aa24f35e1b516d23)
Start importing Assets/TextMesh Pro/Resources/Sprite Assets/EmojiOne.asset using Guid(c41005c129ba4d66911b75229fd70b45) Importer(2089858483,0ecaa5967403d082aa24f35e1b516d23) [PhysX] Initialized MultithreadedTaskDispatcher with 12 workers.
 -> (artifact id: '80ab9192b88c836dc4e3de9497e00858') in 0.013801 seconds
Number of updated asset objects reloaded before import = 0
Number of asset objects unloaded after import = 4
========================================================================
Received Import Request.
  Time since last request: 0.000023 seconds.
  path: Assets/Audio/Hurt.wav
  artifactKey: Guid(6c05149e5a2fba64ba172e25a61074b7) Importer(2089858483,0ecaa5967403d082aa24f35e1b516d23)
Start importing Assets/Audio/Hurt.wav using Guid(6c05149e5a2fba64ba172e25a61074b7) Importer(2089858483,0ecaa5967403d082aa24f35e1b516d23) [PhysX] Initialized MultithreadedTaskDispatcher with 12 workers.
 -> (artifact id: '83f83bc92cbf7f69c391344d5fc00e63') in 0.028715 seconds
Number of updated asset objects reloaded before import = 0
Number of asset objects unloaded after import = 1
========================================================================
Received Import Request.
  Time since last request: 0.000015 seconds.
  path: Assets/Tutorials/EditorControls/WT-Select-Hand-Tool.mov
  artifactKey: Guid(95df4ffa2c72c49f0b90fa2a68c3901b) Importer(2089858483,0ecaa5967403d082aa24f35e1b516d23)
Start importing Assets/Tutorials/EditorControls/WT-Select-Hand-Tool.mov using Guid(95df4ffa2c72c49f0b90fa2a68c3901b) Importer(2089858483,0ecaa5967403d082aa24f35e1b516d23) [PhysX] Initialized MultithreadedTaskDispatcher with 12 workers.
 -> (artifact id: '464af9a3da4f31e855f422ef234f84d3') in 0.009513 seconds
Number of updated asset objects reloaded before import = 0
Number of asset objects unloaded after import = 1
========================================================================
Received Import Request.
  Time since last request: 0.000016 seconds.
  path: Assets/Tutorials/EditColors/WT-Select-and-Frame.mov
  artifactKey: Guid(eb25ee7780108ad47a3e25efd1a86aba) Importer(2089858483,0ecaa5967403d082aa24f35e1b516d23)
Start importing Assets/Tutorials/EditColors/WT-Select-and-Frame.mov using Guid(eb25ee7780108ad47a3e25efd1a86aba) Importer(2089858483,0ecaa5967403d082aa24f35e1b516d23) [PhysX] Initialized MultithreadedTaskDispatcher with 12 workers.
 -> (artifact id: 'ffa53674ae33a56e6a5c135b55a57306') in 0.009823 seconds
Number of updated asset objects reloaded before import = 0
Number of asset objects unloaded after import = 1
========================================================================
Received Import Request.
  Time since last request: 0.000016 seconds.
  path: Assets/Environment/Sprites/Midground 1_1.asset
  artifactKey: Guid(150d35ed2dd0b5f4b821f3c02436ec97) Importer(2089858483,0ecaa5967403d082aa24f35e1b516d23)
Start importing Assets/Environment/Sprites/Midground 1_1.asset using Guid(150d35ed2dd0b5f4b821f3c02436ec97) Importer(2089858483,0ecaa5967403d082aa24f35e1b516d23) [PhysX] Initialized MultithreadedTaskDispatcher with 12 workers.
 -> (artifact id: '03a349ef60f816e9f63dfa86875b02b9') in 0.017625 seconds
Number of updated asset objects reloaded before import = 0
Number of asset objects unloaded after import = 3
========================================================================
Received Import Request.
  Time since last request: 0.000018 seconds.
  path: Assets/Environment/Tiles/TileGround.png
  artifactKey: Guid(4dd86eb519e244138a3c3980624ddb4f) Importer(2089858483,0ecaa5967403d082aa24f35e1b516d23)
Start importing Assets/Environment/Tiles/TileGround.png using Guid(4dd86eb519e244138a3c3980624ddb4f) Importer(2089858483,0ecaa5967403d082aa24f35e1b516d23) [PhysX] Initialized MultithreadedTaskDispatcher with 12 workers.
 -> (artifact id: '8f4fbdba04d9b0e82008d0906d7f3930') in 0.024521 seconds
Number of updated asset objects reloaded before import = 0
Number of asset objects unloaded after import = 3
========================================================================
Received Import Request.
  Time since last request: 0.000016 seconds.
  path: Assets/Tiles/ShortBuilding.asset
  artifactKey: Guid(102dda6d7e3be4644bea1fdfea2d37d4) Importer(2089858483,0ecaa5967403d082aa24f35e1b516d23)
Start importing Assets/Tiles/ShortBuilding.asset using Guid(102dda6d7e3be4644bea1fdfea2d37d4) Importer(2089858483,0ecaa5967403d082aa24f35e1b516d23) [PhysX] Initialized MultithreadedTaskDispatcher with 12 workers.
 -> (artifact id: '1e2821456b2334af284c3723784064a1') in 0.020901 seconds
Number of updated asset objects reloaded before import = 0
Number of asset objects unloaded after import = 3
========================================================================
Received Import Request.
  Time since last request: 0.000016 seconds.
  path: Assets/Tutorials/BuildAndPublish/BuildAndPublish 015.asset
  artifactKey: Guid(daafa2d048ca372498d84eb1ff8a9a31) Importer(2089858483,0ecaa5967403d082aa24f35e1b516d23)
Start importing Assets/Tutorials/BuildAndPublish/BuildAndPublish 015.asset using Guid(daafa2d048ca372498d84eb1ff8a9a31) Importer(2089858483,0ecaa5967403d082aa24f35e1b516d23) [PhysX] Initialized MultithreadedTaskDispatcher with 12 workers.
 -> (artifact id: '8a88b032c44d07d59962df3c3b52f4e6') in 0.014658 seconds
Number of updated asset objects reloaded before import = 0
Number of asset objects unloaded after import = 7
========================================================================
Received Import Request.
  Time since last request: 0.000013 seconds.
  path: Assets/Mod Assets/Mod Resources/Sprites/Props/Satellite.png
  artifactKey: Guid(033e001b85021654cb923fd7991ba18e) Importer(2089858483,0ecaa5967403d082aa24f35e1b516d23)
Start importing Assets/Mod Assets/Mod Resources/Sprites/Props/Satellite.png using Guid(033e001b85021654cb923fd7991ba18e) Importer(2089858483,0ecaa5967403d082aa24f35e1b516d23) [PhysX] Initialized MultithreadedTaskDispatcher with 12 workers.
 -> (artifact id: '2c2970eb987e50c9348d76ca466f0c9e') in 0.015343 seconds
Number of updated asset objects reloaded before import = 0
Number of asset objects unloaded after import = 3
========================================================================
Received Import Request.
  Time since last request: 0.000014 seconds.
  path: Assets/Mod Assets/Mod Resources/Scripts/Platformer/PlatformerSpeedPad.cs
  artifactKey: Guid(5112bc3b826234c41bcf93e09c62c41c) Importer(2089858483,0ecaa5967403d082aa24f35e1b516d23)
Start importing Assets/Mod Assets/Mod Resources/Scripts/Platformer/PlatformerSpeedPad.cs using Guid(5112bc3b826234c41bcf93e09c62c41c) Importer(2089858483,0ecaa5967403d082aa24f35e1b516d23) [PhysX] Initialized MultithreadedTaskDispatcher with 12 workers.
 -> (artifact id: '1ca2449d4161f04ba73c7ceb303a0cc4') in 0.009650 seconds
Number of updated asset objects reloaded before import = 0
Number of asset objects unloaded after import = 1
========================================================================
Received Import Request.
  Time since last request: 0.000020 seconds.
  path: Assets/Mod Assets/Mod Resources/Sprites/Props/Crystal.png
  artifactKey: Guid(4818f33f1596dba42819f243b7be0e43) Importer(2089858483,0ecaa5967403d082aa24f35e1b516d23)
Start importing Assets/Mod Assets/Mod Resources/Sprites/Props/Crystal.png using Guid(4818f33f1596dba42819f243b7be0e43) Importer(2089858483,0ecaa5967403d082aa24f35e1b516d23) [PhysX] Initialized MultithreadedTaskDispatcher with 12 workers.
 -> (artifact id: 'b348d44a6ab896b307ffecc942e8f0e5') in 0.015494 seconds
Number of updated asset objects reloaded before import = 0
Number of asset objects unloaded after import = 3
========================================================================
Received Import Request.
  Time since last request: 0.000019 seconds.
  path: Assets/Mod Assets/Mod Resources/Sprites/Props/FlowerBush.png
  artifactKey: Guid(08c34382de48b3a4cbaf28f4fc303dda) Importer(2089858483,0ecaa5967403d082aa24f35e1b516d23)
Start importing Assets/Mod Assets/Mod Resources/Sprites/Props/FlowerBush.png using Guid(08c34382de48b3a4cbaf28f4fc303dda) Importer(2089858483,0ecaa5967403d082aa24f35e1b516d23) [PhysX] Initialized MultithreadedTaskDispatcher with 12 workers.
 -> (artifact id: '5c42a7a928cdffe00e488a175a5d4e75') in 0.014788 seconds
Number of updated asset objects reloaded before import = 0
Number of asset objects unloaded after import = 3
========================================================================
Received Import Request.
  Time since last request: 0.000021 seconds.
  path: Assets/Mod Assets/Mod Resources/Sprites/Props/Pillar.png
  artifactKey: Guid(d32081989b63bfc458b2c74587383f52) Importer(2089858483,0ecaa5967403d082aa24f35e1b516d23)
Start importing Assets/Mod Assets/Mod Resources/Sprites/Props/Pillar.png using Guid(d32081989b63bfc458b2c74587383f52) Importer(2089858483,0ecaa5967403d082aa24f35e1b516d23) [PhysX] Initialized MultithreadedTaskDispatcher with 12 workers.
 -> (artifact id: 'efbe0f9f89d46bb0204dabfb48d9e8f4') in 0.030716 seconds
Number of updated asset objects reloaded before import = 0
Number of asset objects unloaded after import = 3
========================================================================
Received Import Request.
  Time since last request: 0.000013 seconds.
  path: Assets/Mod Assets/Mod Resources/Scripts/Platformer/Jiggler.cs
  artifactKey: Guid(52fec14b1d9c05e479888f44c214042f) Importer(2089858483,0ecaa5967403d082aa24f35e1b516d23)
Start importing Assets/Mod Assets/Mod Resources/Scripts/Platformer/Jiggler.cs using Guid(52fec14b1d9c05e479888f44c214042f) Importer(2089858483,0ecaa5967403d082aa24f35e1b516d23) [PhysX] Initialized MultithreadedTaskDispatcher with 12 workers.
 -> (artifact id: 'c75ab4c5621d7d658901515ce25f7656') in 0.010499 seconds
Number of updated asset objects reloaded before import = 0
Number of asset objects unloaded after import = 1
========================================================================
Received Import Request.
  Time since last request: 0.000015 seconds.
  path: Assets/Mod Assets/Mod Resources/Sprites/Props/Mushroom.png
  artifactKey: Guid(a83a04ad3108a6245ae5977ad74af35a) Importer(2089858483,0ecaa5967403d082aa24f35e1b516d23)
Start importing Assets/Mod Assets/Mod Resources/Sprites/Props/Mushroom.png using Guid(a83a04ad3108a6245ae5977ad74af35a) Importer(2089858483,0ecaa5967403d082aa24f35e1b516d23) [PhysX] Initialized MultithreadedTaskDispatcher with 12 workers.
 -> (artifact id: 'fa279636cb487e18a6e50228d98f3868') in 0.014111 seconds
Number of updated asset objects reloaded before import = 0
Number of asset objects unloaded after import = 3
========================================================================
Received Import Request.
  Time since last request: 0.000018 seconds.
  path: Assets/Mod Assets/Mod Resources/Scripts/Backend/TemplateEditorDetection.cs
  artifactKey: Guid(7be2a636bd2904cecadaf28665c07333) Importer(2089858483,0ecaa5967403d082aa24f35e1b516d23)
Start importing Assets/Mod Assets/Mod Resources/Scripts/Backend/TemplateEditorDetection.cs using Guid(7be2a636bd2904cecadaf28665c07333) Importer(2089858483,0ecaa5967403d082aa24f35e1b516d23) [PhysX] Initialized MultithreadedTaskDispatcher with 12 workers.
 -> (artifact id: '37547a6f8f753ba9a15a2630d69a1d6d') in 0.012174 seconds
Number of updated asset objects reloaded before import = 0
Number of asset objects unloaded after import = 1
========================================================================
Received Import Request.
  Time since last request: 0.000018 seconds.
  path: Assets/Tutorials/BuildAndPublish/Criteria/PublishCriteria.asset
  artifactKey: Guid(43f99256ccd065c47b41dc50b89eb706) Importer(2089858483,0ecaa5967403d082aa24f35e1b516d23)
Start importing Assets/Tutorials/BuildAndPublish/Criteria/PublishCriteria.asset using Guid(43f99256ccd065c47b41dc50b89eb706) Importer(2089858483,0ecaa5967403d082aa24f35e1b516d23) [PhysX] Initialized MultithreadedTaskDispatcher with 12 workers.
 -> (artifact id: '08c8192904fc1a56d4a00d0af4f103e0') in 0.011711 seconds
Number of updated asset objects reloaded before import = 0
Number of asset objects unloaded after import = 1
========================================================================
Received Import Request.
  Time since last request: 0.000017 seconds.
  path: Assets/Mod Assets/Mod Resources/Sprites/Props/Lollipop.png
  artifactKey: Guid(b4a087cba551fd045baf15d78cf0350b) Importer(2089858483,0ecaa5967403d082aa24f35e1b516d23)
Start importing Assets/Mod Assets/Mod Resources/Sprites/Props/Lollipop.png using Guid(b4a087cba551fd045baf15d78cf0350b) Importer(2089858483,0ecaa5967403d082aa24f35e1b516d23) [PhysX] Initialized MultithreadedTaskDispatcher with 12 workers.
 -> (artifact id: '024ba5b617f19347b3d00a26b7235575') in 0.017632 seconds
Number of updated asset objects reloaded before import = 0
Number of asset objects unloaded after import = 3
========================================================================
Received Import Request.
  Time since last request: 0.000015 seconds.
  path: Assets/Mod Assets/Mod Resources/Sprites/Props/Licorice.png
  artifactKey: Guid(0440f865f7a6dfc49a38f8369d977f81) Importer(2089858483,0ecaa5967403d082aa24f35e1b516d23)
Start importing Assets/Mod Assets/Mod Resources/Sprites/Props/Licorice.png using Guid(0440f865f7a6dfc49a38f8369d977f81) Importer(2089858483,0ecaa5967403d082aa24f35e1b516d23) [PhysX] Initialized MultithreadedTaskDispatcher with 12 workers.
 -> (artifact id: '042f448a35e58cf5bfa7caab6e2301fb') in 0.017186 seconds
Number of updated asset objects reloaded before import = 0
Number of asset objects unloaded after import = 3
========================================================================
Received Import Request.
  Time since last request: 0.000018 seconds.
  path: Assets/Mod Assets/Mod Resources/Sprites/Props/TreeStump.png
  artifactKey: Guid(69d5ea843a508084da59cd51bf547463) Importer(2089858483,0ecaa5967403d082aa24f35e1b516d23)
Start importing Assets/Mod Assets/Mod Resources/Sprites/Props/TreeStump.png using Guid(69d5ea843a508084da59cd51bf547463) Importer(2089858483,0ecaa5967403d082aa24f35e1b516d23) [PhysX] Initialized MultithreadedTaskDispatcher with 12 workers.
 -> (artifact id: 'dbff3f6c09c682a5f9456f310d24b932') in 0.025361 seconds
Number of updated asset objects reloaded before import = 0
Number of asset objects unloaded after import = 3
========================================================================
Received Import Request.
  Time since last request: 0.000016 seconds.
  path: Assets/Tutorials/BuildAndPublish/WT-OpenPublisher.png
  artifactKey: Guid(837030d6eaeb92b4aaba503b87f17491) Importer(2089858483,0ecaa5967403d082aa24f35e1b516d23)
Start importing Assets/Tutorials/BuildAndPublish/WT-OpenPublisher.png using Guid(837030d6eaeb92b4aaba503b87f17491) Importer(2089858483,0ecaa5967403d082aa24f35e1b516d23) [PhysX] Initialized MultithreadedTaskDispatcher with 12 workers.
 -> (artifact id: 'e5d43bd6f89d744b1491182cff180138') in 0.025181 seconds
Number of updated asset objects reloaded before import = 0
Number of asset objects unloaded after import = 3
========================================================================
Received Import Request.
  Time since last request: 0.000016 seconds.
  path: Assets/Settings/Medium_PipelineAsset.asset
  artifactKey: Guid(c893e697fe8740d4289d5f377d59096a) Importer(2089858483,0ecaa5967403d082aa24f35e1b516d23)
Start importing Assets/Settings/Medium_PipelineAsset.asset using Guid(c893e697fe8740d4289d5f377d59096a) Importer(2089858483,0ecaa5967403d082aa24f35e1b516d23) [PhysX] Initialized MultithreadedTaskDispatcher with 12 workers.
 -> (artifact id: '4e2dca678018f58b2748a7eee4853ba8') in 0.016862 seconds
Number of updated asset objects reloaded before import = 0
Number of asset objects unloaded after import = 2
========================================================================
Received Import Request.
  Time since last request: 0.000018 seconds.
  path: Assets/Character/Sprites/EnemyDeath - Copy.png
  artifactKey: Guid(2523d7a73b9d95a44a543cf91442102a) Importer(2089858483,0ecaa5967403d082aa24f35e1b516d23)
Start importing Assets/Character/Sprites/EnemyDeath - Copy.png using Guid(2523d7a73b9d95a44a543cf91442102a) Importer(2089858483,0ecaa5967403d082aa24f35e1b516d23) [PhysX] Initialized MultithreadedTaskDispatcher with 12 workers.
 -> (artifact id: '4fded7f1012ce0ad8cf80d0570375bd9') in 0.043746 seconds
Number of updated asset objects reloaded before import = 0
Number of asset objects unloaded after import = 15
========================================================================
Received Import Request.
  Time since last request: 0.000022 seconds.
  path: Assets/Editor/PatrolPathEditor.cs
  artifactKey: Guid(574b9f9d90f1a4e0180d882b20207004) Importer(2089858483,0ecaa5967403d082aa24f35e1b516d23)
Start importing Assets/Editor/PatrolPathEditor.cs using Guid(574b9f9d90f1a4e0180d882b20207004) Importer(2089858483,0ecaa5967403d082aa24f35e1b516d23) [PhysX] Initialized MultithreadedTaskDispatcher with 12 workers.
 -> (artifact id: '1b684dc88a66adda0bf7fb318852daa2') in 0.009156 seconds
Number of updated asset objects reloaded before import = 0
Number of asset objects unloaded after import = 1
========================================================================
Received Import Request.
  Time since last request: 0.000014 seconds.
  path: Assets/Environment/Tiles/ShortBuilding.asset
  artifactKey: Guid(98fb0806e350fff4dbbc95c161b8fa56) Importer(2089858483,0ecaa5967403d082aa24f35e1b516d23)
Start importing Assets/Environment/Tiles/ShortBuilding.asset using Guid(98fb0806e350fff4dbbc95c161b8fa56) Importer(2089858483,0ecaa5967403d082aa24f35e1b516d23) [PhysX] Initialized MultithreadedTaskDispatcher with 12 workers.
 -> (artifact id: 'b1e9a1960a96f447e6282d970a239a28') in 0.019877 seconds
Number of updated asset objects reloaded before import = 0
Number of asset objects unloaded after import = 3
========================================================================
Received Import Request.
  Time since last request: 0.000018 seconds.
  path: Assets/Scripts/Mechanics/GameController.cs
  artifactKey: Guid(7804c522061bd4c558b5008952406407) Importer(2089858483,0ecaa5967403d082aa24f35e1b516d23)
Start importing Assets/Scripts/Mechanics/GameController.cs using Guid(7804c522061bd4c558b5008952406407) Importer(2089858483,0ecaa5967403d082aa24f35e1b516d23) [PhysX] Initialized MultithreadedTaskDispatcher with 12 workers.
 -> (artifact id: '3a9a46bf2c0f5284947e52b5b69b4b50') in 0.011584 seconds
Number of updated asset objects reloaded before import = 0
Number of asset objects unloaded after import = 1
========================================================================
Received Import Request.
  Time since last request: 0.000014 seconds.
  path: Assets/Scripts/Gameplay/PlayerEnteredVictoryZone.cs
  artifactKey: Guid(7f69543bd2f704ed8a7a45ae002f648c) Importer(2089858483,0ecaa5967403d082aa24f35e1b516d23)
Start importing Assets/Scripts/Gameplay/PlayerEnteredVictoryZone.cs using Guid(7f69543bd2f704ed8a7a45ae002f648c) Importer(2089858483,0ecaa5967403d082aa24f35e1b516d23) [PhysX] Initialized MultithreadedTaskDispatcher with 12 workers.
 -> (artifact id: 'c4f18a96c2df8623d6e666612770612f') in 0.011273 seconds
Number of updated asset objects reloaded before import = 0
Number of asset objects unloaded after import = 1
========================================================================
Received Import Request.
  Time since last request: 0.000020 seconds.
  path: Assets/Environment/Sprites/Platform.png
  artifactKey: Guid(f7d38c3e420087c4fbe5126b713d2682) Importer(2089858483,0ecaa5967403d082aa24f35e1b516d23)
Start importing Assets/Environment/Sprites/Platform.png using Guid(f7d38c3e420087c4fbe5126b713d2682) Importer(2089858483,0ecaa5967403d082aa24f35e1b516d23) [PhysX] Initialized MultithreadedTaskDispatcher with 12 workers.
 -> (artifact id: 'e036805776bd56fb84a11005992b31ba') in 0.114127 seconds
Number of updated asset objects reloaded before import = 0
Number of asset objects unloaded after import = 83
========================================================================
Received Import Request.
  Time since last request: 0.000015 seconds.
  path: Assets/Environment/Sprites/fence.png
  artifactKey: Guid(5923f7e825e7cd44f9ae0017f0f1f139) Importer(2089858483,0ecaa5967403d082aa24f35e1b516d23)
Start importing Assets/Environment/Sprites/fence.png using Guid(5923f7e825e7cd44f9ae0017f0f1f139) Importer(2089858483,0ecaa5967403d082aa24f35e1b516d23) [PhysX] Initialized MultithreadedTaskDispatcher with 12 workers.
 -> (artifact id: 'd64fa60ce00e442e67c327b42bad8d41') in 0.013761 seconds
Number of updated asset objects reloaded before import = 0
Number of asset objects unloaded after import = 3
========================================================================
Received Import Request.
  Time since last request: 456.641167 seconds.
  path: Assets/Scenes/SampleSceneSettings.lighting
  artifactKey: Guid(cb493f2ff63eafd40ac4d138f90db5dc) Importer(815301076,1909f56bfc062723c751e8b465ee728b)
Start importing Assets/Scenes/SampleSceneSettings.lighting using Guid(cb493f2ff63eafd40ac4d138f90db5dc) Importer(815301076,1909f56bfc062723c751e8b465ee728b) [PhysX] Initialized MultithreadedTaskDispatcher with 12 workers.
 -> (artifact id: 'bf5e066bc51ee5f8a3a6f62ceefea890') in 0.016276 seconds
Number of updated asset objects reloaded before import = 0
Number of asset objects unloaded after import = 1
========================================================================
Received Import Request.
  Time since last request: 1.311233 seconds.
  path: Assets/Scenes/Menu.unity
  artifactKey: Guid(4d7802bb5d6158b4ca2fe71be8b56209) Importer(815301076,1909f56bfc062723c751e8b465ee728b)
Start importing Assets/Scenes/Menu.unity using Guid(4d7802bb5d6158b4ca2fe71be8b56209) Importer(815301076,1909f56bfc062723c751e8b465ee728b) [PhysX] Initialized MultithreadedTaskDispatcher with 12 workers.
 -> (artifact id: '27fdace8f3d6bdc84d47a1a36b345899') in 0.000537 seconds
Number of updated asset objects reloaded before import = 0
Number of asset objects unloaded after import = 0
========================================================================
Received Import Request.
  Time since last request: 148.750911 seconds.
  path: Assets/Scenes/Menu.unity
  artifactKey: Guid(4d7802bb5d6158b4ca2fe71be8b56209) Importer(2089858483,0ecaa5967403d082aa24f35e1b516d23)
Start importing Assets/Scenes/Menu.unity using Guid(4d7802bb5d6158b4ca2fe71be8b56209) Importer(2089858483,0ecaa5967403d082aa24f35e1b516d23) [PhysX] Initialized MultithreadedTaskDispatcher with 12 workers.
 -> (artifact id: 'c7659430e7fe0db13312819ac65f73f0') in 0.013047 seconds
Number of updated asset objects reloaded before import = 0
Number of asset objects unloaded after import = 1
========================================================================
Received Prepare
Caller must complete domain reload
Begin MonoManager ReloadAssembly
- Loaded All Assemblies, in  1.992 seconds
Native extension for WindowsStandalone target not found
Mono: successfully reloaded assembly
- Finished resetting the current domain, in 15.698 seconds
Domain Reload Profiling: 17685ms
	BeginReloadAssembly (180ms)
		ExecutionOrderSort (0ms)
		DisableScriptedObjects (7ms)
		BackupInstance (0ms)
		ReleaseScriptingObjects (0ms)
		CreateAndSetChildDomain (52ms)
	RebuildCommonClasses (112ms)
	RebuildNativeTypeToScriptingClass (8ms)
	initialDomainReloadingComplete (28ms)
	LoadAllAssembliesAndSetupDomain (1660ms)
		LoadAssemblies (1737ms)
		RebuildTransferFunctionScriptingTraits (0ms)
		AnalyzeDomain (15ms)
			TypeCache.Refresh (4ms)
				TypeCache.ScanAssembly (0ms)
			ScanForSourceGeneratedMonoScriptInfo (0ms)
			ResolveRequiredComponents (10ms)
	FinalizeReload (15699ms)
		ReleaseScriptCaches (0ms)
		RebuildScriptCaches (0ms)
		SetupLoadedEditorAssemblies (403ms)
			LogAssemblyErrors (0ms)
			InitializePlatformSupportModulesInManaged (6ms)
			SetLoadedEditorAssemblies (3ms)
			RefreshPlugins (0ms)
			BeforeProcessingInitializeOnLoad (78ms)
			ProcessInitializeOnLoadAttributes (253ms)
			ProcessInitializeOnLoadMethodAttributes (56ms)
			AfterProcessingInitializeOnLoad (8ms)
			EditorAssembliesLoaded (0ms)
		ExecutionOrderSort2 (0ms)
		AwakeInstancesAfterBackupRestoration (11ms)
Refreshing native plugins compatible for Editor in 6.31 ms, found 4 plugins.
Preloading 0 native plugins for Editor in 0.00 ms.
Unloading 6130 Unused Serialized files (Serialized files now loaded: 0)
Unloading 72 unused Assets / (3.7 MB). Loaded Objects now: 6886.
Memory consumption went from 215.0 MB to 211.3 MB.
Total: 4.187900 ms (FindLiveObjects: 0.466000 ms CreateObjectMapping: 0.098400 ms MarkObjects: 2.298600 ms  DeleteObjects: 1.324300 ms)

Prepare: number of updated asset objects reloaded= 0
AssetImportParameters requested are different than current active one (requested -> active):
  custom:container-demuxer-ogg: 62fdf1f143b41e24485cea50d1cbac27 -> 
  custom:video-decoder-ogg-theora: a1e56fd34408186e4bbccfd4996cb3dc -> 
  custom:framework-win-MediaFoundation: 216162199b28c13a410421893ffa2e32 -> 
  custom:CustomObjectIndexerAttribute: 72b91833f83ae208fae7752999fa3104 -> 
  custom:container-demuxer-webm: 4f35f7cbe854078d1ac9338744f61a02 -> 
  custom:container-muxer-webm: aa71ff27fc2769a1b78a27578f13a17b -> 
  custom:video-decoder-webm-vp8: 9c59270c3fd7afecdb556c50c9e8de78 -> 
  custom:SearchIndexIgnoredProperties: e643bd26f0fe6173181afceb89e7c659 -> 
  custom:AudioImporter_EditorPlatform: d09bf68614088b80899f8185d706f6e7 -> 
  custom:scripting/monoscript/fileName/StartButtonPress.cs: 171652a4042feb5894da6f28cd16f8b1 -> 
  custom:video-encoder-webm-vp8: eb34c28f22e8b96e1ab97ce403110664 -> 
  custom:audio-decoder-ogg-vorbis: bf7c407c2cedff20999df2af8eb42d56 -> 
  custom:audio-encoder-webm-vorbis: bf7c407c2cedff20999df2af8eb42d56 -> 
========================================================================
Received Prepare
Refreshing native plugins compatible for Editor in 7.72 ms, found 4 plugins.
Preloading 0 native plugins for Editor in 0.00 ms.
Unloading 53 Unused Serialized files (Serialized files now loaded: 0)
Unloading 53 unused Assets / (3.8 MB). Loaded Objects now: 6886.
Memory consumption went from 121.1 MB to 117.2 MB.
Total: 6.602800 ms (FindLiveObjects: 0.738500 ms CreateObjectMapping: 0.157500 ms MarkObjects: 3.639700 ms  DeleteObjects: 2.066200 ms)

Prepare: number of updated asset objects reloaded= 0
AssetImportParameters requested are different than current active one (requested -> active):
  custom:container-demuxer-ogg: 62fdf1f143b41e24485cea50d1cbac27 -> 
  custom:video-decoder-ogg-theora: a1e56fd34408186e4bbccfd4996cb3dc -> 
  custom:framework-win-MediaFoundation: 216162199b28c13a410421893ffa2e32 -> 
  custom:CustomObjectIndexerAttribute: 72b91833f83ae208fae7752999fa3104 -> 
  custom:container-demuxer-webm: 4f35f7cbe854078d1ac9338744f61a02 -> 
  custom:container-muxer-webm: aa71ff27fc2769a1b78a27578f13a17b -> 
  custom:video-decoder-webm-vp8: 9c59270c3fd7afecdb556c50c9e8de78 -> 
  custom:SearchIndexIgnoredProperties: e643bd26f0fe6173181afceb89e7c659 -> 
  custom:AudioImporter_EditorPlatform: d09bf68614088b80899f8185d706f6e7 -> 
  custom:scripting/monoscript/fileName/StartButtonPress.cs: 171652a4042feb5894da6f28cd16f8b1 -> 
  custom:video-encoder-webm-vp8: eb34c28f22e8b96e1ab97ce403110664 -> 
  custom:audio-decoder-ogg-vorbis: bf7c407c2cedff20999df2af8eb42d56 -> 
  custom:audio-encoder-webm-vorbis: bf7c407c2cedff20999df2af8eb42d56 -> 
========================================================================
Received Prepare
Caller must complete domain reload
Begin MonoManager ReloadAssembly
- Loaded All Assemblies, in  0.368 seconds
Native extension for WindowsStandalone target not found
Mono: successfully reloaded assembly
- Finished resetting the current domain, in  1.360 seconds
Domain Reload Profiling: 1723ms
	BeginReloadAssembly (121ms)
		ExecutionOrderSort (0ms)
		DisableScriptedObjects (6ms)
		BackupInstance (0ms)
		ReleaseScriptingObjects (0ms)
		CreateAndSetChildDomain (31ms)
	RebuildCommonClasses (21ms)
	RebuildNativeTypeToScriptingClass (8ms)
	initialDomainReloadingComplete (25ms)
	LoadAllAssembliesAndSetupDomain (188ms)
		LoadAssemblies (228ms)
		RebuildTransferFunctionScriptingTraits (0ms)
		AnalyzeDomain (15ms)
			TypeCache.Refresh (5ms)
				TypeCache.ScanAssembly (0ms)
			ScanForSourceGeneratedMonoScriptInfo (0ms)
			ResolveRequiredComponents (8ms)
	FinalizeReload (1361ms)
		ReleaseScriptCaches (0ms)
		RebuildScriptCaches (0ms)
		SetupLoadedEditorAssemblies (405ms)
			LogAssemblyErrors (0ms)
			InitializePlatformSupportModulesInManaged (6ms)
			SetLoadedEditorAssemblies (3ms)
			RefreshPlugins (0ms)
			BeforeProcessingInitializeOnLoad (81ms)
			ProcessInitializeOnLoadAttributes (251ms)
			ProcessInitializeOnLoadMethodAttributes (56ms)
			AfterProcessingInitializeOnLoad (8ms)
			EditorAssembliesLoaded (0ms)
		ExecutionOrderSort2 (0ms)
		AwakeInstancesAfterBackupRestoration (13ms)
Refreshing native plugins compatible for Editor in 9.92 ms, found 4 plugins.
Preloading 0 native plugins for Editor in 0.00 ms.
Unloading 6130 Unused Serialized files (Serialized files now loaded: 0)
Unloading 72 unused Assets / (3.8 MB). Loaded Objects now: 6903.
Memory consumption went from 215.2 MB to 211.3 MB.
Total: 4.242900 ms (FindLiveObjects: 0.493300 ms CreateObjectMapping: 0.095700 ms MarkObjects: 2.212400 ms  DeleteObjects: 1.440800 ms)

Prepare: number of updated asset objects reloaded= 0
AssetImportParameters requested are different than current active one (requested -> active):
  custom:container-demuxer-ogg: 62fdf1f143b41e24485cea50d1cbac27 -> 
  custom:video-decoder-ogg-theora: a1e56fd34408186e4bbccfd4996cb3dc -> 
  custom:framework-win-MediaFoundation: 216162199b28c13a410421893ffa2e32 -> 
  custom:CustomObjectIndexerAttribute: 72b91833f83ae208fae7752999fa3104 -> 
  custom:container-demuxer-webm: 4f35f7cbe854078d1ac9338744f61a02 -> 
  custom:container-muxer-webm: aa71ff27fc2769a1b78a27578f13a17b -> 
  custom:video-decoder-webm-vp8: 9c59270c3fd7afecdb556c50c9e8de78 -> 
  custom:SearchIndexIgnoredProperties: e643bd26f0fe6173181afceb89e7c659 -> 
  custom:AudioImporter_EditorPlatform: d09bf68614088b80899f8185d706f6e7 -> 
  custom:scripting/monoscript/fileName/StartButtonPress.cs: 171652a4042feb5894da6f28cd16f8b1 -> 
  custom:video-encoder-webm-vp8: eb34c28f22e8b96e1ab97ce403110664 -> 
  custom:audio-decoder-ogg-vorbis: bf7c407c2cedff20999df2af8eb42d56 -> 
  custom:audio-encoder-webm-vorbis: bf7c407c2cedff20999df2af8eb42d56 -> 
========================================================================
Received Prepare
Caller must complete domain reload
Begin MonoManager ReloadAssembly
- Loaded All Assemblies, in  0.370 seconds
Native extension for WindowsStandalone target not found
Mono: successfully reloaded assembly
- Finished resetting the current domain, in  1.119 seconds
Domain Reload Profiling: 1485ms
	BeginReloadAssembly (122ms)
		ExecutionOrderSort (0ms)
		DisableScriptedObjects (7ms)
		BackupInstance (0ms)
		ReleaseScriptingObjects (0ms)
		CreateAndSetChildDomain (32ms)
	RebuildCommonClasses (21ms)
	RebuildNativeTypeToScriptingClass (8ms)
	initialDomainReloadingComplete (23ms)
	LoadAllAssembliesAndSetupDomain (190ms)
		LoadAssemblies (231ms)
		RebuildTransferFunctionScriptingTraits (0ms)
		AnalyzeDomain (16ms)
			TypeCache.Refresh (5ms)
				TypeCache.ScanAssembly (0ms)
			ScanForSourceGeneratedMonoScriptInfo (0ms)
			ResolveRequiredComponents (9ms)
	FinalizeReload (1120ms)
		ReleaseScriptCaches (0ms)
		RebuildScriptCaches (0ms)
		SetupLoadedEditorAssemblies (401ms)
			LogAssemblyErrors (0ms)
			InitializePlatformSupportModulesInManaged (6ms)
			SetLoadedEditorAssemblies (3ms)
			RefreshPlugins (0ms)
			BeforeProcessingInitializeOnLoad (77ms)
			ProcessInitializeOnLoadAttributes (250ms)
			ProcessInitializeOnLoadMethodAttributes (56ms)
			AfterProcessingInitializeOnLoad (8ms)
			EditorAssembliesLoaded (0ms)
		ExecutionOrderSort2 (0ms)
		AwakeInstancesAfterBackupRestoration (13ms)
Refreshing native plugins compatible for Editor in 25.38 ms, found 4 plugins.
Preloading 0 native plugins for Editor in 0.00 ms.
Unloading 6130 Unused Serialized files (Serialized files now loaded: 0)
Unloading 72 unused Assets / (3.8 MB). Loaded Objects now: 6920.
Memory consumption went from 215.1 MB to 211.3 MB.
Total: 4.315600 ms (FindLiveObjects: 0.465100 ms CreateObjectMapping: 0.164200 ms MarkObjects: 2.208000 ms  DeleteObjects: 1.477600 ms)

Prepare: number of updated asset objects reloaded= 0
AssetImportParameters requested are different than current active one (requested -> active):
  custom:container-demuxer-ogg: 62fdf1f143b41e24485cea50d1cbac27 -> 
  custom:video-decoder-ogg-theora: a1e56fd34408186e4bbccfd4996cb3dc -> 
  custom:framework-win-MediaFoundation: 216162199b28c13a410421893ffa2e32 -> 
  custom:CustomObjectIndexerAttribute: 72b91833f83ae208fae7752999fa3104 -> 
  custom:container-demuxer-webm: 4f35f7cbe854078d1ac9338744f61a02 -> 
  custom:container-muxer-webm: aa71ff27fc2769a1b78a27578f13a17b -> 
  custom:video-decoder-webm-vp8: 9c59270c3fd7afecdb556c50c9e8de78 -> 
  custom:SearchIndexIgnoredProperties: e643bd26f0fe6173181afceb89e7c659 -> 
  custom:AudioImporter_EditorPlatform: d09bf68614088b80899f8185d706f6e7 -> 
  custom:scripting/monoscript/fileName/StartButtonPress.cs: 171652a4042feb5894da6f28cd16f8b1 -> 
  custom:video-encoder-webm-vp8: eb34c28f22e8b96e1ab97ce403110664 -> 
  custom:audio-decoder-ogg-vorbis: bf7c407c2cedff20999df2af8eb42d56 -> 
  custom:audio-encoder-webm-vorbis: bf7c407c2cedff20999df2af8eb42d56 -> 
========================================================================
Received Prepare
Caller must complete domain reload
Begin MonoManager ReloadAssembly
- Loaded All Assemblies, in  0.365 seconds
Native extension for WindowsStandalone target not found
Mono: successfully reloaded assembly
- Finished resetting the current domain, in  1.159 seconds
Domain Reload Profiling: 1520ms
	BeginReloadAssembly (122ms)
		ExecutionOrderSort (0ms)
		DisableScriptedObjects (7ms)
		BackupInstance (0ms)
		ReleaseScriptingObjects (0ms)
		CreateAndSetChildDomain (31ms)
	RebuildCommonClasses (21ms)
	RebuildNativeTypeToScriptingClass (7ms)
	initialDomainReloadingComplete (23ms)
	LoadAllAssembliesAndSetupDomain (188ms)
		LoadAssemblies (229ms)
		RebuildTransferFunctionScriptingTraits (0ms)
		AnalyzeDomain (14ms)
			TypeCache.Refresh (5ms)
				TypeCache.ScanAssembly (0ms)
			ScanForSourceGeneratedMonoScriptInfo (0ms)
			ResolveRequiredComponents (8ms)
	FinalizeReload (1160ms)
		ReleaseScriptCaches (0ms)
		RebuildScriptCaches (0ms)
		SetupLoadedEditorAssemblies (409ms)
			LogAssemblyErrors (0ms)
			InitializePlatformSupportModulesInManaged (6ms)
			SetLoadedEditorAssemblies (2ms)
			RefreshPlugins (0ms)
			BeforeProcessingInitializeOnLoad (79ms)
			ProcessInitializeOnLoadAttributes (258ms)
			ProcessInitializeOnLoadMethodAttributes (55ms)
			AfterProcessingInitializeOnLoad (8ms)
			EditorAssembliesLoaded (0ms)
		ExecutionOrderSort2 (0ms)
		AwakeInstancesAfterBackupRestoration (12ms)
Refreshing native plugins compatible for Editor in 21.99 ms, found 4 plugins.
Preloading 0 native plugins for Editor in 0.00 ms.
Unloading 6130 Unused Serialized files (Serialized files now loaded: 0)
Unloading 72 unused Assets / (3.8 MB). Loaded Objects now: 6937.
Memory consumption went from 215.2 MB to 211.4 MB.
Total: 4.792200 ms (FindLiveObjects: 0.430700 ms CreateObjectMapping: 0.225200 ms MarkObjects: 2.639300 ms  DeleteObjects: 1.496100 ms)

Prepare: number of updated asset objects reloaded= 0
AssetImportParameters requested are different than current active one (requested -> active):
  custom:container-demuxer-ogg: 62fdf1f143b41e24485cea50d1cbac27 -> 
  custom:video-decoder-ogg-theora: a1e56fd34408186e4bbccfd4996cb3dc -> 
  custom:framework-win-MediaFoundation: 216162199b28c13a410421893ffa2e32 -> 
  custom:CustomObjectIndexerAttribute: 72b91833f83ae208fae7752999fa3104 -> 
  custom:container-demuxer-webm: 4f35f7cbe854078d1ac9338744f61a02 -> 
  custom:container-muxer-webm: aa71ff27fc2769a1b78a27578f13a17b -> 
  custom:video-decoder-webm-vp8: 9c59270c3fd7afecdb556c50c9e8de78 -> 
  custom:SearchIndexIgnoredProperties: e643bd26f0fe6173181afceb89e7c659 -> 
  custom:AudioImporter_EditorPlatform: d09bf68614088b80899f8185d706f6e7 -> 
  custom:scripting/monoscript/fileName/StartButtonPress.cs: 171652a4042feb5894da6f28cd16f8b1 -> 
  custom:video-encoder-webm-vp8: eb34c28f22e8b96e1ab97ce403110664 -> 
  custom:audio-decoder-ogg-vorbis: bf7c407c2cedff20999df2af8eb42d56 -> 
  custom:audio-encoder-webm-vorbis: bf7c407c2cedff20999df2af8eb42d56 -> 
========================================================================
Received Prepare
Caller must complete domain reload
Begin MonoManager ReloadAssembly
- Loaded All Assemblies, in  0.369 seconds
Native extension for WindowsStandalone target not found
Mono: successfully reloaded assembly
- Finished resetting the current domain, in  1.141 seconds
Domain Reload Profiling: 1505ms
	BeginReloadAssembly (122ms)
		ExecutionOrderSort (0ms)
		DisableScriptedObjects (6ms)
		BackupInstance (0ms)
		ReleaseScriptingObjects (0ms)
		CreateAndSetChildDomain (31ms)
	RebuildCommonClasses (23ms)
	RebuildNativeTypeToScriptingClass (8ms)
	initialDomainReloadingComplete (23ms)
	LoadAllAssembliesAndSetupDomain (188ms)
		LoadAssemblies (229ms)
		RebuildTransferFunctionScriptingTraits (0ms)
		AnalyzeDomain (15ms)
			TypeCache.Refresh (5ms)
				TypeCache.ScanAssembly (0ms)
			ScanForSourceGeneratedMonoScriptInfo (0ms)
			ResolveRequiredComponents (9ms)
	FinalizeReload (1141ms)
		ReleaseScriptCaches (0ms)
		RebuildScriptCaches (0ms)
		SetupLoadedEditorAssemblies (401ms)
			LogAssemblyErrors (0ms)
			InitializePlatformSupportModulesInManaged (6ms)
			SetLoadedEditorAssemblies (2ms)
			RefreshPlugins (0ms)
			BeforeProcessingInitializeOnLoad (77ms)
			ProcessInitializeOnLoadAttributes (251ms)
			ProcessInitializeOnLoadMethodAttributes (55ms)
			AfterProcessingInitializeOnLoad (8ms)
			EditorAssembliesLoaded (0ms)
		ExecutionOrderSort2 (0ms)
		AwakeInstancesAfterBackupRestoration (13ms)
Refreshing native plugins compatible for Editor in 10.29 ms, found 4 plugins.
Preloading 0 native plugins for Editor in 0.00 ms.
Unloading 6130 Unused Serialized files (Serialized files now loaded: 0)
Unloading 72 unused Assets / (3.8 MB). Loaded Objects now: 6954.
Memory consumption went from 215.3 MB to 211.4 MB.
Total: 8.024500 ms (FindLiveObjects: 0.815100 ms CreateObjectMapping: 0.173000 ms MarkObjects: 4.908900 ms  DeleteObjects: 2.126500 ms)

Prepare: number of updated asset objects reloaded= 0
AssetImportParameters requested are different than current active one (requested -> active):
  custom:container-demuxer-ogg: 62fdf1f143b41e24485cea50d1cbac27 -> 
  custom:video-decoder-ogg-theora: a1e56fd34408186e4bbccfd4996cb3dc -> 
  custom:framework-win-MediaFoundation: 216162199b28c13a410421893ffa2e32 -> 
  custom:CustomObjectIndexerAttribute: 72b91833f83ae208fae7752999fa3104 -> 
  custom:container-demuxer-webm: 4f35f7cbe854078d1ac9338744f61a02 -> 
  custom:container-muxer-webm: aa71ff27fc2769a1b78a27578f13a17b -> 
  custom:video-decoder-webm-vp8: 9c59270c3fd7afecdb556c50c9e8de78 -> 
  custom:SearchIndexIgnoredProperties: e643bd26f0fe6173181afceb89e7c659 -> 
  custom:AudioImporter_EditorPlatform: d09bf68614088b80899f8185d706f6e7 -> 
  custom:scripting/monoscript/fileName/StartButtonPress.cs: 171652a4042feb5894da6f28cd16f8b1 -> 
  custom:video-encoder-webm-vp8: eb34c28f22e8b96e1ab97ce403110664 -> 
  custom:audio-decoder-ogg-vorbis: bf7c407c2cedff20999df2af8eb42d56 -> 
  custom:audio-encoder-webm-vorbis: bf7c407c2cedff20999df2af8eb42d56 -> 
========================================================================
Received Prepare
Caller must complete domain reload
Begin MonoManager ReloadAssembly
- Loaded All Assemblies, in  0.365 seconds
Native extension for WindowsStandalone target not found
Mono: successfully reloaded assembly
- Finished resetting the current domain, in  1.103 seconds
Domain Reload Profiling: 1464ms
	BeginReloadAssembly (121ms)
		ExecutionOrderSort (0ms)
		DisableScriptedObjects (6ms)
		BackupInstance (0ms)
		ReleaseScriptingObjects (0ms)
		CreateAndSetChildDomain (30ms)
	RebuildCommonClasses (23ms)
	RebuildNativeTypeToScriptingClass (9ms)
	initialDomainReloadingComplete (23ms)
	LoadAllAssembliesAndSetupDomain (185ms)
		LoadAssemblies (226ms)
		RebuildTransferFunctionScriptingTraits (0ms)
		AnalyzeDomain (15ms)
			TypeCache.Refresh (4ms)
				TypeCache.ScanAssembly (0ms)
			ScanForSourceGeneratedMonoScriptInfo (0ms)
			ResolveRequiredComponents (9ms)
	FinalizeReload (1104ms)
		ReleaseScriptCaches (0ms)
		RebuildScriptCaches (0ms)
		SetupLoadedEditorAssemblies (355ms)
			LogAssemblyErrors (0ms)
			InitializePlatformSupportModulesInManaged (6ms)
			SetLoadedEditorAssemblies (3ms)
			RefreshPlugins (0ms)
			BeforeProcessingInitializeOnLoad (69ms)
			ProcessInitializeOnLoadAttributes (222ms)
			ProcessInitializeOnLoadMethodAttributes (48ms)
			AfterProcessingInitializeOnLoad (7ms)
			EditorAssembliesLoaded (0ms)
		ExecutionOrderSort2 (0ms)
		AwakeInstancesAfterBackupRestoration (12ms)
Refreshing native plugins compatible for Editor in 10.40 ms, found 4 plugins.
Preloading 0 native plugins for Editor in 0.00 ms.
Unloading 6130 Unused Serialized files (Serialized files now loaded: 0)
Unloading 72 unused Assets / (3.8 MB). Loaded Objects now: 6971.
Memory consumption went from 215.2 MB to 211.4 MB.
Total: 11.249500 ms (FindLiveObjects: 3.365300 ms CreateObjectMapping: 0.674200 ms MarkObjects: 4.431300 ms  DeleteObjects: 2.777700 ms)

Prepare: number of updated asset objects reloaded= 0
AssetImportParameters requested are different than current active one (requested -> active):
  custom:container-demuxer-ogg: 62fdf1f143b41e24485cea50d1cbac27 -> 
  custom:video-decoder-ogg-theora: a1e56fd34408186e4bbccfd4996cb3dc -> 
  custom:framework-win-MediaFoundation: 216162199b28c13a410421893ffa2e32 -> 
  custom:CustomObjectIndexerAttribute: 72b91833f83ae208fae7752999fa3104 -> 
  custom:container-demuxer-webm: 4f35f7cbe854078d1ac9338744f61a02 -> 
  custom:container-muxer-webm: aa71ff27fc2769a1b78a27578f13a17b -> 
  custom:video-decoder-webm-vp8: 9c59270c3fd7afecdb556c50c9e8de78 -> 
  custom:SearchIndexIgnoredProperties: e643bd26f0fe6173181afceb89e7c659 -> 
  custom:AudioImporter_EditorPlatform: d09bf68614088b80899f8185d706f6e7 -> 
  custom:scripting/monoscript/fileName/StartButtonPress.cs: 171652a4042feb5894da6f28cd16f8b1 -> 
  custom:video-encoder-webm-vp8: eb34c28f22e8b96e1ab97ce403110664 -> 
  custom:audio-decoder-ogg-vorbis: bf7c407c2cedff20999df2af8eb42d56 -> 
  custom:audio-encoder-webm-vorbis: bf7c407c2cedff20999df2af8eb42d56 -> 
========================================================================
Received Prepare
Caller must complete domain reload
Begin MonoManager ReloadAssembly
- Loaded All Assemblies, in  0.372 seconds
Native extension for WindowsStandalone target not found
Mono: successfully reloaded assembly
- Finished resetting the current domain, in  1.161 seconds
Domain Reload Profiling: 1527ms
	BeginReloadAssembly (127ms)
		ExecutionOrderSort (0ms)
		DisableScriptedObjects (7ms)
		BackupInstance (0ms)
		ReleaseScriptingObjects (0ms)
		CreateAndSetChildDomain (33ms)
	RebuildCommonClasses (23ms)
	RebuildNativeTypeToScriptingClass (7ms)
	initialDomainReloadingComplete (23ms)
	LoadAllAssembliesAndSetupDomain (186ms)
		LoadAssemblies (230ms)
		RebuildTransferFunctionScriptingTraits (0ms)
		AnalyzeDomain (14ms)
			TypeCache.Refresh (5ms)
				TypeCache.ScanAssembly (0ms)
			ScanForSourceGeneratedMonoScriptInfo (0ms)
			ResolveRequiredComponents (8ms)
	FinalizeReload (1161ms)
		ReleaseScriptCaches (0ms)
		RebuildScriptCaches (0ms)
		SetupLoadedEditorAssemblies (406ms)
			LogAssemblyErrors (0ms)
			InitializePlatformSupportModulesInManaged (6ms)
			SetLoadedEditorAssemblies (3ms)
			RefreshPlugins (0ms)
			BeforeProcessingInitializeOnLoad (75ms)
			ProcessInitializeOnLoadAttributes (253ms)
			ProcessInitializeOnLoadMethodAttributes (60ms)
			AfterProcessingInitializeOnLoad (9ms)
			EditorAssembliesLoaded (0ms)
		ExecutionOrderSort2 (0ms)
		AwakeInstancesAfterBackupRestoration (13ms)
Refreshing native plugins compatible for Editor in 7.81 ms, found 4 plugins.
Preloading 0 native plugins for Editor in 0.00 ms.
Unloading 6130 Unused Serialized files (Serialized files now loaded: 0)
Unloading 72 unused Assets / (3.8 MB). Loaded Objects now: 6988.
Memory consumption went from 215.2 MB to 211.4 MB.
Total: 7.484800 ms (FindLiveObjects: 1.266500 ms CreateObjectMapping: 0.833000 ms MarkObjects: 3.584000 ms  DeleteObjects: 1.800800 ms)

Prepare: number of updated asset objects reloaded= 0
AssetImportParameters requested are different than current active one (requested -> active):
  custom:container-demuxer-ogg: 62fdf1f143b41e24485cea50d1cbac27 -> 
  custom:video-decoder-ogg-theora: a1e56fd34408186e4bbccfd4996cb3dc -> 
  custom:framework-win-MediaFoundation: 216162199b28c13a410421893ffa2e32 -> 
  custom:CustomObjectIndexerAttribute: 72b91833f83ae208fae7752999fa3104 -> 
  custom:container-demuxer-webm: 4f35f7cbe854078d1ac9338744f61a02 -> 
  custom:container-muxer-webm: aa71ff27fc2769a1b78a27578f13a17b -> 
  custom:video-decoder-webm-vp8: 9c59270c3fd7afecdb556c50c9e8de78 -> 
  custom:SearchIndexIgnoredProperties: e643bd26f0fe6173181afceb89e7c659 -> 
  custom:AudioImporter_EditorPlatform: d09bf68614088b80899f8185d706f6e7 -> 
  custom:scripting/monoscript/fileName/StartButtonPress.cs: 171652a4042feb5894da6f28cd16f8b1 -> 
  custom:video-encoder-webm-vp8: eb34c28f22e8b96e1ab97ce403110664 -> 
  custom:audio-decoder-ogg-vorbis: bf7c407c2cedff20999df2af8eb42d56 -> 
  custom:audio-encoder-webm-vorbis: bf7c407c2cedff20999df2af8eb42d56 -> 
========================================================================
Received Prepare
Refreshing native plugins compatible for Editor in 9.99 ms, found 4 plugins.
Preloading 0 native plugins for Editor in 0.00 ms.
Unloading 53 Unused Serialized files (Serialized files now loaded: 0)
Unloading 53 unused Assets / (3.7 MB). Loaded Objects now: 6988.
Memory consumption went from 121.1 MB to 117.3 MB.
Total: 7.583300 ms (FindLiveObjects: 0.834900 ms CreateObjectMapping: 0.497200 ms MarkObjects: 4.233200 ms  DeleteObjects: 2.017100 ms)

Prepare: number of updated asset objects reloaded= 0
AssetImportParameters requested are different than current active one (requested -> active):
  custom:container-demuxer-ogg: 62fdf1f143b41e24485cea50d1cbac27 -> 
  custom:video-decoder-ogg-theora: a1e56fd34408186e4bbccfd4996cb3dc -> 
  custom:framework-win-MediaFoundation: 216162199b28c13a410421893ffa2e32 -> 
  custom:CustomObjectIndexerAttribute: 72b91833f83ae208fae7752999fa3104 -> 
  custom:container-demuxer-webm: 4f35f7cbe854078d1ac9338744f61a02 -> 
  custom:container-muxer-webm: aa71ff27fc2769a1b78a27578f13a17b -> 
  custom:video-decoder-webm-vp8: 9c59270c3fd7afecdb556c50c9e8de78 -> 
  custom:SearchIndexIgnoredProperties: e643bd26f0fe6173181afceb89e7c659 -> 
  custom:AudioImporter_EditorPlatform: d09bf68614088b80899f8185d706f6e7 -> 
  custom:scripting/monoscript/fileName/StartButtonPress.cs: 171652a4042feb5894da6f28cd16f8b1 -> 
  custom:video-encoder-webm-vp8: eb34c28f22e8b96e1ab97ce403110664 -> 
  custom:audio-decoder-ogg-vorbis: bf7c407c2cedff20999df2af8eb42d56 -> 
  custom:audio-encoder-webm-vorbis: bf7c407c2cedff20999df2af8eb42d56 -> 
========================================================================
Received Prepare
Refreshing native plugins compatible for Editor in 6.67 ms, found 4 plugins.
Preloading 0 native plugins for Editor in 0.00 ms.
Unloading 53 Unused Serialized files (Serialized files now loaded: 0)
Unloading 53 unused Assets / (3.8 MB). Loaded Objects now: 6988.
Memory consumption went from 120.4 MB to 116.6 MB.
Total: 6.745100 ms (FindLiveObjects: 0.683800 ms CreateObjectMapping: 0.143300 ms MarkObjects: 3.744600 ms  DeleteObjects: 2.172500 ms)

Prepare: number of updated asset objects reloaded= 0
AssetImportParameters requested are different than current active one (requested -> active):
  custom:container-demuxer-ogg: 62fdf1f143b41e24485cea50d1cbac27 -> 
  custom:video-decoder-ogg-theora: a1e56fd34408186e4bbccfd4996cb3dc -> 
  custom:framework-win-MediaFoundation: 216162199b28c13a410421893ffa2e32 -> 
  custom:CustomObjectIndexerAttribute: 72b91833f83ae208fae7752999fa3104 -> 
  custom:container-demuxer-webm: 4f35f7cbe854078d1ac9338744f61a02 -> 
  custom:container-muxer-webm: aa71ff27fc2769a1b78a27578f13a17b -> 
  custom:video-decoder-webm-vp8: 9c59270c3fd7afecdb556c50c9e8de78 -> 
  custom:SearchIndexIgnoredProperties: e643bd26f0fe6173181afceb89e7c659 -> 
  custom:AudioImporter_EditorPlatform: d09bf68614088b80899f8185d706f6e7 -> 
  custom:scripting/monoscript/fileName/StartButtonPress.cs: 171652a4042feb5894da6f28cd16f8b1 -> 
  custom:video-encoder-webm-vp8: eb34c28f22e8b96e1ab97ce403110664 -> 
  custom:audio-decoder-ogg-vorbis: bf7c407c2cedff20999df2af8eb42d56 -> 
  custom:audio-encoder-webm-vorbis: bf7c407c2cedff20999df2af8eb42d56 -> 
========================================================================
Received Prepare
Caller must complete domain reload
Begin MonoManager ReloadAssembly
- Loaded All Assemblies, in  0.403 seconds
Native extension for WindowsStandalone target not found
Mono: successfully reloaded assembly
- Finished resetting the current domain, in  1.337 seconds
Domain Reload Profiling: 1735ms
	BeginReloadAssembly (123ms)
		ExecutionOrderSort (0ms)
		DisableScriptedObjects (7ms)
		BackupInstance (0ms)
		ReleaseScriptingObjects (0ms)
		CreateAndSetChildDomain (30ms)
	RebuildCommonClasses (24ms)
	RebuildNativeTypeToScriptingClass (8ms)
	initialDomainReloadingComplete (26ms)
	LoadAllAssembliesAndSetupDomain (216ms)
		LoadAssemblies (238ms)
		RebuildTransferFunctionScriptingTraits (0ms)
		AnalyzeDomain (36ms)
			TypeCache.Refresh (9ms)
				TypeCache.ScanAssembly (0ms)
			ScanForSourceGeneratedMonoScriptInfo (18ms)
			ResolveRequiredComponents (9ms)
	FinalizeReload (1338ms)
		ReleaseScriptCaches (0ms)
		RebuildScriptCaches (0ms)
		SetupLoadedEditorAssemblies (389ms)
			LogAssemblyErrors (0ms)
			InitializePlatformSupportModulesInManaged (6ms)
			SetLoadedEditorAssemblies (2ms)
			RefreshPlugins (0ms)
			BeforeProcessingInitializeOnLoad (75ms)
			ProcessInitializeOnLoadAttributes (244ms)
			ProcessInitializeOnLoadMethodAttributes (54ms)
			AfterProcessingInitializeOnLoad (8ms)
			EditorAssembliesLoaded (0ms)
		ExecutionOrderSort2 (0ms)
		AwakeInstancesAfterBackupRestoration (12ms)
Refreshing native plugins compatible for Editor in 20.27 ms, found 4 plugins.
Preloading 0 native plugins for Editor in 0.00 ms.
Unloading 6130 Unused Serialized files (Serialized files now loaded: 0)
Unloading 72 unused Assets / (3.8 MB). Loaded Objects now: 7005.
Memory consumption went from 215.3 MB to 211.5 MB.
Total: 5.430300 ms (FindLiveObjects: 0.518100 ms CreateObjectMapping: 0.274800 ms MarkObjects: 2.734700 ms  DeleteObjects: 1.901700 ms)

Prepare: number of updated asset objects reloaded= 0
AssetImportParameters requested are different than current active one (requested -> active):
  custom:container-demuxer-ogg: 62fdf1f143b41e24485cea50d1cbac27 -> 
  custom:video-decoder-ogg-theora: a1e56fd34408186e4bbccfd4996cb3dc -> 
  custom:framework-win-MediaFoundation: 216162199b28c13a410421893ffa2e32 -> 
  custom:CustomObjectIndexerAttribute: 72b91833f83ae208fae7752999fa3104 -> 
  custom:container-demuxer-webm: 4f35f7cbe854078d1ac9338744f61a02 -> 
  custom:container-muxer-webm: aa71ff27fc2769a1b78a27578f13a17b -> 
  custom:video-decoder-webm-vp8: 9c59270c3fd7afecdb556c50c9e8de78 -> 
  custom:SearchIndexIgnoredProperties: e643bd26f0fe6173181afceb89e7c659 -> 
  custom:AudioImporter_EditorPlatform: d09bf68614088b80899f8185d706f6e7 -> 
  custom:scripting/monoscript/fileName/StartButtonPress.cs: 171652a4042feb5894da6f28cd16f8b1 -> 
  custom:video-encoder-webm-vp8: eb34c28f22e8b96e1ab97ce403110664 -> 
  custom:audio-decoder-ogg-vorbis: bf7c407c2cedff20999df2af8eb42d56 -> 
  custom:audio-encoder-webm-vorbis: bf7c407c2cedff20999df2af8eb42d56 -> 
========================================================================
Received Prepare
Caller must complete domain reload
Begin MonoManager ReloadAssembly
- Loaded All Assemblies, in  0.376 seconds
Native extension for WindowsStandalone target not found
Mono: successfully reloaded assembly
- Finished resetting the current domain, in  1.173 seconds
Domain Reload Profiling: 1545ms
	BeginReloadAssembly (127ms)
		ExecutionOrderSort (0ms)
		DisableScriptedObjects (7ms)
		BackupInstance (0ms)
		ReleaseScriptingObjects (0ms)
		CreateAndSetChildDomain (32ms)
	RebuildCommonClasses (21ms)
	RebuildNativeTypeToScriptingClass (9ms)
	initialDomainReloadingComplete (25ms)
	LoadAllAssembliesAndSetupDomain (190ms)
		LoadAssemblies (234ms)
		RebuildTransferFunctionScriptingTraits (0ms)
		AnalyzeDomain (14ms)
			TypeCache.Refresh (5ms)
				TypeCache.ScanAssembly (0ms)
			ScanForSourceGeneratedMonoScriptInfo (0ms)
			ResolveRequiredComponents (8ms)
	FinalizeReload (1174ms)
		ReleaseScriptCaches (0ms)
		RebuildScriptCaches (0ms)
		SetupLoadedEditorAssemblies (445ms)
			LogAssemblyErrors (0ms)
			InitializePlatformSupportModulesInManaged (6ms)
			SetLoadedEditorAssemblies (3ms)
			RefreshPlugins (0ms)
			BeforeProcessingInitializeOnLoad (69ms)
			ProcessInitializeOnLoadAttributes (292ms)
			ProcessInitializeOnLoadMethodAttributes (65ms)
			AfterProcessingInitializeOnLoad (9ms)
			EditorAssembliesLoaded (0ms)
		ExecutionOrderSort2 (0ms)
		AwakeInstancesAfterBackupRestoration (16ms)
Refreshing native plugins compatible for Editor in 7.02 ms, found 4 plugins.
Preloading 0 native plugins for Editor in 0.00 ms.
Unloading 6130 Unused Serialized files (Serialized files now loaded: 0)
Unloading 72 unused Assets / (3.8 MB). Loaded Objects now: 7022.
Memory consumption went from 215.3 MB to 211.5 MB.
Total: 12.497100 ms (FindLiveObjects: 0.974200 ms CreateObjectMapping: 0.351100 ms MarkObjects: 7.085200 ms  DeleteObjects: 4.085000 ms)

Prepare: number of updated asset objects reloaded= 0
AssetImportParameters requested are different than current active one (requested -> active):
  custom:container-demuxer-ogg: 62fdf1f143b41e24485cea50d1cbac27 -> 
  custom:video-decoder-ogg-theora: a1e56fd34408186e4bbccfd4996cb3dc -> 
  custom:framework-win-MediaFoundation: 216162199b28c13a410421893ffa2e32 -> 
  custom:CustomObjectIndexerAttribute: 72b91833f83ae208fae7752999fa3104 -> 
  custom:container-demuxer-webm: 4f35f7cbe854078d1ac9338744f61a02 -> 
  custom:container-muxer-webm: aa71ff27fc2769a1b78a27578f13a17b -> 
  custom:video-decoder-webm-vp8: 9c59270c3fd7afecdb556c50c9e8de78 -> 
  custom:SearchIndexIgnoredProperties: e643bd26f0fe6173181afceb89e7c659 -> 
  custom:AudioImporter_EditorPlatform: d09bf68614088b80899f8185d706f6e7 -> 
  custom:scripting/monoscript/fileName/StartButtonPress.cs: 171652a4042feb5894da6f28cd16f8b1 -> 
  custom:video-encoder-webm-vp8: eb34c28f22e8b96e1ab97ce403110664 -> 
  custom:audio-decoder-ogg-vorbis: bf7c407c2cedff20999df2af8eb42d56 -> 
  custom:audio-encoder-webm-vorbis: bf7c407c2cedff20999df2af8eb42d56 -> 
========================================================================
Received Prepare
Caller must complete domain reload
Begin MonoManager ReloadAssembly
- Loaded All Assemblies, in  0.370 seconds
Native extension for WindowsStandalone target not found
Mono: successfully reloaded assembly
- Finished resetting the current domain, in  1.184 seconds
Domain Reload Profiling: 1549ms
	BeginReloadAssembly (125ms)
		ExecutionOrderSort (0ms)
		DisableScriptedObjects (7ms)
		BackupInstance (0ms)
		ReleaseScriptingObjects (0ms)
		CreateAndSetChildDomain (29ms)
	RebuildCommonClasses (21ms)
	RebuildNativeTypeToScriptingClass (8ms)
	initialDomainReloadingComplete (24ms)
	LoadAllAssembliesAndSetupDomain (186ms)
		LoadAssemblies (230ms)
		RebuildTransferFunctionScriptingTraits (0ms)
		AnalyzeDomain (16ms)
			TypeCache.Refresh (5ms)
				TypeCache.ScanAssembly (0ms)
			ScanForSourceGeneratedMonoScriptInfo (0ms)
			ResolveRequiredComponents (10ms)
	FinalizeReload (1184ms)
		ReleaseScriptCaches (0ms)
		RebuildScriptCaches (0ms)
		SetupLoadedEditorAssemblies (446ms)
			LogAssemblyErrors (0ms)
			InitializePlatformSupportModulesInManaged (5ms)
			SetLoadedEditorAssemblies (2ms)
			RefreshPlugins (0ms)
			BeforeProcessingInitializeOnLoad (71ms)
			ProcessInitializeOnLoadAttributes (292ms)
			ProcessInitializeOnLoadMethodAttributes (64ms)
			AfterProcessingInitializeOnLoad (10ms)
			EditorAssembliesLoaded (0ms)
		ExecutionOrderSort2 (0ms)
		AwakeInstancesAfterBackupRestoration (15ms)
Refreshing native plugins compatible for Editor in 8.02 ms, found 4 plugins.
Preloading 0 native plugins for Editor in 0.00 ms.
Unloading 6130 Unused Serialized files (Serialized files now loaded: 0)
Unloading 72 unused Assets / (3.8 MB). Loaded Objects now: 7039.
Memory consumption went from 215.3 MB to 211.5 MB.
Total: 10.500900 ms (FindLiveObjects: 2.883100 ms CreateObjectMapping: 0.430700 ms MarkObjects: 4.940000 ms  DeleteObjects: 2.246100 ms)

Prepare: number of updated asset objects reloaded= 0
AssetImportParameters requested are different than current active one (requested -> active):
  custom:container-demuxer-ogg: 62fdf1f143b41e24485cea50d1cbac27 -> 
  custom:video-decoder-ogg-theora: a1e56fd34408186e4bbccfd4996cb3dc -> 
  custom:framework-win-MediaFoundation: 216162199b28c13a410421893ffa2e32 -> 
  custom:CustomObjectIndexerAttribute: 72b91833f83ae208fae7752999fa3104 -> 
  custom:container-demuxer-webm: 4f35f7cbe854078d1ac9338744f61a02 -> 
  custom:container-muxer-webm: aa71ff27fc2769a1b78a27578f13a17b -> 
  custom:video-decoder-webm-vp8: 9c59270c3fd7afecdb556c50c9e8de78 -> 
  custom:SearchIndexIgnoredProperties: e643bd26f0fe6173181afceb89e7c659 -> 
  custom:AudioImporter_EditorPlatform: d09bf68614088b80899f8185d706f6e7 -> 
  custom:scripting/monoscript/fileName/StartButtonPress.cs: 171652a4042feb5894da6f28cd16f8b1 -> 
  custom:video-encoder-webm-vp8: eb34c28f22e8b96e1ab97ce403110664 -> 
  custom:audio-decoder-ogg-vorbis: bf7c407c2cedff20999df2af8eb42d56 -> 
  custom:audio-encoder-webm-vorbis: bf7c407c2cedff20999df2af8eb42d56 -> 
========================================================================
Received Prepare
Caller must complete domain reload
Begin MonoManager ReloadAssembly
- Loaded All Assemblies, in  0.371 seconds
Native extension for WindowsStandalone target not found
Mono: successfully reloaded assembly
- Finished resetting the current domain, in  1.132 seconds
Domain Reload Profiling: 1498ms
	BeginReloadAssembly (125ms)
		ExecutionOrderSort (0ms)
		DisableScriptedObjects (7ms)
		BackupInstance (0ms)
		ReleaseScriptingObjects (0ms)
		CreateAndSetChildDomain (29ms)
	RebuildCommonClasses (23ms)
	RebuildNativeTypeToScriptingClass (7ms)
	initialDomainReloadingComplete (24ms)
	LoadAllAssembliesAndSetupDomain (186ms)
		LoadAssemblies (231ms)
		RebuildTransferFunctionScriptingTraits (0ms)
		AnalyzeDomain (15ms)
			TypeCache.Refresh (4ms)
				TypeCache.ScanAssembly (0ms)
			ScanForSourceGeneratedMonoScriptInfo (0ms)
			ResolveRequiredComponents (9ms)
	FinalizeReload (1133ms)
		ReleaseScriptCaches (0ms)
		RebuildScriptCaches (0ms)
		SetupLoadedEditorAssemblies (406ms)
			LogAssemblyErrors (0ms)
			InitializePlatformSupportModulesInManaged (6ms)
			SetLoadedEditorAssemblies (3ms)
			RefreshPlugins (0ms)
			BeforeProcessingInitializeOnLoad (71ms)
			ProcessInitializeOnLoadAttributes (251ms)
			ProcessInitializeOnLoadMethodAttributes (64ms)
			AfterProcessingInitializeOnLoad (10ms)
			EditorAssembliesLoaded (0ms)
		ExecutionOrderSort2 (0ms)
		AwakeInstancesAfterBackupRestoration (14ms)
Refreshing native plugins compatible for Editor in 7.47 ms, found 4 plugins.
Preloading 0 native plugins for Editor in 0.00 ms.
Unloading 6130 Unused Serialized files (Serialized files now loaded: 0)
Unloading 72 unused Assets / (3.7 MB). Loaded Objects now: 7056.
Memory consumption went from 215.2 MB to 211.5 MB.
Total: 10.013200 ms (FindLiveObjects: 2.258000 ms CreateObjectMapping: 0.409900 ms MarkObjects: 4.608400 ms  DeleteObjects: 2.735600 ms)

Prepare: number of updated asset objects reloaded= 0
AssetImportParameters requested are different than current active one (requested -> active):
  custom:container-demuxer-ogg: 62fdf1f143b41e24485cea50d1cbac27 -> 
  custom:video-decoder-ogg-theora: a1e56fd34408186e4bbccfd4996cb3dc -> 
  custom:framework-win-MediaFoundation: 216162199b28c13a410421893ffa2e32 -> 
  custom:CustomObjectIndexerAttribute: 72b91833f83ae208fae7752999fa3104 -> 
  custom:container-demuxer-webm: 4f35f7cbe854078d1ac9338744f61a02 -> 
  custom:container-muxer-webm: aa71ff27fc2769a1b78a27578f13a17b -> 
  custom:video-decoder-webm-vp8: 9c59270c3fd7afecdb556c50c9e8de78 -> 
  custom:SearchIndexIgnoredProperties: e643bd26f0fe6173181afceb89e7c659 -> 
  custom:AudioImporter_EditorPlatform: d09bf68614088b80899f8185d706f6e7 -> 
  custom:scripting/monoscript/fileName/StartButtonPress.cs: 171652a4042feb5894da6f28cd16f8b1 -> 
  custom:video-encoder-webm-vp8: eb34c28f22e8b96e1ab97ce403110664 -> 
  custom:audio-decoder-ogg-vorbis: bf7c407c2cedff20999df2af8eb42d56 -> 
  custom:audio-encoder-webm-vorbis: bf7c407c2cedff20999df2af8eb42d56 -> 
========================================================================
Received Prepare
Caller must complete domain reload
Begin MonoManager ReloadAssembly
- Loaded All Assemblies, in  0.378 seconds
Native extension for WindowsStandalone target not found
Mono: successfully reloaded assembly
- Finished resetting the current domain, in  1.195 seconds
Domain Reload Profiling: 1568ms
	BeginReloadAssembly (131ms)
		ExecutionOrderSort (0ms)
		DisableScriptedObjects (7ms)
		BackupInstance (0ms)
		ReleaseScriptingObjects (0ms)
		CreateAndSetChildDomain (35ms)
	RebuildCommonClasses (23ms)
	RebuildNativeTypeToScriptingClass (8ms)
	initialDomainReloadingComplete (25ms)
	LoadAllAssembliesAndSetupDomain (186ms)
		LoadAssemblies (230ms)
		RebuildTransferFunctionScriptingTraits (0ms)
		AnalyzeDomain (14ms)
			TypeCache.Refresh (4ms)
				TypeCache.ScanAssembly (0ms)
			ScanForSourceGeneratedMonoScriptInfo (0ms)
			ResolveRequiredComponents (9ms)
	FinalizeReload (1196ms)
		ReleaseScriptCaches (0ms)
		RebuildScriptCaches (0ms)
		SetupLoadedEditorAssemblies (459ms)
			LogAssemblyErrors (0ms)
			InitializePlatformSupportModulesInManaged (5ms)
			SetLoadedEditorAssemblies (3ms)
			RefreshPlugins (0ms)
			BeforeProcessingInitializeOnLoad (81ms)
			ProcessInitializeOnLoadAttributes (298ms)
			ProcessInitializeOnLoadMethodAttributes (62ms)
			AfterProcessingInitializeOnLoad (9ms)
			EditorAssembliesLoaded (0ms)
		ExecutionOrderSort2 (0ms)
		AwakeInstancesAfterBackupRestoration (14ms)
Refreshing native plugins compatible for Editor in 7.83 ms, found 4 plugins.
Preloading 0 native plugins for Editor in 0.00 ms.
Unloading 6130 Unused Serialized files (Serialized files now loaded: 0)
Unloading 72 unused Assets / (3.8 MB). Loaded Objects now: 7073.
Memory consumption went from 215.3 MB to 211.5 MB.
Total: 11.445300 ms (FindLiveObjects: 1.262900 ms CreateObjectMapping: 0.801600 ms MarkObjects: 6.963800 ms  DeleteObjects: 2.415900 ms)

Prepare: number of updated asset objects reloaded= 0
AssetImportParameters requested are different than current active one (requested -> active):
  custom:container-demuxer-ogg: 62fdf1f143b41e24485cea50d1cbac27 -> 
  custom:video-decoder-ogg-theora: a1e56fd34408186e4bbccfd4996cb3dc -> 
  custom:framework-win-MediaFoundation: 216162199b28c13a410421893ffa2e32 -> 
  custom:CustomObjectIndexerAttribute: 72b91833f83ae208fae7752999fa3104 -> 
  custom:container-demuxer-webm: 4f35f7cbe854078d1ac9338744f61a02 -> 
  custom:container-muxer-webm: aa71ff27fc2769a1b78a27578f13a17b -> 
  custom:video-decoder-webm-vp8: 9c59270c3fd7afecdb556c50c9e8de78 -> 
  custom:SearchIndexIgnoredProperties: e643bd26f0fe6173181afceb89e7c659 -> 
  custom:AudioImporter_EditorPlatform: d09bf68614088b80899f8185d706f6e7 -> 
  custom:scripting/monoscript/fileName/StartButtonPress.cs: 171652a4042feb5894da6f28cd16f8b1 -> 
  custom:video-encoder-webm-vp8: eb34c28f22e8b96e1ab97ce403110664 -> 
  custom:audio-decoder-ogg-vorbis: bf7c407c2cedff20999df2af8eb42d56 -> 
  custom:audio-encoder-webm-vorbis: bf7c407c2cedff20999df2af8eb42d56 -> 
========================================================================
Received Import Request.
  Time since last request: 1102.988309 seconds.
  path: Assets/Scenes/Game.unity
  artifactKey: Guid(a1782549a3947764b818d5f538fa8c9c) Importer(815301076,1909f56bfc062723c751e8b465ee728b)
Start importing Assets/Scenes/Game.unity using Guid(a1782549a3947764b818d5f538fa8c9c) Importer(815301076,1909f56bfc062723c751e8b465ee728b) [PhysX] Initialized MultithreadedTaskDispatcher with 12 workers.
 -> (artifact id: 'f95b39a34c80280d7511b270a14e8345') in 0.002885 seconds
Number of updated asset objects reloaded before import = 0
Number of asset objects unloaded after import = 0
========================================================================
Received Import Request.
  Time since last request: 0.614761 seconds.
  path: Assets/Scenes/Menu.unity
  artifactKey: Guid(4d7802bb5d6158b4ca2fe71be8b56209) Importer(815301076,1909f56bfc062723c751e8b465ee728b)
Start importing Assets/Scenes/Menu.unity using Guid(4d7802bb5d6158b4ca2fe71be8b56209) Importer(815301076,1909f56bfc062723c751e8b465ee728b) [PhysX] Initialized MultithreadedTaskDispatcher with 12 workers.
 -> (artifact id: 'a00f0cd38144b6b44d72da68daf04d47') in 0.000676 seconds
Number of updated asset objects reloaded before import = 0
Number of asset objects unloaded after import = 0
========================================================================
Received Import Request.
  Time since last request: 59.472446 seconds.
  path: Assets/UI Assets+Sprites/02c Final Animation.mp4
  artifactKey: Guid(057231a30441f0c4a890f7d4907ba45d) Importer(815301076,1909f56bfc062723c751e8b465ee728b)
Start importing Assets/UI Assets+Sprites/02c Final Animation.mp4 using Guid(057231a30441f0c4a890f7d4907ba45d) Importer(815301076,1909f56bfc062723c751e8b465ee728b) [PhysX] Initialized MultithreadedTaskDispatcher with 12 workers.
 -> (artifact id: '147e519cc37921991092095e6b1b4ee9') in 0.008759 seconds
Number of updated asset objects reloaded before import = 0
Number of asset objects unloaded after import = 1
========================================================================
Received Prepare
Caller must complete domain reload
Begin MonoManager ReloadAssembly
- Loaded All Assemblies, in  0.386 seconds
Native extension for WindowsStandalone target not found
Mono: successfully reloaded assembly
- Finished resetting the current domain, in  1.117 seconds
Domain Reload Profiling: 1498ms
	BeginReloadAssembly (133ms)
		ExecutionOrderSort (0ms)
		DisableScriptedObjects (9ms)
		BackupInstance (0ms)
		ReleaseScriptingObjects (0ms)
		CreateAndSetChildDomain (35ms)
	RebuildCommonClasses (25ms)
	RebuildNativeTypeToScriptingClass (8ms)
	initialDomainReloadingComplete (26ms)
	LoadAllAssembliesAndSetupDomain (189ms)
		LoadAssemblies (233ms)
		RebuildTransferFunctionScriptingTraits (0ms)
		AnalyzeDomain (14ms)
			TypeCache.Refresh (5ms)
				TypeCache.ScanAssembly (0ms)
			ScanForSourceGeneratedMonoScriptInfo (0ms)
			ResolveRequiredComponents (8ms)
	FinalizeReload (1118ms)
		ReleaseScriptCaches (0ms)
		RebuildScriptCaches (0ms)
		SetupLoadedEditorAssemblies (395ms)
			LogAssemblyErrors (0ms)
			InitializePlatformSupportModulesInManaged (6ms)
			SetLoadedEditorAssemblies (2ms)
			RefreshPlugins (0ms)
			BeforeProcessingInitializeOnLoad (75ms)
			ProcessInitializeOnLoadAttributes (247ms)
			ProcessInitializeOnLoadMethodAttributes (57ms)
			AfterProcessingInitializeOnLoad (8ms)
			EditorAssembliesLoaded (0ms)
		ExecutionOrderSort2 (0ms)
		AwakeInstancesAfterBackupRestoration (12ms)
Refreshing native plugins compatible for Editor in 22.59 ms, found 4 plugins.
Preloading 0 native plugins for Editor in 0.00 ms.
Unloading 6130 Unused Serialized files (Serialized files now loaded: 0)
Unloading 72 unused Assets / (3.8 MB). Loaded Objects now: 7090.
Memory consumption went from 215.4 MB to 211.5 MB.
Total: 5.425200 ms (FindLiveObjects: 0.449600 ms CreateObjectMapping: 0.112800 ms MarkObjects: 2.747900 ms  DeleteObjects: 2.114200 ms)

Prepare: number of updated asset objects reloaded= 0
AssetImportParameters requested are different than current active one (requested -> active):
  custom:container-demuxer-ogg: 62fdf1f143b41e24485cea50d1cbac27 -> 
  custom:video-decoder-ogg-theora: a1e56fd34408186e4bbccfd4996cb3dc -> 
  custom:framework-win-MediaFoundation: 216162199b28c13a410421893ffa2e32 -> 
  custom:CustomObjectIndexerAttribute: 72b91833f83ae208fae7752999fa3104 -> 
  custom:container-demuxer-webm: 4f35f7cbe854078d1ac9338744f61a02 -> 
  custom:container-muxer-webm: aa71ff27fc2769a1b78a27578f13a17b -> 
  custom:video-decoder-webm-vp8: 9c59270c3fd7afecdb556c50c9e8de78 -> 
  custom:SearchIndexIgnoredProperties: e643bd26f0fe6173181afceb89e7c659 -> 
  custom:AudioImporter_EditorPlatform: d09bf68614088b80899f8185d706f6e7 -> 
  custom:scripting/monoscript/fileName/StartButtonPress.cs: 171652a4042feb5894da6f28cd16f8b1 -> 
  custom:video-encoder-webm-vp8: eb34c28f22e8b96e1ab97ce403110664 -> 
  custom:audio-decoder-ogg-vorbis: bf7c407c2cedff20999df2af8eb42d56 -> 
  custom:audio-encoder-webm-vorbis: bf7c407c2cedff20999df2af8eb42d56 -> 
========================================================================
Received Prepare
Caller must complete domain reload
Begin MonoManager ReloadAssembly
- Loaded All Assemblies, in  0.376 seconds
Native extension for WindowsStandalone target not found
Mono: successfully reloaded assembly
- Finished resetting the current domain, in  1.169 seconds
Domain Reload Profiling: 1541ms
	BeginReloadAssembly (126ms)
		ExecutionOrderSort (0ms)
		DisableScriptedObjects (7ms)
		BackupInstance (0ms)
		ReleaseScriptingObjects (0ms)
		CreateAndSetChildDomain (31ms)
	RebuildCommonClasses (23ms)
	RebuildNativeTypeToScriptingClass (9ms)
	initialDomainReloadingComplete (25ms)
	LoadAllAssembliesAndSetupDomain (189ms)
		LoadAssemblies (231ms)
		RebuildTransferFunctionScriptingTraits (0ms)
		AnalyzeDomain (17ms)
			TypeCache.Refresh (4ms)
				TypeCache.ScanAssembly (0ms)
			ScanForSourceGeneratedMonoScriptInfo (0ms)
			ResolveRequiredComponents (10ms)
	FinalizeReload (1170ms)
		ReleaseScriptCaches (0ms)
		RebuildScriptCaches (0ms)
		SetupLoadedEditorAssemblies (421ms)
			LogAssemblyErrors (0ms)
			InitializePlatformSupportModulesInManaged (7ms)
			SetLoadedEditorAssemblies (3ms)
			RefreshPlugins (0ms)
			BeforeProcessingInitializeOnLoad (79ms)
			ProcessInitializeOnLoadAttributes (266ms)
			ProcessInitializeOnLoadMethodAttributes (57ms)
			AfterProcessingInitializeOnLoad (9ms)
			EditorAssembliesLoaded (0ms)
		ExecutionOrderSort2 (0ms)
		AwakeInstancesAfterBackupRestoration (13ms)
Refreshing native plugins compatible for Editor in 16.67 ms, found 4 plugins.
Preloading 0 native plugins for Editor in 0.00 ms.
Unloading 6130 Unused Serialized files (Serialized files now loaded: 0)
Unloading 72 unused Assets / (3.8 MB). Loaded Objects now: 7107.
Memory consumption went from 215.4 MB to 211.5 MB.
Total: 15.034700 ms (FindLiveObjects: 4.747700 ms CreateObjectMapping: 0.539200 ms MarkObjects: 4.274600 ms  DeleteObjects: 5.472100 ms)

Prepare: number of updated asset objects reloaded= 0
AssetImportParameters requested are different than current active one (requested -> active):
  custom:container-demuxer-ogg: 62fdf1f143b41e24485cea50d1cbac27 -> 
  custom:video-decoder-ogg-theora: a1e56fd34408186e4bbccfd4996cb3dc -> 
  custom:framework-win-MediaFoundation: 216162199b28c13a410421893ffa2e32 -> 
  custom:CustomObjectIndexerAttribute: 72b91833f83ae208fae7752999fa3104 -> 
  custom:container-demuxer-webm: 4f35f7cbe854078d1ac9338744f61a02 -> 
  custom:container-muxer-webm: aa71ff27fc2769a1b78a27578f13a17b -> 
  custom:video-decoder-webm-vp8: 9c59270c3fd7afecdb556c50c9e8de78 -> 
  custom:SearchIndexIgnoredProperties: e643bd26f0fe6173181afceb89e7c659 -> 
  custom:AudioImporter_EditorPlatform: d09bf68614088b80899f8185d706f6e7 -> 
  custom:scripting/monoscript/fileName/StartButtonPress.cs: 171652a4042feb5894da6f28cd16f8b1 -> 
  custom:video-encoder-webm-vp8: eb34c28f22e8b96e1ab97ce403110664 -> 
  custom:audio-decoder-ogg-vorbis: bf7c407c2cedff20999df2af8eb42d56 -> 
  custom:audio-encoder-webm-vorbis: bf7c407c2cedff20999df2af8eb42d56 -> 
========================================================================
Received Prepare
Caller must complete domain reload
Begin MonoManager ReloadAssembly
- Loaded All Assemblies, in  0.378 seconds
Native extension for WindowsStandalone target not found
Mono: successfully reloaded assembly
- Finished resetting the current domain, in  1.328 seconds
Domain Reload Profiling: 1702ms
	BeginReloadAssembly (123ms)
		ExecutionOrderSort (0ms)
		DisableScriptedObjects (6ms)
		BackupInstance (0ms)
		ReleaseScriptingObjects (0ms)
		CreateAndSetChildDomain (31ms)
	RebuildCommonClasses (23ms)
	RebuildNativeTypeToScriptingClass (9ms)
	initialDomainReloadingComplete (25ms)
	LoadAllAssembliesAndSetupDomain (192ms)
		LoadAssemblies (235ms)
		RebuildTransferFunctionScriptingTraits (0ms)
		AnalyzeDomain (14ms)
			TypeCache.Refresh (4ms)
				TypeCache.ScanAssembly (0ms)
			ScanForSourceGeneratedMonoScriptInfo (0ms)
			ResolveRequiredComponents (8ms)
	FinalizeReload (1329ms)
		ReleaseScriptCaches (0ms)
		RebuildScriptCaches (0ms)
		SetupLoadedEditorAssemblies (425ms)
			LogAssemblyErrors (0ms)
			InitializePlatformSupportModulesInManaged (6ms)
			SetLoadedEditorAssemblies (3ms)
			RefreshPlugins (0ms)
			BeforeProcessingInitializeOnLoad (80ms)
			ProcessInitializeOnLoadAttributes (268ms)
			ProcessInitializeOnLoadMethodAttributes (59ms)
			AfterProcessingInitializeOnLoad (9ms)
			EditorAssembliesLoaded (0ms)
		ExecutionOrderSort2 (0ms)
		AwakeInstancesAfterBackupRestoration (13ms)
Refreshing native plugins compatible for Editor in 9.50 ms, found 4 plugins.
Preloading 0 native plugins for Editor in 0.00 ms.
Unloading 6130 Unused Serialized files (Serialized files now loaded: 0)
Unloading 72 unused Assets / (3.8 MB). Loaded Objects now: 7124.
Memory consumption went from 215.3 MB to 211.5 MB.
Total: 8.891500 ms (FindLiveObjects: 2.164500 ms CreateObjectMapping: 0.455200 ms MarkObjects: 3.538900 ms  DeleteObjects: 2.731900 ms)

Prepare: number of updated asset objects reloaded= 0
AssetImportParameters requested are different than current active one (requested -> active):
  custom:container-demuxer-ogg: 62fdf1f143b41e24485cea50d1cbac27 -> 
  custom:video-decoder-ogg-theora: a1e56fd34408186e4bbccfd4996cb3dc -> 
  custom:framework-win-MediaFoundation: 216162199b28c13a410421893ffa2e32 -> 
  custom:CustomObjectIndexerAttribute: 72b91833f83ae208fae7752999fa3104 -> 
  custom:container-demuxer-webm: 4f35f7cbe854078d1ac9338744f61a02 -> 
  custom:container-muxer-webm: aa71ff27fc2769a1b78a27578f13a17b -> 
  custom:video-decoder-webm-vp8: 9c59270c3fd7afecdb556c50c9e8de78 -> 
  custom:SearchIndexIgnoredProperties: e643bd26f0fe6173181afceb89e7c659 -> 
  custom:AudioImporter_EditorPlatform: d09bf68614088b80899f8185d706f6e7 -> 
  custom:scripting/monoscript/fileName/StartButtonPress.cs: 171652a4042feb5894da6f28cd16f8b1 -> 
  custom:video-encoder-webm-vp8: eb34c28f22e8b96e1ab97ce403110664 -> 
  custom:audio-decoder-ogg-vorbis: bf7c407c2cedff20999df2af8eb42d56 -> 
  custom:audio-encoder-webm-vorbis: bf7c407c2cedff20999df2af8eb42d56 -> 
========================================================================
Received Prepare
Caller must complete domain reload
Begin MonoManager ReloadAssembly
- Loaded All Assemblies, in  0.387 seconds
Native extension for WindowsStandalone target not found
Mono: successfully reloaded assembly
- Finished resetting the current domain, in  1.452 seconds
Domain Reload Profiling: 1834ms
	BeginReloadAssembly (131ms)
		ExecutionOrderSort (0ms)
		DisableScriptedObjects (7ms)
		BackupInstance (0ms)
		ReleaseScriptingObjects (0ms)
		CreateAndSetChildDomain (34ms)
	RebuildCommonClasses (23ms)
	RebuildNativeTypeToScriptingClass (8ms)
	initialDomainReloadingComplete (25ms)
	LoadAllAssembliesAndSetupDomain (195ms)
		LoadAssemblies (240ms)
		RebuildTransferFunctionScriptingTraits (0ms)
		AnalyzeDomain (15ms)
			TypeCache.Refresh (5ms)
				TypeCache.ScanAssembly (0ms)
			ScanForSourceGeneratedMonoScriptInfo (0ms)
			ResolveRequiredComponents (9ms)
	FinalizeReload (1452ms)
		ReleaseScriptCaches (0ms)
		RebuildScriptCaches (0ms)
		SetupLoadedEditorAssemblies (444ms)
			LogAssemblyErrors (0ms)
			InitializePlatformSupportModulesInManaged (6ms)
			SetLoadedEditorAssemblies (3ms)
			RefreshPlugins (0ms)
			BeforeProcessingInitializeOnLoad (82ms)
			ProcessInitializeOnLoadAttributes (278ms)
			ProcessInitializeOnLoadMethodAttributes (64ms)
			AfterProcessingInitializeOnLoad (11ms)
			EditorAssembliesLoaded (0ms)
		ExecutionOrderSort2 (0ms)
		AwakeInstancesAfterBackupRestoration (13ms)
Refreshing native plugins compatible for Editor in 11.02 ms, found 4 plugins.
Preloading 0 native plugins for Editor in 0.00 ms.
Unloading 6130 Unused Serialized files (Serialized files now loaded: 0)
Unloading 72 unused Assets / (3.8 MB). Loaded Objects now: 7141.
Memory consumption went from 215.3 MB to 211.6 MB.
Total: 8.782000 ms (FindLiveObjects: 1.136400 ms CreateObjectMapping: 0.222500 ms MarkObjects: 4.701700 ms  DeleteObjects: 2.720200 ms)

Prepare: number of updated asset objects reloaded= 0
AssetImportParameters requested are different than current active one (requested -> active):
  custom:container-demuxer-ogg: 62fdf1f143b41e24485cea50d1cbac27 -> 
  custom:video-decoder-ogg-theora: a1e56fd34408186e4bbccfd4996cb3dc -> 
  custom:framework-win-MediaFoundation: 216162199b28c13a410421893ffa2e32 -> 
  custom:CustomObjectIndexerAttribute: 72b91833f83ae208fae7752999fa3104 -> 
  custom:container-demuxer-webm: 4f35f7cbe854078d1ac9338744f61a02 -> 
  custom:container-muxer-webm: aa71ff27fc2769a1b78a27578f13a17b -> 
  custom:video-decoder-webm-vp8: 9c59270c3fd7afecdb556c50c9e8de78 -> 
  custom:SearchIndexIgnoredProperties: e643bd26f0fe6173181afceb89e7c659 -> 
  custom:AudioImporter_EditorPlatform: d09bf68614088b80899f8185d706f6e7 -> 
  custom:scripting/monoscript/fileName/StartButtonPress.cs: 171652a4042feb5894da6f28cd16f8b1 -> 
  custom:video-encoder-webm-vp8: eb34c28f22e8b96e1ab97ce403110664 -> 
  custom:audio-decoder-ogg-vorbis: bf7c407c2cedff20999df2af8eb42d56 -> 
  custom:audio-encoder-webm-vorbis: bf7c407c2cedff20999df2af8eb42d56 -> 
========================================================================
Received Prepare
Caller must complete domain reload
Begin MonoManager ReloadAssembly
- Loaded All Assemblies, in  0.374 seconds
Native extension for WindowsStandalone target not found
Mono: successfully reloaded assembly
- Finished resetting the current domain, in  1.226 seconds
Domain Reload Profiling: 1595ms
	BeginReloadAssembly (125ms)
		ExecutionOrderSort (0ms)
		DisableScriptedObjects (6ms)
		BackupInstance (0ms)
		ReleaseScriptingObjects (0ms)
		CreateAndSetChildDomain (32ms)
	RebuildCommonClasses (24ms)
	RebuildNativeTypeToScriptingClass (8ms)
	initialDomainReloadingComplete (26ms)
	LoadAllAssembliesAndSetupDomain (187ms)
		LoadAssemblies (228ms)
		RebuildTransferFunctionScriptingTraits (0ms)
		AnalyzeDomain (16ms)
			TypeCache.Refresh (5ms)
				TypeCache.ScanAssembly (0ms)
			ScanForSourceGeneratedMonoScriptInfo (0ms)
			ResolveRequiredComponents (9ms)
	FinalizeReload (1226ms)
		ReleaseScriptCaches (0ms)
		RebuildScriptCaches (0ms)
		SetupLoadedEditorAssemblies (443ms)
			LogAssemblyErrors (0ms)
			InitializePlatformSupportModulesInManaged (6ms)
			SetLoadedEditorAssemblies (3ms)
			RefreshPlugins (0ms)
			BeforeProcessingInitializeOnLoad (83ms)
			ProcessInitializeOnLoadAttributes (279ms)
			ProcessInitializeOnLoadMethodAttributes (61ms)
			AfterProcessingInitializeOnLoad (10ms)
			EditorAssembliesLoaded (0ms)
		ExecutionOrderSort2 (0ms)
		AwakeInstancesAfterBackupRestoration (14ms)
Refreshing native plugins compatible for Editor in 7.10 ms, found 4 plugins.
Preloading 0 native plugins for Editor in 0.00 ms.
Unloading 6130 Unused Serialized files (Serialized files now loaded: 0)
Unloading 72 unused Assets / (3.8 MB). Loaded Objects now: 7158.
Memory consumption went from 215.4 MB to 211.5 MB.
Total: 18.640400 ms (FindLiveObjects: 5.293600 ms CreateObjectMapping: 0.780900 ms MarkObjects: 10.099400 ms  DeleteObjects: 2.465200 ms)

Prepare: number of updated asset objects reloaded= 0
AssetImportParameters requested are different than current active one (requested -> active):
  custom:container-demuxer-ogg: 62fdf1f143b41e24485cea50d1cbac27 -> 
  custom:video-decoder-ogg-theora: a1e56fd34408186e4bbccfd4996cb3dc -> 
  custom:framework-win-MediaFoundation: 216162199b28c13a410421893ffa2e32 -> 
  custom:CustomObjectIndexerAttribute: 72b91833f83ae208fae7752999fa3104 -> 
  custom:container-demuxer-webm: 4f35f7cbe854078d1ac9338744f61a02 -> 
  custom:container-muxer-webm: aa71ff27fc2769a1b78a27578f13a17b -> 
  custom:video-decoder-webm-vp8: 9c59270c3fd7afecdb556c50c9e8de78 -> 
  custom:SearchIndexIgnoredProperties: e643bd26f0fe6173181afceb89e7c659 -> 
  custom:AudioImporter_EditorPlatform: d09bf68614088b80899f8185d706f6e7 -> 
  custom:scripting/monoscript/fileName/StartButtonPress.cs: 171652a4042feb5894da6f28cd16f8b1 -> 
  custom:video-encoder-webm-vp8: eb34c28f22e8b96e1ab97ce403110664 -> 
  custom:audio-decoder-ogg-vorbis: bf7c407c2cedff20999df2af8eb42d56 -> 
  custom:audio-encoder-webm-vorbis: bf7c407c2cedff20999df2af8eb42d56 -> 
========================================================================
Received Import Request.
  Time since last request: 182.227878 seconds.
  path: Assets/Tutorials/EditColors/WT-Change-Color.mov
  artifactKey: Guid(fbc1259bdf8db429a911dc146b3bd2d5) Importer(815301076,1909f56bfc062723c751e8b465ee728b)
Start importing Assets/Tutorials/EditColors/WT-Change-Color.mov using Guid(fbc1259bdf8db429a911dc146b3bd2d5) Importer(815301076,1909f56bfc062723c751e8b465ee728b) [PhysX] Initialized MultithreadedTaskDispatcher with 12 workers.
 -> (artifact id: 'c390a31d4716f0ab1c6718400d76609c') in 0.021214 seconds
Number of updated asset objects reloaded before import = 0
Number of asset objects unloaded after import = 1
========================================================================
Received Import Request.
  Time since last request: 0.028127 seconds.
  path: Assets/Tutorials/AddAnEnemy/WT-Drag-Prefab.mov
  artifactKey: Guid(6f0ce9b5d31f44b9cbb3501409e8913f) Importer(815301076,1909f56bfc062723c751e8b465ee728b)
Start importing Assets/Tutorials/AddAnEnemy/WT-Drag-Prefab.mov using Guid(6f0ce9b5d31f44b9cbb3501409e8913f) Importer(815301076,1909f56bfc062723c751e8b465ee728b) [PhysX] Initialized MultithreadedTaskDispatcher with 12 workers.
 -> (artifact id: 'daf5fc0470efe2a08468e5bd282b7bbd') in 0.001104 seconds
Number of updated asset objects reloaded before import = 0
Number of asset objects unloaded after import = 1
========================================================================
Received Import Request.
  Time since last request: 0.000013 seconds.
  path: Assets/Tutorials/EditorControls/WT-Orbit-Hand-Tool.mov
  artifactKey: Guid(01ce4eaa9face4b46b9bdb9399032dcb) Importer(815301076,1909f56bfc062723c751e8b465ee728b)
Start importing Assets/Tutorials/EditorControls/WT-Orbit-Hand-Tool.mov using Guid(01ce4eaa9face4b46b9bdb9399032dcb) Importer(815301076,1909f56bfc062723c751e8b465ee728b) [PhysX] Initialized MultithreadedTaskDispatcher with 12 workers.
 -> (artifact id: 'fceaefd1ce7bdde94707742597346997') in 0.001021 seconds
Number of updated asset objects reloaded before import = 0
Number of asset objects unloaded after import = 1
Editor requested this worker to shutdown with reason: Scaling down because of idle timeout
TcpMessagingSession - receive error: operation aborted. errorcode: 995, details: The I/O operation has been aborted because of either a thread exit or an application request.
AssetImportWorker is now disconnected from the server
Process exiting
Exiting without the bug reporter. Application will terminate with return code 0